id,model_data_id,covidence_id,pathogen,model_type,compartmental_type,stoch_deter,theoretical_model,interventions_type,code_available,transmission_route,assumptions,ebola_variant
4c9b2434ef6c14e1b4a3aa6e5cb37d01,8d97477b99342be46783a5f5eb353b99,30,Ebola virus,Compartmental,SEIR,Deterministic,FALSE,Unspecified,FALSE,Human to human (direct non-sexual contact),Heterogenity in transmission rates - over time;Homogeneous mixing,Unspecified
1b332278c60304ad4d7abbcdac11f926,ad73215ab02a74f2176768e5d7893e37,45,Ebola virus,Branching process,NA,Stochastic,FALSE,Other;Quarantine,TRUE,Human to human (direct non-sexual contact),Heterogenity in transmission rates - between groups,Unspecified
caf3b2db45e6c1d639ea8eb6d18a8e02,b5ad59a1c0fea243c10499e09ec7e79d,65,Ebola virus,Compartmental,Other compartmental,NA,FALSE,Hospitals;Safe burials,FALSE,Human to human (direct non-sexual contact),NA,Unspecified
4e123bc06c5817e9e6169c3b4cbbbe33,9be1b9e1c97ffa8bad87768208dd8318,159,Ebola virus,Compartmental,SIR,Deterministic,FALSE,Unspecified,FALSE,Unspecified,Unspecified,Unspecified
59106f78738c3b294b8d22fd5804621b,1ab9855708a51a4518288f8ff2347ea8,206,Ebola virus,Compartmental,Other compartmental,Deterministic,FALSE,Quarantine;Treatment,FALSE,Unspecified,Homogeneous mixing;Latent period is same as incubation period;Heterogenity in transmission rates - over time,Unspecified
d17eb9a8bc65d1f2322f2dfea42ee57e,7574aa08b100840141c9c1e24b52bf6a,291,Ebola virus,Compartmental,Other compartmental,Stochastic,FALSE,Quarantine;Safe burials;Treatment,FALSE,Human to human (direct non-sexual contact),Heterogenity in transmission rates - over time,Unspecified
d17eb9a8bc65d1f2322f2dfea42ee57e,2f139210b9668d81e52f14ae94fc1d43,291,Ebola virus,Compartmental,Other compartmental,Deterministic,FALSE,Quarantine;Safe burials;Treatment,FALSE,Human to human (direct non-sexual contact),Heterogenity in transmission rates - over time,Unspecified
d17eb9a8bc65d1f2322f2dfea42ee57e,9cbd8f2e9d832345d1e3d18e1dcb6213,291,Ebola virus,Compartmental,SEIR,Deterministic,FALSE,Quarantine;Safe burials;Treatment,FALSE,Human to human (direct non-sexual contact),Unspecified,Unspecified
688cb778519fb7241f3bc02c2396107e,cbf9366c80f2c2073a41f07926361d22,315,Ebola virus,Compartmental,Other compartmental,Stochastic,FALSE,Behaviour changes,FALSE,Human to human (direct non-sexual contact);Sexual,NA,Unspecified
4acac0c10a2d67a99eb40807723c5e3c,11dcbf82a43bbf0fed40b5fd5e73bb25,404,Ebola virus,Compartmental,SIR,NA,FALSE,Treatment,FALSE,Human to human (direct non-sexual contact),NA,Unspecified
0726d51f702b89fb50f28c1f91cbaa50,9c32ea2065e24247b7e42a8fc800da8f,411,Ebola virus,Other,Not compartmental,NA,TRUE,NA,FALSE,NA,NA,Unspecified
b79099504311036e5693e2cec75d4bc7,d62be668883290051d9e7601f095536a,454,Ebola virus,Agent / Individual based,SEIR,Stochastic,TRUE,Behaviour changes;Hospitals;Other;Quarantine;Safe burials,FALSE,Unspecified,Unspecified,Unspecified
c803059d2e7856e5732c48f36cb54e87,2c371290b0851675d1099b6851c25208,507,Ebola virus,Compartmental,Other compartmental,Stochastic,FALSE,Hospitals;Behaviour changes;Safe burials,FALSE,Unspecified,Heterogenity in transmission rates - between groups;Latent period is same as incubation period,Unspecified
d421c39d0ec02e6fe958f5142df20768,e352b99891b1c0dff9a93492161c7ff2,525,Ebola virus,Agent / Individual based,SEIR,Stochastic,FALSE,NA,FALSE,Unspecified,Heterogenity in transmission rates - between groups;Latent period is same as incubation period;Heterogenity in transmission rates - over time,Unspecified
cad654e2f1debe895fa1b670481c5900,84e3bc0c70e9c39ff4f02702740155f2,547,Ebola virus,Other,Not compartmental,NA,FALSE,NA,FALSE,NA,NA,Unspecified
1855e17a59c3d2de6efb911653fe76c8,4b03295bfcf5d5114c0bea53048c3f98,590,Ebola virus,Other,NA,NA,FALSE,NA,FALSE,Human to human (direct non-sexual contact),NA,NA
5a531825dd5175a3a1177e78e887b31c,3c1bc80347dde04e8ecc0d40248b7e93,676,Ebola virus,Compartmental,Other compartmental,NA,FALSE,Safe burial; Unspecified,FALSE,Human to human (direct non-sexual contact),Homogeneous mixing,Unspecified
899043b803e2d19884f37c260f711523,dd02ead9097bec1fe73c69536b6559f2,700,Ebola virus,Compartmental,SIR,NA,FALSE,Hospitals,FALSE,Human to human (direct non-sexual contact),NA,Unspecified
dfcf00712a3eac68a18e5dfb5e33af54,55b21d46a1020a0e715751582f52dd1d,701,Ebola virus,Compartmental,SEIR,Stochastic,FALSE,Contact tracing,FALSE,Human to human (direct non-sexual contact),Unspecified,Zaire Ebola virus (EBOV)
c34e7dbdccc39b1917b935f3dcdf4532,19320b9658f83094f7cf42bff9ddf65e,754,Ebola virus,Compartmental,SIS,Deterministic,FALSE,NA,FALSE,Human to human (direct non-sexual contact),NA,Unspecified
85347e3392f7009c0bfe04f74677f9d3,1bdc14b3a091762c7b28bd5c3bafb5df,757,Ebola virus,Compartmental,Other compartmental,NA,TRUE,Hospitals;Safe burials,FALSE,NA,NA,Unspecified
8a8d54139e46a2dd26a030deec3939db,a89df2a6da78eb447083900511fa0640,865,Ebola virus,Compartmental,Other compartmental,Deterministic,FALSE,Unspecified,TRUE,Unspecified,Unspecified,Unspecified
b3672a6d2da98d7e391d7123ad4c3a24,0e0d3e48fbf3a363e2d9068e513f014d,885,Ebola virus,Agent / Individual based,SEIR,Stochastic,FALSE,Other;Safe burials,FALSE,Unspecified,Heterogenity in transmission rates - over time;Latent period is same as incubation period,Unspecified
d393d43261005c71289e225cfdebc5aa,86b90dfac14990505cb66cb8480265b5,886,Ebola virus,Agent / Individual based;Compartmental,Other compartmental,Stochastic,FALSE,Safe burials,FALSE,Human to human (direct non-sexual contact),Heterogenity in transmission rates - between groups,Zaire Ebola virus (EBOV)
6db74b70b15035b9a0c6e56e96e72110,7dc71e3a5efe005f43794aeeb146c255,944,Ebola virus,Compartmental,Other compartmental,NA,FALSE,Other;Quarantine;Safe burials;Vaccination,FALSE,Human to human (direct non-sexual contact),Heterogenity in transmission rates - between groups;Heterogenity in transmission rates - over time,Unspecified
0083a10d237b99e6328eb6ca86bbabb1,aa458ce8dedce3e3d2f2a02a62e5802d,977,Ebola virus,Other,Other compartmental,Stochastic,FALSE,Unspecified,FALSE,Human to human (direct non-sexual contact),Heterogenity in transmission rates - over time,Unspecified
a28b61400667de2a4c66c92e3a0e6fa6,9f406561fac8972ce15ee60fc0e54f43,1015,Ebola virus,Branching process,Not compartmental,NA,FALSE,NA,FALSE,Human to human (direct non-sexual contact),NA,Unspecified
2183b738c5602d2240f4247ea3da8051,6a05f440181fcb37a012f7148eaab6bf,1068,Ebola virus,Compartmental,Other compartmental,Stochastic,TRUE,Contact tracing,FALSE,Human to human (direct non-sexual contact),Heterogenity in transmission rates - between groups,Unspecified
f6ea1776163e2b39cd3f264831086db7,7fe548c451e39525215957281ccf4f12,1170,Ebola virus,Compartmental;Other,Not compartmental;Other compartmental,Deterministic,FALSE,Unspecified,FALSE,Human to human (direct non-sexual contact),Heterogenity in transmission rates - between groups;Homogeneous mixing,Unspecified
c7a2d6c622d41fe4f5ece91f12ba2f52,a17aeff7b2995e9158c48938600061c6,1253,Ebola virus,Compartmental,Other compartmental,Stochastic,FALSE,Hospitals;Safe burials,FALSE,Human to human (direct non-sexual contact),Heterogenity in transmission rates - between groups;Homogeneous mixing,Unspecified
129a542d76830c1d8dc0785476cf2587,419dbb418b5b4e1330f9391c962c69c9,1323,Ebola virus,Compartmental,Other compartmental,Deterministic,FALSE,Safe burials,FALSE,Human to human (direct non-sexual contact);Sexual,Latent period is same as incubation period,Unspecified
5cc41139f3dd4ce82ece07355613c10c,12f530531bff5b958857f5edef7b92d3,1367,Ebola virus,Other,Not compartmental,Deterministic,FALSE,Unspecified,FALSE,Unspecified,Unspecified,Unspecified
e11abe453c8ab03e4f7f2e0b415bd501,57c8042bd8c1f2a26e2b614fab6101a0,1368,Ebola virus,Other,Not compartmental,Deterministic,FALSE,Unspecified,FALSE,Unspecified,Unspecified,Unspecified
1c34d72ce1f859b3104e7586421d1859,a1084e6d5e72d2c4283a3f1bc5192f00,1510,Ebola virus,Other,NA,Stochastic,TRUE,NA,FALSE,NA,NA,Unspecified
6ba876cfc289fc120977e465c25f7b53,6c658bdb5278b27a5ba62bb99d65036d,1543,Ebola virus,Compartmental,Other compartmental;SEIR,Stochastic,TRUE,NA,FALSE,Animal reservoir to human;Human to human (direct non-sexual contact);Sexual,Homogeneous mixing,Unspecified
a045a06382ba9ccf55eebb7de1b44b2d,c4eaea2899a77e77c0c74caf47321f37,1552,Ebola virus,Compartmental,Other compartmental,Deterministic,TRUE,Quarantine,FALSE,Unspecified,Heterogenity in transmission rates - between groups,Unspecified
819a33f31ea6e977b62fdd71f615ac10,22d5a0dc49c26bd87d5a5bfd6ae8e5b8,1636,Ebola virus,Compartmental;Other,Other compartmental,NA,FALSE,NA,FALSE,Unspecified,Unspecified,Unspecified
361de9f6ad245da7b99da69861744c2b,783f0dfdb6cd11c8ce22a94a26925421,1653,Ebola virus,Compartmental,Other compartmental,Deterministic;Stochastic,FALSE,Contact tracing;Other;Treatment,FALSE,Unspecified,Homogeneous mixing;Latent period is same as incubation period,Unspecified
3928990eb09000d9a9c4b266eebc5995,ca391ca4eae0229b4415934f85d9ee9c,2065,Ebola virus,Other,NA,Deterministic,FALSE,NA,TRUE,Human to human (direct non-sexual contact),Heterogenity in transmission rates - between groups,Unspecified
3928990eb09000d9a9c4b266eebc5995,433498be441807bcfa84de6cba385b44,2065,Ebola virus,Compartmental,SEIR,Deterministic,FALSE,NA,TRUE,Human to human (direct non-sexual contact),Heterogenity in transmission rates - over time;Homogeneous mixing,Unspecified
a4f1fade061d7ac1554d3e41544fb238,2e6bb6c8386c737af8688f82852552ea,2313,Ebola virus,Branching process,Not compartmental,NA,FALSE,NA,FALSE,Human to human (direct non-sexual contact),NA,Unspecified
95579fb008f44b583e7784306bd451b4,d7fbe63add5e91cd19eb53b85b686057,2337,Ebola virus,Branching process,NA,NA,FALSE,NA,FALSE,Human to human (direct non-sexual contact),NA,Unspecified
9b2e88d471febca2b261432bc0477023,66e6142007964f25be9db00fa6f9b696,2470,Ebola virus,Compartmental,SEIR;SIR,Deterministic,TRUE,NA,FALSE,Unspecified,NA,Unspecified
c5343395aa245c6f17ad806a3200bc06,e88f66cdb2cd44c2e0bd474361c60c9e,2547,Ebola virus,Compartmental,Other compartmental,Deterministic,FALSE,Treatment,FALSE,Unspecified,Homogeneous mixing,Unspecified
c9ec1f34c56db0b6861be2e6d7b810ed,42d61456821923e30b5ac60cb980eccb,2653,Ebola virus,Agent / Individual based,Other compartmental,Stochastic,FALSE,Contact tracing;Hospitals;Safe burials,FALSE,Unspecified,Heterogenity in transmission rates - over time,Unspecified
68bfc789a050543e021deb051e9bb0b1,2365f33214b3e4c4d9045c8f85479792,2857,Ebola virus,Agent / Individual based,NA,Stochastic,FALSE,Vaccination,FALSE,Human to human (direct non-sexual contact),Heterogenity in transmission rates - between groups,Unspecified
7473cdbcfab050b518dab90b0bc7fb16,258c95cc55b67b98c9f4b10ea97bc93b,2858,Ebola virus,Agent / Individual based,NA,Stochastic,FALSE,Other;Safe burials;Treatment Centres,FALSE,Human to human (direct non-sexual contact),Heterogenity in transmission rates - between groups,Unspecified
5ea0c7898ff163bde4d2cedeaffa8af2,f5a9c9babd88ac29b240b24470832010,2882,Ebola virus,Compartmental,SEIR,Deterministic,FALSE,Other;Treatment Centres,FALSE,Human to human (direct non-sexual contact),Homogeneous mixing,Unspecified
c14e32a28f31983387a6326b3b21a036,f53fbe58aa1d2193a34ddeb37a2a9ba3,2890,Ebola virus,Compartmental,SIR,Deterministic,FALSE,Behaviour changes,FALSE,Human to human (direct non-sexual contact),Heterogenity in transmission rates - between groups,Unspecified
595c69f0af9ffaa12057ea84eeaf1519,51ed64bb60d1dee14becc614c9cfd30e,2941,Ebola virus,Compartmental,SEIR,Stochastic,TRUE,Unspecified,TRUE,Human to human (direct non-sexual contact),Homogeneous mixing,Unspecified
a0a4250797fcb55acc962cf779fcabbd,3cb8ff4ad01f5d175b037fb7c07e35ad,2947,Ebola virus,Compartmental,Other compartmental,Stochastic,FALSE,Hospitals;Safe burials,FALSE,Human to human (direct non-sexual contact),Homogeneous mixing,Unspecified
6379c5e22217e4ca20ff80d4f43ca533,b6e384d83e73e0623f7ff4bd9d88e6c6,2980,Ebola virus,Compartmental,SEIR,Deterministic,FALSE,NA,FALSE,Airborne or close contact,NA,Unspecified
a0c026c9df6348c6e7bdc4cc30e3c747,0ad12c85449d73c1bc321fdfea18bc19,3058,Ebola virus,Branching process,Not compartmental,Stochastic,FALSE,Vaccination,FALSE,NA,NA,Unspecified
c13946ef730741b6e9399937b6f6f229,56a98cc2759dc9e79c6048f004fb6132,3060,Ebola virus,Compartmental,SEIR,Stochastic,FALSE,Treatment Centres,FALSE,Human to human (direct non-sexual contact),Heterogenity in transmission rates - over time,Unspecified
e38a65e11fd72a75843ba7c1e10499ea,ba68840aa91334a67749ded1d440cd58,3094,Ebola virus,Branching process,Not compartmental,NA,TRUE,NA,TRUE,NA,NA,Unspecified
a881d1583087a0941924349644076890,c9b1e8a578f9e6b6be6da179adf6cd8a,3103,Ebola virus,Other,Not compartmental,NA,TRUE,NA,FALSE,NA,NA,Zaire Ebola virus (EBOV)
4947093929bfadccd86d6c677b7b7d5c,8af8c7d7a93a2c765f890138529e69c4,3188,Ebola virus,Compartmental,Other compartmental,Stochastic,FALSE,NA,FALSE,Human to human (direct non-sexual contact);Sexual,NA,Unspecified
40a746439c0a9ab23a4875c7800506be,cbb70a177c548c0073f0972344d0795c,3231,Ebola virus,Compartmental,Other compartmental,Stochastic,FALSE,NA,TRUE,Unspecified,NA,Unspecified
a4590bda3092cf49e782c020a9fd821b,337fa4593276154ac66b79715e14c44a,3342,Ebola virus,Agent / Individual based;Compartmental,SEIR,Stochastic,FALSE,NA,TRUE,Human to human (direct non-sexual contact),Heterogenity in transmission rates - between groups,Unspecified
9975ab508acb71facabc5ed6f1d18c3f,eee26f60ddcc513d13225f5348c759ff,3343,Ebola virus,Agent / Individual based;Compartmental,SEIR,Stochastic,FALSE,NA,FALSE,Human to human (direct non-sexual contact),Heterogenity in transmission rates - between groups,Unspecified
8120cd885b59051dac3357f6fe03abb7,4d04dbddbc8dad3acdd427eaec3db35b,3470,Ebola virus,Other,Not compartmental,Stochastic,FALSE,NA,TRUE,Unspecified,Heterogenity in transmission rates - between groups;Heterogenity in transmission rates - over time;Latent period is same as incubation period,Unspecified
61f4e42ef87d9961ab992b10344c3f48,6b4f1b7d8abe49d8abfa8947fd29616d,3471,Ebola virus,Other,Not compartmental,Stochastic,FALSE,Unspecified,FALSE,Unspecified,Heterogenity in transmission rates - between groups;Heterogenity in transmission rates - over time;Latent period is same as incubation period,Unspecified
7b49fef9dfc97a029019eca566db5b0e,9eb83422a4616f784d3857c18d17a0e4,3533,Ebola virus,Compartmental,Other compartmental,Deterministic,FALSE,Hospitals;Treatment;Vaccination,FALSE,Human to human (direct non-sexual contact),Latent period is same as incubation period,Unspecified
b1f377617e1b2e19b0d1e3718b0aa0f1,9f653735c2525dc24d95332297644549,3607,Ebola virus,Other,Not compartmental,Stochastic,TRUE,NA,FALSE,NA,NA,Unspecified
da7ccd263f848c8bd3a8729913d48e42,5d611e2ceb0e80be6c83dd3df323b69f,3777,Ebola virus,Compartmental,SEIR,Deterministic,FALSE,Quarantine,FALSE,Human to human (direct non-sexual contact),Heterogenity in transmission rates - between groups,Unspecified
41d160ac119773633701223b8df377f9,33554c63f99d57154aa00c80c664e969,3778,Ebola virus,Agent / Individual based,SIR,NA,FALSE,NA,FALSE,Unspecified,Unspecified,Unspecified
43e13b54d55cab40c9fb785260c29f9b,3a2849bd45d1726ec5dbf8942873b28b,3809,Ebola virus,Branching process,NA,Stochastic,FALSE,Vaccination,FALSE,Human to human (direct non-sexual contact),Homogeneous mixing,Unspecified
8a0f244b41bbbff35f54585d87fdc753,2dff2b9e369f4fd1ba2c94419a323362,3924,Ebola virus,Compartmental,Other compartmental,Deterministic,TRUE,Hospitals;Quarantine;Treatment,FALSE,Unspecified,Unspecified,Unspecified
cd793181ad311eb191a2af1c6ce2f2d5,f16f33404d199c099b4d3a88bd597277,3927,Ebola virus,Other,Not compartmental,NA,FALSE,Unspecified,FALSE,Unspecified,NA,Unspecified
220ef841eddeec74e006943772f27816,6881a002a49f5216dcea21ff6fa11378,3940,Ebola virus,Compartmental,Other compartmental,Deterministic,TRUE,Behaviour changes;Other;Safe burials,FALSE,Human to human (direct non-sexual contact);Sexual,Unspecified,Unspecified
8555effec9d6c408207f221d422a2963,94a38286316c9ac8116f8c7d6b13666c,4066,Ebola virus,Compartmental,Other compartmental,Deterministic,FALSE,Other,TRUE,NA,Homogeneous mixing,Unspecified
79f49233d1454661876a1f918d26cea4,60c1f15e67f6edc55fb1e60ea209a5dd,4155,Ebola virus,Other,Not compartmental,NA,FALSE,NA,FALSE,NA,NA,Unspecified
6cdd3cfde4ca379d6791f47a7c74761d,1c1d3f1922e038260139647826b64076,4232,Ebola virus,Compartmental,Other compartmental,Stochastic,FALSE,Unspecified,FALSE,Unspecified,Unspecified,Unspecified
6cdd3cfde4ca379d6791f47a7c74761d,83b30400c572ea77ff4fbe1a883f3a9a,4232,Ebola virus,Agent / Individual based,Not compartmental,Stochastic,FALSE,Unspecified,FALSE,Unspecified,Unspecified,Unspecified
1213199842f75be543382c98f4524da6,3d196d099e3e45f68de3fd0b3763b375,4233,Ebola virus,Agent / Individual based,Other compartmental,Stochastic,FALSE,Hospitals,FALSE,Unspecified,Unspecified,Unspecified
3edcc16b2fa96ba3710f674b074a0e5c,651d98d7ceb66f770c660a51554c88e2,4301,Ebola virus,Compartmental,Other compartmental,Stochastic,TRUE,Other;Vaccination,TRUE,Human to human (direct non-sexual contact),NA,Unspecified
5cb3a62c7e489b11bb25d8c5b0005c8f,9956991921ccaee619cbc9728936944b,4302,Ebola virus,Compartmental,SEIR,Stochastic,FALSE,NA,FALSE,NA,Heterogenity in transmission rates - over time,Unspecified
5cb3a62c7e489b11bb25d8c5b0005c8f,82682dfaaced03159d542b2c90fb1a34,4302,Ebola virus,Compartmental,Other compartmental,Deterministic,FALSE,NA,FALSE,NA,Heterogenity in transmission rates - over time,Unspecified
5cb3a62c7e489b11bb25d8c5b0005c8f,ee4c9f774e0375eb8a7ac70c0147e6e1,4302,Ebola virus,Compartmental,SEIR,Deterministic,FALSE,NA,FALSE,NA,Heterogenity in transmission rates - over time,Unspecified
5cb3a62c7e489b11bb25d8c5b0005c8f,4ef48df371ddc75cc8e10cc3a79d3093,4302,Ebola virus,Compartmental,Other compartmental,Stochastic,FALSE,NA,FALSE,NA,Heterogenity in transmission rates - over time,Unspecified
e66bb7a80fe8d981817fc4f42db194fd,4eff4633c149d917ab0983ffe3ba7a4a,4387,Ebola virus,Other,NA,Stochastic,FALSE,NA,FALSE,NA,Heterogenity in transmission rates - over time,Unspecified
2decf6d7c19a972d13a487f9e5e41fe4,149989cafc32543bac2dea1205cc0998,4407,Ebola virus,Compartmental,SEIR,Deterministic,TRUE,Hospitals;Safe burials,FALSE,NA,NA,Unspecified
11f96420fb97a8493ec2c8ab2186ee25,6eedb8b1c20544444fb03c0db7cbe423,4420,Ebola virus,Compartmental,Other compartmental,Stochastic,FALSE,Hospitals,FALSE,Human to human (direct non-sexual contact),Heterogenity in transmission rates - over time,Unspecified
6378acdb04aee92371b3b8e55ae47670,8f0a4283ce9a59d8da92ab8042c8f56d,4421,Ebola virus,Compartmental,SEIR,Stochastic,FALSE,Unspecified,TRUE,Human to human (direct non-sexual contact),Heterogenity in transmission rates - over time,Unspecified
67103c142d488799b15ff4a40cde79ea,bf1334d46e669202d5c71bf4427e558a,4422,Ebola virus,Compartmental,Other compartmental,Stochastic,FALSE,Unspecified,TRUE,Human to human (direct non-sexual contact),Heterogenity in transmission rates - over time,Unspecified
5c5821401ed8cc6aaf43dd509b46f5c6,ef4af9701318de705a20b22a6263b25e,4500,Ebola virus,Compartmental,Other compartmental,Stochastic,FALSE,NA,FALSE,Human to human (direct non-sexual contact),Homogeneous mixing,Unspecified
570dc35539d362cf59af781614f39761,0e9f3c8362949b79eea9dd696be05688,4568,Ebola virus,Other,Not compartmental,Deterministic,FALSE,Vaccination,FALSE,Unspecified,Homogeneous mixing;Latent period is same as incubation period;Unspecified,Unspecified
2f27d02177020e8a682eed6f3b29946f,271531fd5ed24484cc8c56e62a86fc82,4569,Ebola virus,Other,Not compartmental,Deterministic,FALSE,Unspecified,FALSE,Unspecified,Homogeneous mixing;Latent period is same as incubation period;Unspecified,Unspecified
2ecf6585fff1ba33d64a832dd65cd053,65eea36ff8da91bdfad2545aae17f18f,4607,Ebola virus,Compartmental;Other,Other compartmental,Deterministic,TRUE,NA,FALSE,Unspecified,Homogeneous mixing,Unspecified
2cb6671c6c5e1ecaec4f098cdc1ffc24,c0210c7d504763af6c7d9bda0369b47f,4642,Ebola virus,Compartmental,Other compartmental,Stochastic,FALSE,NA,FALSE,Human to human (direct non-sexual contact),Heterogenity in transmission rates - between groups,Unspecified
1625717733202295c147811af4a34000,0a9a3e0b2b70e958c0e30c483cde073f,4778,Ebola virus,Compartmental,SEIR,Deterministic,FALSE,Other;Quarantine;Treatment Centres,TRUE,Unspecified,Heterogenity in transmission rates - between groups,Zaire Ebola virus (EBOV)
1625717733202295c147811af4a34000,b74b06758070cabbd83511ec917cb634,4778,Ebola virus,Compartmental,SEIR,Stochastic,FALSE,Other;Quarantine;Treatment Centres,TRUE,Unspecified,Heterogenity in transmission rates - between groups,Zaire Ebola virus (EBOV)
c4464ce5912d210eff7798ab9e92a938,93b1a8217d2c03beb563baf386227382,4787,Ebola virus,Branching process,SEIR,Stochastic,FALSE,Hospitals;Safe burials,FALSE,Human to human (direct non-sexual contact),Heterogenity in transmission rates - between groups,Unspecified
6c1b050a0e42c6efee24d7f58b65e635,f0112857a668c2708db1023d8e6568a5,4811,Ebola virus,Compartmental,Other compartmental;SEIR,Deterministic,FALSE,Other,FALSE,Unspecified,Heterogenity in transmission rates - between groups,Unspecified
c5b140179cd624e3ae1a6ab6467f5536,bc638fec80e74b663825602310129afb,4828,Ebola virus,Compartmental,SEIR,Deterministic,FALSE,Quarantine;Safe burials,FALSE,Unspecified,Unspecified,Unspecified
01a4e61f52c3849838e1a72e041ed569,4e54489a8973423947256859116c16aa,4981,Ebola virus,Compartmental,SEIR,Stochastic,FALSE,NA,FALSE,Human to human (direct non-sexual contact),Heterogenity in transmission rates - between groups,Zaire Ebola virus (EBOV)
ee6f733f669f455d745c472b92e52a5e,ab6bb353ce8fb27c0384de9ddd1da191,4991,Ebola virus,Branching process,NA,NA,FALSE,Quarantine;Safe burials,FALSE,Human to human (direct non-sexual contact),NA,Unspecified
394df8031a86dc9ee96a7ad582a4a752,f7349534fd6f92dc62b607d29d59f179,5005,Ebola virus,Unspecified,NA,Stochastic,FALSE,NA,FALSE,Human to human (direct non-sexual contact),Unspecified,Unspecified
10e6f5c76c88d8c2f08d3d6d8a6cf687,f6d25ff7b0164d72d9ceba3b53d89baf,5033,Ebola virus,Compartmental,Other compartmental,NA,FALSE,NA,FALSE,NA,NA,Unspecified
3969d9112b8b6bd89d9320ee5f4932dd,54d9ee8ef248ef6d4b0b13f772809478,5057,Ebola virus,Agent / Individual based,SEIR,Stochastic,FALSE,NA,FALSE,Human to human (direct non-sexual contact),Heterogenity in transmission rates - between groups;Heterogenity in transmission rates - over time,Unspecified
b695322c273017f7dc00b818db5b06a0,582c615afb0b6e531a463cdf545887eb,5252,Ebola virus,Compartmental,Other compartmental,Deterministic;Stochastic,FALSE,Behaviour changes;Hospitals;Safe burials,FALSE,Human to human (direct non-sexual contact),Heterogenity in transmission rates - between groups;Heterogenity in transmission rates - over time;Homogeneous mixing,Unspecified
4a41f92b994680d22092e6bd209ea5bd,0754969ad003b82d794d05603ca8a2f9,5253,Ebola virus,Compartmental,SEIR,Stochastic,FALSE,Hospitals;Safe burials;Treatment Centres,FALSE,Unspecified,Heterogenity in transmission rates - over time,Unspecified
512328c97407538a88b8558bdfc87fb1,a714831aeef3d8a974223306dadb7f7f,5255,Ebola virus,Compartmental,SEIR,Stochastic,FALSE,Vaccination,FALSE,Unspecified,Unspecified,Unspecified
bc8540b6da3b7c101d7fb869062c2237,2cd00e7bb4a7b480ca14f763ecc1f18e,5288,Ebola virus,Compartmental,Other compartmental,Deterministic,FALSE,Safe burials;Treatment Centres;Vaccination,FALSE,Human to human (direct non-sexual contact),Heterogenity in transmission rates - between groups;Heterogenity in transmission rates - over time,Zaire Ebola virus (EBOV)
bc8540b6da3b7c101d7fb869062c2237,047e59a274df0d3cb8b431d8932d370a,5288,Ebola virus,Compartmental,Other compartmental,Deterministic,FALSE,Quarantine,FALSE,Human to human (direct non-sexual contact),Heterogenity in transmission rates - between groups;Homogeneous mixing;Latent period is same as incubation period,Unspecified
2cd2fd8fd658b79ddd47e1838750830f,bd27adf35db60e9742add60661823989,5380,Ebola virus,Other,Not compartmental,NA,FALSE,Unspecified,TRUE,Unspecified,Unspecified,Unspecified
ab89cca4319e12adeefb2e9ae639fca6,a58de00923b02ed9104a6a0490940d17,5453,Ebola virus,Compartmental,Other compartmental,NA,FALSE,NA,FALSE,NA,NA,Unspecified
378419c9fce374381317663dbee3dcf2,39b30fc21dbe46ea766c76b25fa2b4b6,5456,Ebola virus,Other,NA,Stochastic,FALSE,NA,FALSE,NA,NA,Unspecified
24f498382b5dd48963e2a748fa3c4ab4,7f8b9b287b976bec999536746cedca61,5476,Ebola virus,Other,Not compartmental,NA,FALSE,NA,FALSE,NA,NA,Unspecified
336f61fd268fd29c349ce0b703bea741,4e8bf26e53d7b5293182b1425a558086,5479,Ebola virus,Compartmental,SEIR,Stochastic,FALSE,NA,FALSE,NA,NA,Unspecified
528f58ff167fbec7803821de64a0e190,550bd092a85c71ccc75e6aabe0503f33,5620,Ebola virus,Compartmental,SEIR,Stochastic,FALSE,Other,FALSE,Human to human (direct non-sexual contact),Heterogenity in transmission rates - over time,Unspecified
a00eabcb4c854401c0cab3ac1e4fe4c5,405635fb589d8fc158898c55d80f48e1,5675,Ebola virus,Compartmental,SEIR,Deterministic,TRUE,Contact tracing;Hospitals;Other;Quarantine,FALSE,Unspecified,Unspecified,Bundibugyo virus (BDBV);Sudan virus (SUDV);Ta√Ø Forest virus (TAFV);Zaire Ebola virus (EBOV)
d0a0c2e3b568db388f767e3b8ebd924f,8151ba8704eb485ba50175015f80aa8a,5723,Ebola virus,Compartmental,Other compartmental,Stochastic,FALSE,NA,FALSE,Unspecified,Unspecified,Unspecified
d0a0c2e3b568db388f767e3b8ebd924f,cda2207cf6c936783b6d428d36164768,5723,Ebola virus,Branching process,NA,Stochastic,FALSE,NA,FALSE,Unspecified,NA,Unspecified
ce104f078226073833a3f7957cb21aa5,ce6f263b95b64a18bf8110c0e8d20e0f,5743,Ebola virus,Compartmental,SEIR,Deterministic,FALSE,Vaccination,FALSE,Human to human (direct non-sexual contact),Heterogenity in transmission rates - between groups;Latent period is same as incubation period,Unspecified
84a7519d759947106e1e99f9a74ac42d,a8ec3e30835e4cc2b077fb256bb0ba65,5765,Ebola virus,Compartmental,SEIR,Deterministic,TRUE,Hospitals;Quarantine;Safe burials,FALSE,Human to human (direct non-sexual contact),Heterogenity in transmission rates - between groups;Heterogenity in transmission rates - over time,Unspecified
a7ef8d3fc083ac9f96809941177ae10c,bf7233efa888714059fa9db4e67c46cb,5829,Ebola virus,Compartmental,SIR,Deterministic,TRUE,Unspecified,FALSE,Human to human (direct non-sexual contact),Homogeneous mixing;Latent period is same as incubation period,Unspecified
5f5e9d565408b986f7774f7b2d7648e8,c9733f03af000cc88b995db9cc822e8e,5830,Ebola virus,Compartmental,SEIR,Deterministic,TRUE,Unspecified,FALSE,Animal reservoir to human;Human to human (direct non-sexual contact),Homogeneous mixing;Latent period is same as incubation period,Unspecified
2cf4dbc604c1ff0d8887659ec2bbeb62,6c1269e5644fad6be933ac1c85672217,5868,Ebola virus,Compartmental,SEIR,Deterministic,FALSE,Contact tracing;Other;Quarantine,FALSE,Unspecified,Heterogenity in transmission rates - over time;Homogeneous mixing;Latent period is same as incubation period;Unspecified,Unspecified
ceb8b2128172fb29f0fdfdbe15b7182f,90f7cbd991c8a2c88b485c89b2c9d587,5869,Ebola virus,Compartmental,SEIR,Deterministic,FALSE,Contact tracing;Other;Quarantine;Safe burials;Treatment,TRUE,Unspecified,Heterogenity in transmission rates - over time;Homogeneous mixing;Latent period is same as incubation period;Unspecified,Unspecified
9f44cf03dc549b8b39556301c79ed432,c7290569f6dff4d40491fb0540021114,5871,Ebola virus,Compartmental,SEIR,Deterministic,FALSE,Other,FALSE,Unspecified,Heterogenity in transmission rates - over time;Homogeneous mixing;Latent period is same as incubation period;Unspecified,Unspecified
7bf8faf399f88fbbec4dcab9db304432,a4af3ebb608bf5779b60ab70a0c40e7b,5880,Ebola virus,Compartmental,Other compartmental,Deterministic,TRUE,Unspecified,FALSE,Unspecified,Homogeneous mixing;Latent period is same as incubation period;Unspecified,Unspecified
d29701500b964e173b54af180653147a,d96fe91fae794b0cb9130ae991cd9a40,5923,Ebola virus,Agent / Individual based,Not compartmental,Stochastic,TRUE,Behaviour changes;Contact tracing;Hospitals;Safe burials;Treatment Centres,FALSE,Human to human (direct non-sexual contact),Age dependent susceptibility;Heterogenity in transmission rates - between groups,Unspecified
5bf96fa087a6bf4ba995bd7973d6c106,001b7260403d9be7979b746d38039ac5,5925,Ebola virus,Agent / Individual based,Not compartmental,Stochastic,FALSE,Contact tracing;Hospitals;Safe burials;Treatment Centres;Vaccination,FALSE,Human to human (direct non-sexual contact),Age dependent susceptibility;Heterogenity in transmission rates - between groups,Unspecified
166a62fdce35ae51ba819d57b638a2b7,fe2d4494b2b335a4b30fca183feef201,5929,Ebola virus,Compartmental,Other compartmental,Deterministic,TRUE,Hospitals;Quarantine;Vaccination,FALSE,Human to human (direct non-sexual contact),Heterogenity in transmission rates - between groups;Homogeneous mixing,Zaire Ebola virus (EBOV)
0a2fe9e0de6e8bebcb11480b5e43492d,ae39f02a1d15a7adacb48755aea94123,5935,Ebola virus,Compartmental,Other compartmental,Deterministic,FALSE,Behaviour changes;Hospitals;Other;Safe burials,FALSE,Human to human (direct non-sexual contact),Heterogenity in transmission rates - between groups;Homogeneous mixing,Zaire Ebola virus (EBOV)
2a1098c21a7809671baab707ec5d439e,0378501226ed427a5face0e075309620,5936,Ebola virus,Compartmental,Other compartmental,Deterministic,TRUE,Other,FALSE,Human to human (direct non-sexual contact);Sexual,Homogeneous mixing,Zaire Ebola virus (EBOV)
7a80069e8b1e27b74c86dcbf56d7b31a,16baba44c34507a94b5a1be23f1276ae,5952,Ebola virus,Compartmental,SEIR,Deterministic,TRUE,Vaccination,FALSE,Human to human (direct non-sexual contact),Homogeneous mixing,Unspecified
d8d546512bad9e0ee017f3bb2c156db4,58aa620238fd9aece6abcdc7fd536d54,5975,Ebola virus,Other,Not compartmental,Deterministic,TRUE,Quarantine,FALSE,Unspecified,Unspecified,Unspecified
4d9e316d6be2edfa213a20ac571c95c0,f6af24f16eb6df426fc20b008d2177fb,5997,Ebola virus,Compartmental,SEIR,Deterministic,FALSE,NA,TRUE,Human to human (direct non-sexual contact),Homogeneous mixing,Unspecified
4d9e316d6be2edfa213a20ac571c95c0,08e8bf19a559870f95c393b364952905,5997,Ebola virus,Compartmental,Other compartmental,Deterministic,TRUE,Behaviour changes,TRUE,Human to human (direct non-sexual contact);Sexual,Homogeneous mixing,Unspecified
509237fbd31bafaf559f3accd331eb0f,0b5db9bcbb65894830055478a0f76d41,6275,Ebola virus,Compartmental,Other compartmental,Deterministic,FALSE,Other;Quarantine;Safe burials;Treatment Centres,FALSE,Human to human (direct non-sexual contact),Heterogenity in transmission rates - over time;Homogeneous mixing;Latent period is same as incubation period,Unspecified
032bfba2769e1de4c149c4fdf6c3b21e,bfc03f2a29be5f2621385cffb424f0cf,6301,Ebola virus,Compartmental,SEIR,Deterministic,TRUE,Unspecified,FALSE,Human to human (direct non-sexual contact),Homogeneous mixing,Zaire Ebola virus (EBOV)
e8a1c93b803c9c35ac7cae8c3063bc63,e2012db270138a6cdab5bca2b3ab76d3,6333,Ebola virus,Other,Not compartmental,Stochastic,FALSE,NA,FALSE,Human to human (direct non-sexual contact),Unspecified,Unspecified
e8a1c93b803c9c35ac7cae8c3063bc63,e8e7113031f48570a4ece678aaa98b5b,6333,Ebola virus,Compartmental,SEIR,Deterministic,TRUE,NA,TRUE,Unspecified,NA,Unspecified
d5a0a1658e09a4450bea066fe359bd81,bab388390eef6d13caa5277d2e6a7cb8,6359,Ebola virus,Compartmental,Other compartmental,Deterministic;Stochastic,FALSE,NA,FALSE,Unspecified,NA,Unspecified
939b2d5b64f68465c8a4d4045138f3c2,23c9d4816b90278352c451b6901f3377,6363,Ebola virus,Compartmental,Other compartmental,Deterministic,TRUE,NA,FALSE,Animal reservoir to human;Human to human (direct non-sexual contact),NA,Unspecified
6a6dcef6edeaec684dc631060a7780c1,35bf689c6838019c54dea33d953b12ea,6371,Ebola virus,Compartmental,SEIR,Stochastic,FALSE,NA,FALSE,Unspecified,Homogeneous mixing,Unspecified
8ddbfbd4624e6c195b3576d6577e103b,a8a91925cf3ae4f8511c2dca7422150b,6611,Ebola virus,Compartmental,Other compartmental,Deterministic,TRUE,Behaviour changes;Other;Treatment,FALSE,Unspecified,Heterogenity in transmission rates - between groups,Unspecified
76f7eae1a0d3332891e789e238a17928,cd8266092b71ff4a437f27c8282d7b52,6905,Ebola virus,Compartmental;Other,SEIR,Deterministic,TRUE,Unspecified,FALSE,Unspecified,Homogeneous mixing,Zaire Ebola virus (EBOV)
0a5ec9d52a264ebe1122ad9237c94ec4,c8f3bea4513cf3bd1d66fe9ee9991617,6944,Ebola virus,Compartmental,Other compartmental,Deterministic;Stochastic,FALSE,Quarantine;Vaccination,FALSE,Unspecified,Homogeneous mixing,Unspecified
6eb7c4f0bf36bfc874da499cd39303f9,77fae2674237896366dcaebd49544143,6945,Ebola virus,Compartmental,Other compartmental,Deterministic;Stochastic,FALSE,Quarantine;Vaccination,FALSE,Unspecified,Homogeneous mixing,Unspecified
e4e35789191fe2c200a81dc24d441177,df6f2c8ee98f4c4684f1bf42b9d7691b,6946,Ebola virus,Compartmental,SEIR,Deterministic,TRUE,Unspecified,FALSE,Unspecified,Homogeneous mixing;Latent period is same as incubation period,Unspecified
84a52cbd17038121d1a14aa234500e98,376433adb4ab12581a81ad1930d6fc40,7017,Ebola virus,Compartmental;Other,Other compartmental,Deterministic,TRUE,Unspecified,FALSE,Unspecified,Unspecified,Unspecified
e4392861ab58a652b604e4b6e7fcfb7f,3657d89d06a2d2b01a57d334f37aed9e,7283,Ebola virus,Compartmental,Other compartmental,Deterministic,TRUE,Unspecified,TRUE,Animal reservoir to human;Human to human (direct non-sexual contact),Homogeneous mixing,Unspecified
d7238ee5cbaf049dbd3240d4d39fdeaa,54a64ea5a46665115b7db1df7c9c140b,7899,Ebola virus,Compartmental,SEIR,Deterministic,TRUE,Unspecified,FALSE,Human to human (direct non-sexual contact),Homogeneous mixing;Latent period is same as incubation period,Unspecified
f11818dd9ca6f96a941c6d43b4215dad,2a78e4a05f3a65c6969081f02efbf052,7942,Ebola virus,Compartmental,SEIR,Deterministic,TRUE,Vaccination,FALSE,Animal reservoir to human;Human to human (direct non-sexual contact),Homogeneous mixing,Unspecified
0783efef66a5f19d0d26acf321d3012c,8828466fce1de5022ab2ba872d829c03,8131,Ebola virus,Compartmental,Other compartmental,Deterministic,TRUE,Behaviour changes;Hospitals;Safe burials,FALSE,Human to human (direct non-sexual contact),Heterogenity in transmission rates - over time;Homogeneous mixing,Unspecified
fac8b7b426cd0ed49f43e5152d89087f,a86248d0ad11db735dc410b1ca63a333,8709,Ebola virus,Other,Other compartmental,Stochastic,FALSE,Unspecified,FALSE,Unspecified,Latent period is same as incubation period,Unspecified
6d22973f092de40192f1f4372b5b09c8,a0d89378d1ce71f53edf757a6ea0a4fb,8731,Ebola virus,Compartmental,SEIR,Deterministic,FALSE,Vaccination,FALSE,Unspecified,Homogeneous mixing,Unspecified
6d22973f092de40192f1f4372b5b09c8,1256173b118121f69660e92f1f2363f5,8731,Ebola virus,Compartmental,SEIR;SIR,Deterministic,TRUE,Vaccination,FALSE,Unspecified,Homogeneous mixing,Unspecified
a3b98a05439e68c9ffbc87493096b404,e62c2485e7b3a5ca789994195e018937,8733,Ebola virus,Compartmental,SEIR,Deterministic,TRUE,Behaviour changes;Other;Vaccination,FALSE,Human to human (direct non-sexual contact),Homogeneous mixing,Unspecified
23b224fbb40fc8cd823e098b6f2a0bf9,f2c4ab4095c50dd2a08f9803f0e4ffb1,8734,Ebola virus,Other,Other compartmental,Stochastic,TRUE,Vaccination,TRUE,Unspecified,Age dependent susceptibility;Heterogenity in transmission rates - between groups,Unspecified
23b224fbb40fc8cd823e098b6f2a0bf9,66af918a7bd75baf890cdfc28f87e300,8734,Ebola virus,Compartmental,SIR,Deterministic,TRUE,Treatment;Vaccination,FALSE,Human to human (direct non-sexual contact),Homogeneous mixing,Unspecified
7eb968da1fbc76cfc9e635aae4ed1918,0736dfd35d02caf2e135df6a61cfa8de,8735,Ebola virus,Compartmental,SIR,Deterministic,TRUE,Vaccination,FALSE,Human to human (direct non-sexual contact),Homogeneous mixing,Unspecified
b4ab54d2ddb735d1a336c7088dfe6cb9,dee329bca5b571899f4626d045aa57e7,8800,Ebola virus,Other,Not compartmental,Stochastic,FALSE,Behaviour changes,TRUE,Unspecified,Unspecified,Unspecified
80b63619050a91014d7d5b183eb21013,2d62f16bbba729857062fbc0fe8cdb8b,9153,Ebola virus,Compartmental,Other compartmental;SIS,Deterministic,FALSE,Unspecified,FALSE,Unspecified,Unspecified,Unspecified
959dca5dde34ea70bf5074e55523e0dc,890aa7e1e7b921fc5574a71e99c8bf04,9378,Ebola virus,Compartmental,Other compartmental,Deterministic,FALSE,Treatment Centres,FALSE,Unspecified,Homogeneous mixing,Unspecified
c3fb6ebacc63c1e23f284e90ac56e87e,ab8057b37f6214468350dd09f627bb48,9546,Ebola virus,Compartmental,SEIR,Stochastic,FALSE,Unspecified,FALSE,Unspecified,Homogeneous mixing,Unspecified
5a0e032ce84cae9005d3c3b48f95d32b,8aa45445d04b5ee94474bf689c66535d,10297,Ebola virus,Compartmental,Other compartmental,Deterministic,TRUE,Contact tracing;Quarantine,FALSE,Human to human (direct non-sexual contact),Homogeneous mixing,Unspecified
dc1ca4d1aa184d9f7e622bfd1ac9613f,4395a94558ef9dbba63c256b1413a0e7,10440,Ebola virus,Compartmental,Other compartmental,Deterministic,FALSE,Behaviour changes,FALSE,Human to human (direct non-sexual contact),Heterogenity in transmission rates - between groups;Heterogenity in transmission rates - over time,Unspecified
b1b59541e3e92d2e5ac8c5dc07c3233a,f0230d6de6aaae41dfc917580dfc0fdf,10487,Ebola virus,Compartmental,Other compartmental,NA,TRUE,Quarantine;Vaccination,FALSE,Human to human (direct non-sexual contact),NA,Unspecified
d16ff3007adaf4d8af68d8bbe8f59f10,49f9057cbc6b79ab84548f7d2948c4ad,10552,Ebola virus,Compartmental,Other compartmental,NA,FALSE,Quarantine;Treatment;Vaccination,FALSE,Human to human (direct non-sexual contact),Unspecified,Unspecified
1027d64b8d1374887409cf84ea368d6a,85cc4c8bd48ecbf64d844973862e3b19,10805,Ebola virus,Compartmental,Other compartmental,NA,TRUE,NA,FALSE,Human to human (direct non-sexual contact),NA,Unspecified
a467491b477c9bbab9a4aaa073f30f21,1668d52641c5ac9689f10783c29a720e,11297,Ebola virus,Compartmental,Other compartmental,Deterministic,FALSE,NA,FALSE,Human to human (direct non-sexual contact),NA,Unspecified
bf76398b2c4dccba5866cb7f8508fba0,30394f7b0915d34e97b4bc55ad54a698,11565,Ebola virus,Compartmental,SEIR,Deterministic,FALSE,Quarantine;Safe burials,FALSE,Unspecified,Homogeneous mixing,Unspecified
a809b72679df6013ad1fcb575f3d59d7,0fea3f72fc8558a9aa306af0d30652d7,11995,Ebola virus,Compartmental,SEIR,Deterministic,TRUE,Other,FALSE,Human to human (direct non-sexual contact),Homogeneous mixing,Unspecified
5ff697e5b190b1619bf9f244eefe24f9,794ac793ca2ef961845a442487405b28,11996,Ebola virus,Compartmental,Other compartmental,Deterministic,TRUE,Other;Quarantine,FALSE,Human to human (direct non-sexual contact),Homogeneous mixing,Unspecified
2e3be704fd5be4bec9b3d7a3582d56d2,99a3dfb2708aa2dc1e042797ee61d026,11997,Ebola virus,Compartmental,Other compartmental,Deterministic,TRUE,Hospitals;Other;Safe burials,FALSE,Human to human (direct non-sexual contact),Homogeneous mixing,Unspecified
a8b951036600ff1edb25ba8fe5ebcaa8,9decae309abb87d0642910bb94be7d92,12100,Ebola virus,Compartmental,SIR,Stochastic,FALSE,NA,FALSE,Human to human (direct non-sexual contact),Heterogenity in transmission rates - over time;Homogeneous mixing,Zaire Ebola virus (EBOV)
2432d0ae09e81a240d729517b3a7ea88,9c484670be110d4def3889deff18af2d,12194,Ebola virus,Compartmental,Other compartmental,Deterministic,TRUE,Unspecified,FALSE,Human to human (direct non-sexual contact),Homogeneous mixing,Zaire Ebola virus (EBOV)
95480816b2cb1463a9f7ab644ba31a2a,414e3a91182197db39957a9256e41929,12389,Ebola virus,Other,Not compartmental,Deterministic,FALSE,Unspecified,FALSE,Unspecified,Unspecified,Unspecified
1d625b087346d0baa5d572e75abe5f31,a4e20f839bbe02b835e6c4bcd4eb0d89,12609,Ebola virus,Agent / Individual based,Not compartmental,Stochastic,FALSE,Hospitals;Other,FALSE,Human to human (direct non-sexual contact),Unspecified,Unspecified
5d8f1c68813782c1b4a80fe2ea37fc49,152f23f12a90d065347eba5b0ee81899,13183,Ebola virus,Compartmental,Other compartmental;SEIR;SIS,NA,TRUE,NA,FALSE,Unspecified,Unspecified,Unspecified
6697126daf5e3f0b5c755adbc324907c,6decf95a43ad39548bf8a6be6d4ad8e4,13198,Ebola virus,Compartmental,Other compartmental,Deterministic,FALSE,Hospitals;Safe burials,FALSE,Human to human (direct non-sexual contact),Heterogenity in transmission rates - between groups;Homogeneous mixing,Unspecified
459a66b779755de1fb80b8793750c391,56475d1c521483f34f6d2b1985b00644,13539,Ebola virus,Other,NA,Stochastic,FALSE,NA,FALSE,Human to human (direct non-sexual contact),Heterogenity in transmission rates - between groups,Unspecified
727660b36cf1ec45b0c1336492381711,4379b46acb7d5acc46d0faeacf109520,13681,Ebola virus,Compartmental,Other compartmental,NA,TRUE,Treatment;Vaccination,FALSE,Human to human (direct non-sexual contact),Heterogenity in transmission rates - between groups;Heterogenity in transmission rates - over time,Unspecified
756807a4fc79fc0c19b01e06b69f7a59,845acf5a17109872cb0c0625805dbfff,13965,Ebola virus,Compartmental,Other compartmental,NA,FALSE,Other,FALSE,Human to human (direct non-sexual contact),Heterogenity in transmission rates - between groups;Heterogenity in transmission rates - over time;Latent period is same as incubation period,Unspecified
b7c0bbe58873fa5ee0a24cc0693b3bc6,fb2a2f93958578168d30493689f32187,14004,Ebola virus,Other,Not compartmental,Stochastic,TRUE,Unspecified,FALSE,Human to human (direct non-sexual contact),Unspecified,Unspecified
423c729bd0c6ddb22e5cbc0a67259e23,f0566f3b9cd2492ae3c8663802bebb93,14484,Ebola virus,Branching process,Not compartmental,Stochastic,FALSE,Contact tracing;Hospitals;Treatment Centres,FALSE,NA,Heterogenity in transmission rates - over time;Homogeneous mixing,Unspecified
dac592aa30bf941d31299825f86adddd,8630b2f7b89c059a13a88d7b1eebb223,14514,Ebola virus,Compartmental,Other compartmental,NA,TRUE,Safe burials;Vaccination,FALSE,Human to human (direct non-sexual contact),Heterogenity in transmission rates - over time,Unspecified
82e300d378350ae7b5404c3e41ce8c38,2890f1ec8476671ff0d385d58b722285,14516,Ebola virus,Compartmental,SEIR,Deterministic,FALSE,NA,FALSE,Unspecified,Unspecified,Zaire Ebola virus (EBOV)
69147a3f3847698003142967905ffbb4,2b5e8626be22de05e3fc7ca2ac0b3d6d,15092,Ebola virus,Compartmental,Other compartmental,Deterministic,TRUE,Vaccination,FALSE,Unspecified,Heterogenity in transmission rates - between groups;Homogeneous mixing,Unspecified
229d71d7b597b94ceaf9e29e40f507b5,272f486e13fd9b669702a0496cd906a2,15136,Ebola virus,Compartmental,Other compartmental;SEIR,Deterministic,TRUE,Contact tracing;Quarantine,FALSE,Unspecified,Homogeneous mixing,Unspecified
3c143ff7c6c7c212b804093ad720f559,d60b10bfd2a89a8e6b543b499831b3ab,15138,Ebola virus,Compartmental,Other compartmental,Deterministic,TRUE,Unspecified,FALSE,Human to human (direct non-sexual contact),Heterogenity in transmission rates - between groups;Homogeneous mixing,Unspecified
3c143ff7c6c7c212b804093ad720f559,b54ac045568069f4a3871762f5498f31,15138,Ebola virus,Compartmental,Other compartmental,Deterministic,TRUE,Unspecified,FALSE,Animal reservoir to human,Heterogenity in transmission rates - between groups;Homogeneous mixing,Unspecified
776c29c078fdcdef1b89561c33e33514,3b1d3a442d0062468a8814e3f19d9c0a,15139,Ebola virus,Compartmental,Other compartmental;SEIR,Deterministic,TRUE,Behaviour changes;Other;Vaccination,FALSE,Unspecified,Homogeneous mixing,Unspecified
13eab392915c199ed3bcf465646da60d,2faaf5a3dd876e2d72aab7cc0733281b,15321,Ebola virus,Compartmental,Other compartmental,Deterministic,TRUE,Quarantine,FALSE,Human to human (direct non-sexual contact),Unspecified,Unspecified
3a6c0e834770e47d0e58e28ccd11502b,7458db66a07a5b515e20ebc30a6447d1,15365,Ebola virus,Compartmental,Other compartmental,Deterministic,FALSE,Other;Safe burials,FALSE,Animal reservoir to human;Human to human (direct non-sexual contact),Unspecified,Unspecified
5f3fc7340794e252c645563112f323b1,9ae6ecaab94ec499001ee2988cad1892,15657,Ebola virus,Compartmental,Other compartmental,Deterministic,TRUE,Unspecified,FALSE,Unspecified,Homogeneous mixing,Unspecified
7534806ffdf2edaf47f16e44a0c9c862,ca78b363374d1cd6d4ad32f332d6220c,15673,Ebola virus,Agent / Individual based,SEIR,Stochastic,TRUE,Vaccination,FALSE,Human to human (direct non-sexual contact),Heterogenity in transmission rates - between groups;Unspecified,Unspecified
b68c365259da48e50f0c82bd69115e02,114ad9064fc3f7dc3927e4da998c2244,15735,Ebola virus,Compartmental,SEIR,Stochastic,TRUE,Contact tracing;Other;Quarantine;Safe burials,FALSE,Human to human (direct non-sexual contact),Unspecified,Unspecified
127b10d868d9934f0fe1c1def6ffff18,be852fbf4e55c214cf29d6fa0da89e47,15896,Ebola virus,Other,Not compartmental,Stochastic,FALSE,Contact tracing;Quarantine,FALSE,Unspecified,Heterogenity in transmission rates - over time,Unspecified
26e40577331a0b8232a4c618057e7eb5,42c35083884bafeaf3c3ef4c46f937ce,15901,Ebola virus,Compartmental,Other compartmental,Deterministic,FALSE,NA,FALSE,Animal reservoir to human;Human to human (direct non-sexual contact),Homogeneous mixing,Unspecified
f2afa533ebb8c1cf00b820c17691d846,4a8e039e5704a87ee9b2c74acd07a2b4,15924,Ebola virus,Agent / Individual based;Compartmental,Other compartmental,Deterministic,FALSE,Other;Vaccination,FALSE,Human to human (direct non-sexual contact),NA,Unspecified
674b888418f98f6da6f5affcb0832c36,92b593e043b745069967c2b9e775106c,15947,Ebola virus,Branching process,Not compartmental,Stochastic,FALSE,NA,FALSE,Unspecified,Unspecified,Bundibugyo virus (BDBV)
4850004f2b08eb3caa759c0e74c48cab,e3bb064b0e09ba0e42c9cf768392a4f2,15958,Ebola virus,Other,Not compartmental,NA,FALSE,Unspecified,TRUE,Unspecified,Homogeneous mixing,Unspecified
5ed71677abf6ef92fa7f92d84a95c8fb,413cecf551d961351d466361ae4d29f8,15959,Ebola virus,Agent / Individual based;Compartmental,SEIR,Stochastic,FALSE,Vaccination,FALSE,Unspecified,Heterogenity in transmission rates - between groups,Unspecified
04ba250e9bc3a630437c12cf70dbce6d,2702c9ed342776e8f8095c1191374ebc,16216,Ebola virus,Branching process,Not compartmental,Stochastic,FALSE,Unspecified,FALSE,Human to human (direct non-sexual contact),Unspecified,Unspecified
c437919af71b4ae85f15e03a01c58299,0b1181c654dc08f9d832d7feb31ac9f5,16217,Ebola virus,Compartmental,Other compartmental,Deterministic,FALSE,Behaviour changes,FALSE,Human to human (direct non-sexual contact),Heterogenity in transmission rates - over time,Unspecified
06b9c99b3674af46437aaa724d130003,454389dcfe837ad6f67294fd360d95e4,16218,Ebola virus,Compartmental,Other compartmental,Deterministic,TRUE,Other,FALSE,Human to human (direct non-sexual contact),Unspecified,Unspecified
85133ff595bf595edaefc68525b56c60,ba0ff63b38440eb696c0342865f2e2de,16293,Ebola virus,Compartmental,Other compartmental,Deterministic,FALSE,Other;Quarantine;Treatment;Vaccination,FALSE,Animal reservoir to human;Human to human (direct non-sexual contact);Sexual,Homogeneous mixing,Unspecified
a3de297d30589d9115ca1059ab10f567,ae410add27edc2c0036f51a62a5c275b,16599,Ebola virus,Compartmental,SEIR,Deterministic,FALSE,Unspecified,FALSE,Unspecified,Heterogenity in transmission rates - over time,Unspecified
008d1e888f50d96c9d634b44a76b3d59,2448a5817e51a39aa3db78b019b7471b,16691,Ebola virus,Branching process,Not compartmental,Stochastic,FALSE,Quarantine;Vaccination,TRUE,Unspecified,Heterogenity in transmission rates - between groups;Heterogenity in transmission rates - over time,Unspecified
d9aa95c8b9eaa6bad1d99b366df6ae66,dc02053174c3e78f026065cfbd9fcc68,16761,Ebola virus,Other,Not compartmental,Stochastic,TRUE,Behaviour changes,FALSE,Unspecified,Heterogenity in transmission rates - between groups;Heterogenity in transmission rates - over time,Unspecified
313b32bdbe0d86130aeb5a5db818b98d,ef7c1ac1efcded72bc40ce5e5708522e,16787,Ebola virus,Compartmental,Other compartmental,Deterministic,FALSE,Other;Quarantine,TRUE,Human to human (direct non-sexual contact),Heterogenity in transmission rates - over time;Homogeneous mixing;Latent period is same as incubation period,Unspecified
142ca1a04e8f26b48261a34536508eb9,a4dfd8f88eb806ff074da229ad9fa148,16865,Ebola virus,Branching process,Not compartmental,NA,FALSE,Unspecified,FALSE,Human to human (direct non-sexual contact),NA,Unspecified
c173f596008f9a480a2d8a6928323b69,635ac0474cbc0ebfa840d3b5ff7259a2,16968,Ebola virus,Compartmental,SEIR,Deterministic,TRUE,Unspecified,FALSE,Human to human (direct non-sexual contact),Homogeneous mixing,Unspecified
aeb5d6c044d133fd19570dcc48c3d99b,4a70d1bfe2b1965610bc2d5a3e6232b7,17077,Ebola virus,Branching process,Not compartmental,Stochastic,FALSE,Unspecified,FALSE,Unspecified,Unspecified,Unspecified
aeb5d6c044d133fd19570dcc48c3d99b,f88adb98728b9c5a3f23d53ca23ccdc5,17077,Ebola virus,Other,Not compartmental,Deterministic,FALSE,Unspecified,FALSE,Unspecified,Unspecified,Unspecified
f9a0e504487da960ab6555bddc1db32f,2978d939cd901247cfd13ab1981e1497,17096,Ebola virus,Compartmental,Other compartmental,Deterministic,FALSE,Hospitals;Other;Safe burials,FALSE,Human to human (direct non-sexual contact),Homogeneous mixing,Unspecified
793f69a2236b78876e97700de9b2e949,d4b0f62f3aebc585cadc4995eff19dd4,17097,Ebola virus,Compartmental,Other compartmental,Deterministic,FALSE,Behaviour changes;Hospitals;Other,FALSE,Human to human (direct non-sexual contact),Homogeneous mixing,Unspecified
ca194849637be334fba1dd76f1a3cb79,0f9734e45cff567477c50130d7b9aa73,17111,Ebola virus,Agent / Individual based,SEIR,Stochastic,FALSE,Unspecified,TRUE,Unspecified,Heterogenity in transmission rates - between groups;Latent period is same as incubation period,Unspecified
3365f5fa8a6eccc3904c99740586fcb8,2be613889a729edd9a19cac4f7ece22c,17203,Ebola virus,Branching process,Not compartmental,Stochastic,FALSE,Unspecified,TRUE,Unspecified,Heterogenity in transmission rates - over time,Unspecified
b74d37a16a97b1f63a3eea37646f89d6,35ae899565ab9c4375c7d07879d9c965,17279,Ebola virus,Compartmental,Other compartmental,Stochastic,FALSE,Behaviour changes;Hospitals;Quarantine,FALSE,Unspecified,Heterogenity in transmission rates - between groups,Unspecified
3b5527dc4cd95bfb594c1d261964d0dd,e41651206ac05656a281d617a6ef1a7f,17333,Ebola virus,Other,Not compartmental,Stochastic,FALSE,NA,TRUE,Unspecified,Heterogenity in transmission rates - between groups;Heterogenity in transmission rates - over time,Unspecified
4356952a98ef2d90629f244e3f06c8f8,fabe915001e9d5864e1c3d4fbd84ecbb,17374,Ebola virus,Agent / Individual based,SIR,Stochastic,TRUE,NA,FALSE,Unspecified,Heterogenity in transmission rates - between groups,Unspecified
1c16e79fbefe67f7819b52311b0fe1fc,d3aced4455e51ae98db1174f75d8f883,17462,Ebola virus,Other,Not compartmental,Stochastic,FALSE,Behaviour changes,FALSE,Human to human (direct non-sexual contact);Sexual,Heterogenity in transmission rates - over time;Homogeneous mixing,Unspecified
1c16e79fbefe67f7819b52311b0fe1fc,be3632978e6d4cf435e673b13a6bc509,17462,Ebola virus,Compartmental,Other compartmental,Deterministic,FALSE,Vaccination,FALSE,Human to human (direct non-sexual contact);Sexual,Heterogenity in transmission rates - between groups;Heterogenity in transmission rates - over time;Homogeneous mixing;Latent period is same as incubation period,Unspecified
da912c225c7c01cbed5b4053f04d5ad3,7239095b871778715de77e858ef8acf0,17715,Ebola virus,Other,SEIR,Stochastic,FALSE,Unspecified,FALSE,Unspecified,Heterogenity in transmission rates - between groups;Heterogenity in transmission rates - over time,Unspecified
eab0843f4d0f1109b2563390775ec3d2,aea5c7d33fb46f52e2a3e25c00ddbc29,17939,Ebola virus,Compartmental,SIR,Deterministic,FALSE,NA,FALSE,Unspecified,Unspecified,Unspecified
22095c1243e47083af4a50d3b33e05a2,7cdf739173bdf9e5b7d0ccd27bff2633,17946,Ebola virus,Compartmental,Other compartmental,Deterministic,TRUE,NA,FALSE,Airborne or close contact;Human to human (direct non-sexual contact),Heterogenity in transmission rates - between groups,Unspecified
481399209d3d8506b833d439363ead20,dfe820ce846f173ff90684a96ce11d33,17956,Ebola virus,Compartmental,SEIR,Stochastic,FALSE,NA,TRUE,Human to human (direct non-sexual contact),Heterogenity in transmission rates - between groups;Heterogenity in transmission rates - over time,Unspecified
9fcda9683238ed9a1a2d830a842d56b2,906630a0b0f0e356d4a6b722fcccf389,18120,Ebola virus,Compartmental,SEIR,Deterministic,TRUE,Vaccination,FALSE,Unspecified,Homogeneous mixing;Latent period is same as incubation period,Unspecified
59827dff1fc61199ce82699408b40868,636f1cb6c338db3dac52e53d31bbec09,18147,Ebola virus,Compartmental,Other compartmental,Deterministic,TRUE,Other;Quarantine;Treatment;Vaccination,FALSE,Human to human (direct non-sexual contact);Sexual,Heterogenity in transmission rates - between groups,Unspecified
e9719b8c066fc3ec6bb002fb517fd0d7,5e12e0b7723eb81796f04f51d5edf46c,18224,Ebola virus,Compartmental,SEIR,Deterministic,FALSE,NA,FALSE,Human to human (direct non-sexual contact),NA,Unspecified
3b51faa6ca4cb7c256eed9f3e53f1d7f,f81a7b7cec3901d190f2a974b59ed191,18242,Ebola virus,Branching process;Compartmental,Not compartmental;SEIR,Stochastic,FALSE,Unspecified,FALSE,Unspecified,Heterogenity in transmission rates - over time,Unspecified
ef65352359e2b6c268bfa7bb5beb1279,af2746d1bc4b0797cd4097d3354f4c66,18371,Ebola virus,Compartmental,Other compartmental,Stochastic,FALSE,Hospitals;Vaccination,FALSE,Unspecified,Heterogenity in transmission rates - between groups;Heterogenity in transmission rates - over time;Homogeneous mixing,Unspecified
84bdcd29b76915010d40eaaa8fa6f8cd,76f46a1768f2c66a46f65e5c9e985e80,18372,Ebola virus,Compartmental,SEIR,Stochastic,FALSE,Vaccination,FALSE,Human to human (direct non-sexual contact),NA,Unspecified
3fb8765d7012f509e1e76d39758bdb7c,9cd40b2ede77d89d516f9c5b15939710,18508,Ebola virus,Compartmental,SIR,Stochastic,FALSE,NA,FALSE,Human to human (direct non-sexual contact),Heterogenity in transmission rates - between groups;Heterogenity in transmission rates - over time;Homogeneous mixing;Latent period is same as incubation period,Unspecified
4139e8dab6dec27235c11354365fd5dc,3847292266c2019b2958799b361a0a33,18535,Ebola virus,Compartmental,SEIR,Deterministic,FALSE,Vaccination,FALSE,Unspecified,Heterogenity in transmission rates - between groups;Heterogenity in transmission rates - over time,Unspecified
491a54cfbe61a3235a99e36ea490929e,7769bb2e0a3ab47c7ad86fe29a13361c,18730,Ebola virus,Compartmental,Other compartmental,Deterministic,TRUE,Behaviour changes;Hospitals;Other;Vaccination,FALSE,Airborne or close contact;Human to human (direct non-sexual contact),Homogeneous mixing;Latent period is same as incubation period,Unspecified
d13df8c70a51b3d69321aa64e62677e6,22eb4c0855c569562d919dd78d798c51,18772,Ebola virus,Compartmental,Other compartmental,Stochastic,FALSE,NA,FALSE,NA,NA,Unspecified
d13df8c70a51b3d69321aa64e62677e6,08c0b3b933856aeb379f1b82d7610ab7,18772,Ebola virus,Compartmental,Other compartmental,Deterministic,FALSE,NA,FALSE,Unspecified,Heterogenity in transmission rates - between groups,Unspecified
f0b2d1362e1189e503f5e02daa0f8c18,80adc3bfd0983d536414859475607fb6,18847,Ebola virus,Compartmental,Other compartmental,Deterministic,TRUE,Unspecified,FALSE,Unspecified,Homogeneous mixing,Unspecified
91e6bcdef9ba0b921bf7b887670ec8b8,63de6b9b498768eaa96bdad061f8e8f3,18874,Ebola virus,Compartmental,SEIR,Deterministic,FALSE,Unspecified,FALSE,Unspecified,Heterogenity in transmission rates - over time,Unspecified
a40730d039d9e9bafa5cc0664578770b,ffe83b7c9cfd8d801f897a87fc2b6dda,18917,Ebola virus,Compartmental,Other compartmental,Deterministic,TRUE,Unspecified,FALSE,Unspecified,Homogeneous mixing,Unspecified
5e85faeb3586d2ac7c6fb50f2e5f5d9c,61fdfe65b73df65b98b718616cb7ed74,18944,Ebola virus,Compartmental,SEIR,Deterministic,FALSE,NA,TRUE,Unspecified,Heterogenity in transmission rates - over time,Unspecified
062612800813f596a0aff1be66d0d9d2,923baf6f888b3e152259d031ba506158,19023,Ebola virus,Compartmental,SIR,Stochastic,FALSE,Unspecified,TRUE,Unspecified,Heterogenity in transmission rates - over time,Unspecified
a20f4dd01b71ecb79ec9ed42787f3e23,e294c930a43be9553e88e1246bded5b5,19049,Ebola virus,Compartmental,SEIR,Deterministic,TRUE,Unspecified,FALSE,Human to human (direct non-sexual contact),NA,Unspecified
273e24943ba60ea1f93c43da2f89abe3,24b77ca047d94c8b9b24f855de0f882d,19193,Ebola virus,Compartmental;Other,SIR,Stochastic,FALSE,Unspecified,TRUE,Unspecified,Homogeneous mixing,Unspecified
851a7b63afe9648da3ec6f27bb83c22f,d7d4e3c8b4137db917b9759d4006e4a8,19236,Ebola virus,Compartmental,SIR,Stochastic,FALSE,Unspecified,TRUE,Unspecified,Heterogenity in transmission rates - over time,Unspecified
bb5305b2da95537f63912fc59738072b,aaa780555756b95e6e5a6cf2ea7439c2,19420,Ebola virus,Branching process,Not compartmental,Stochastic,FALSE,Vaccination,FALSE,Unspecified,Heterogenity in transmission rates - over time,Unspecified
6f86998a44a812fdf24c936a8da4eada,65a64dc4cbb65b46e8eea2dbe9afb3f8,19444,Ebola virus,Compartmental,Other compartmental,Deterministic,FALSE,Contact tracing;Hospitals;Other;Vaccination,FALSE,Unspecified,Heterogenity in transmission rates - over time;Latent period is same as incubation period,Unspecified
1be9ef2ec71833ec5fdf8e9bb46b8562,931b8f2ed0fb3d0d5f2414ef6887b45a,19490,Ebola virus,Compartmental,Other compartmental,Stochastic,TRUE,Treatment Centres,FALSE,Human to human (direct non-sexual contact),Heterogenity in transmission rates - between groups,Unspecified
dfd756e5b20d4505837aa4a82d11cf5f,a5f125618dcd8fe6aa332f2cc1b855d4,19573,Ebola virus,Compartmental,Other compartmental,Deterministic,TRUE,Unspecified,FALSE,Unspecified,Homogeneous mixing,Unspecified
f5efbd639cd501ddb733d8b424309654,263399c98bfa4b4b38b5726f91f9ffeb,19717,Ebola virus,Compartmental,Other compartmental,Deterministic,TRUE,Quarantine,FALSE,Unspecified,Homogeneous mixing,Unspecified
af853e60aa226f77756833324d5b6c7d,263e561a4edb83c0410231c43846215e,19718,Ebola virus,Compartmental,Other compartmental,Deterministic,TRUE,Vaccination,FALSE,Unspecified,Homogeneous mixing;Latent period is same as incubation period,Unspecified
8a6173d2e2b2b087d4c18dd7db9074ec,46f02c27299c36d43ec566ad0df0f902,19719,Ebola virus,Other,SEIR,Deterministic,TRUE,Unspecified,FALSE,Unspecified,Heterogenity in transmission rates - between groups,Unspecified
772cc345529b48ea18383b95127bc002,2a195e0d21afc1e11884b62709a7934e,19832,Ebola virus,Compartmental,SIR,Deterministic,TRUE,Other;Vaccination,FALSE,Unspecified,Homogeneous mixing,Unspecified
ec7edaaa214068386a379c18c42c3b04,673cdc5aab1a4e8a460a00adf3f10a45,19880,Ebola virus,Compartmental,SIR,Stochastic,TRUE,Unspecified,FALSE,Unspecified,Unspecified,Unspecified
481d7b77128ab31b43cc7f2084642e12,7fe8c1badb1760376aa57222634ba541,20368,Ebola virus,Compartmental,SEIR,Deterministic,TRUE,Unspecified,TRUE,Animal reservoir to human;Human to human (direct non-sexual contact),Homogeneous mixing,Unspecified
389b509779255dcc817b9f49e01eb033,c2a9e92910f5308afb42b35e05946b2a,20401,Ebola virus,Compartmental,Other compartmental,Deterministic,FALSE,Hospitals;Quarantine,FALSE,Human to human (direct non-sexual contact);Sexual,Homogeneous mixing;Latent period is same as incubation period,Unspecified
ae3d8ab1fcdaed7fe16239f356c2239b,52bd4f8fddefc846f87e50e7d7505fba,20428,Ebola virus,Compartmental,SEIR,Deterministic,TRUE,Treatment;Vaccination,FALSE,Unspecified,Homogeneous mixing,Unspecified
1fd5d15520c52e4f7a655d19e3a6935c,7def6a207ed18a98e5eaf1bc1def0d53,20580,Ebola virus,Compartmental,Other compartmental,NA,TRUE,Hospitals,FALSE,Human to human (direct non-sexual contact),Heterogenity in transmission rates - between groups,Unspecified
812234f5c75206e8c257fe00883ab347,4a24c09b7f5f5433f7bf6ee40c1d7c0f,20600,Ebola virus,Compartmental,Other compartmental;SEIR,Deterministic,TRUE,Safe burials;Treatment;Vaccination,FALSE,Unspecified,Unspecified,Unspecified
95310e8e09a1948f4ed2f63ecc2f0049,33270964c8318f40b3296d63e24f1aca,20702,Ebola virus,Compartmental,SIR,Deterministic;Stochastic,FALSE,Quarantine;Vaccination,FALSE,Unspecified,Unspecified,Unspecified
616b65e9b2734ba3584ed102a82d2cf6,81b684024694fd6fb057cab8671a1045,20717,Ebola virus,Compartmental,Other compartmental;SIR,Deterministic,TRUE,Unspecified,FALSE,Unspecified,Unspecified,Unspecified
206ddb6a9e6a0994b9ea842f21ae7d60,76461ce9a5f0b62db9a7d4fd240fc962,20823,Ebola virus,Compartmental,SIR,Deterministic,TRUE,Unspecified,FALSE,Human to human (direct non-sexual contact),Homogeneous mixing,NA
1102cc1109aaca46b7966d7c3b7ed63f,600438849399c554ec3e4591019478c6,20916,Ebola virus,Compartmental,Other compartmental,NA,TRUE,Quarantine,FALSE,NA,NA,Unspecified
5569ef537ee1c3a0128ed851a9c31f72,b002be8be2c3d9f3c9d1d5cbe74435bf,20918,Ebola virus,Compartmental,SEIR,Deterministic,TRUE,Unspecified,FALSE,Unspecified,Unspecified,Unspecified
9d3257ccbeb6ad72a69e940f2a073897,6cfd158a201910d17d431fc08f4becc0,21165,Ebola virus,Compartmental,SIS,NA,TRUE,Unspecified,FALSE,Unspecified,Unspecified,Unspecified
bb103ce1c0c74d366b066b433006e579,5416201706f5c1a2f91848c1a9a39dd1,21313,Ebola virus,Compartmental,SEIR,Deterministic,TRUE,Unspecified,FALSE,Unspecified,Unspecified,Unspecified
387fe656b24ef6cfcd4b7449400ec4f9,c8a4ce456a66300664918d0712d6b17b,21510,Ebola virus,Agent / Individual based;Compartmental,Other compartmental,Deterministic,TRUE,Contact tracing;Other;Quarantine;Safe burials,FALSE,Human to human (direct non-sexual contact),Heterogenity in transmission rates - between groups;Heterogenity in transmission rates - over time,Unspecified
08dcdc7a19e32d7c89a773eda37db79f,14f77efbcca7542261779712f68b5ef7,21633,Ebola virus,Compartmental,Other compartmental,Deterministic,FALSE,Hospitals,FALSE,Unspecified,Unspecified,Unspecified
677cf45462478b4a88dd4e5a9263407d,76b2a64b7d2e04c6a69e108f4e373515,21671,Ebola virus,Compartmental,Other compartmental;SIR,Stochastic,TRUE,Unspecified,FALSE,Human to human (direct non-sexual contact),Homogeneous mixing,Unspecified
9648e2b854936ba3a0200cd87e9cf0de,3e1bfa38130eae7a34a425f02f5a4f15,21673,Ebola virus,Compartmental,Other compartmental,Deterministic;Stochastic,TRUE,Unspecified,FALSE,Unspecified,Unspecified,Unspecified
2210a28eba78f518b4641ec897426475,51790d70643c61fa36abfbac8cdcd85c,21723,Ebola virus,Compartmental,SIR,Stochastic,FALSE,Unspecified,FALSE,Unspecified,Unspecified,Unspecified
f82bc89ef8ecb3cb7a88051452ed9157,91f4c8cd260df058aac5e9bad1550d49,22053,Ebola virus,Branching process,Not compartmental,Stochastic,FALSE,Unspecified,TRUE,Unspecified,Unspecified,Unspecified
7816707608f4cc60e17b19125ed18969,3d4da65e0c7a43242fca43e199f030b5,22092,Ebola virus,Compartmental,SEIR,Deterministic,FALSE,Unspecified,FALSE,Human to human (direct non-sexual contact),Homogeneous mixing,Unspecified
39c8ab9dcdb778d4bd2a06e43810dae6,ca4e002c356baf2894e57e48d653cc3e,22463,Ebola virus,Compartmental,SIR,Deterministic,TRUE,Behaviour changes;Safe burials,FALSE,Unspecified,Unspecified,Unspecified
576639f18092e3c083a553f5e4f6fd4e,85322227e2207e3d9e2e1f1e52b0a725,22518,Ebola virus,Compartmental,Other compartmental;SIR,Deterministic,TRUE,Unspecified,FALSE,Unspecified,Unspecified,Unspecified
13b03ca728f42633af0b2ec5cc7d68ed,760fa39952c1b51b84edd8a56139add1,22547,Ebola virus,Compartmental,SEIR,Deterministic;Stochastic,FALSE,Unspecified,FALSE,Unspecified,Homogeneous mixing,Unspecified
52a6ee42b20eeffc5e470fa40e76d8c0,9e68cfe70eb3ec31714d0c94940487da,22647,Ebola virus,Compartmental,Other compartmental,NA,TRUE,NA,FALSE,Human to human (direct non-sexual contact),Unspecified,Unspecified
ff0f3770d43e661cfa893b919059555b,c73317e759d5f4dd8374f24003d1dab7,22685,Ebola virus,Compartmental,SEIR,Deterministic,TRUE,Quarantine,FALSE,Unspecified,Homogeneous mixing,Unspecified
0bca83714e3a30f81feec6acbab7c767,e3dca19ce10c4144cca57a90c4f0d15b,22692,Ebola virus,Compartmental,SEIR,Deterministic,TRUE,Unspecified,FALSE,Unspecified,Heterogenity in transmission rates - between groups,Unspecified
717170a581774a20c97a14c82ac22097,d49954a903e6b49d91f4a6b2d62831b3,22762,Ebola virus,Compartmental,SEIR;SIR,Deterministic,TRUE,Other;Treatment;Vaccination,FALSE,Unspecified,Unspecified,Unspecified
5a6750706589bbf592b201ceab46d2ba,386b5c4970e59fd6b56542b5bdbc272a,23068,Ebola virus,Compartmental,SEIR,NA,TRUE,Unspecified,FALSE,Animal reservoir to human;Human to human (direct non-sexual contact),Unspecified,Unspecified
99a38d5e45dffeb745e4b60bdf20310b,05b14dd08a2ed3e00514035c4567d61a,23104,Ebola virus,Compartmental,Other compartmental,Stochastic,TRUE,Unspecified,FALSE,Unspecified,Heterogenity in transmission rates - between groups,Unspecified
8a632baedf2b6ce317bf622f0da40363,2a64a3db01e4f0df4e6097c42f769f9b,23126,Ebola virus,Compartmental,Other compartmental;SIR,Deterministic,TRUE,NA,FALSE,Unspecified,Unspecified,Unspecified
f826b3b5bba0bc642da7e51296a373c7,e3fa3358b8e590bc2ddd4126d5449b4e,23390,Ebola virus,Compartmental,SEIR,Deterministic,TRUE,Unspecified,FALSE,Unspecified,Heterogenity in transmission rates - between groups,Unspecified
c8a67174ebfbdf0d36062b368dabbafe,998e730bfa9857278b932161a746ec11,23420,Ebola virus,Compartmental,Other compartmental,NA,TRUE,Hospitals;Behaviour changes,FALSE,Human to human (direct non-sexual contact);Sexual,Heterogenity in transmission rates - between groups,Unspecified
8a5a6047931fcbfe541f79d8422638ff,7080fe9505a29ff3e2a02c0de000fa8d,23425,Ebola virus,Compartmental,SEIR,NA,TRUE,Treatment,FALSE,Human to human (direct non-sexual contact),Unspecified,Unspecified
58b842898cec460068556d3fa3b764e7,db0ef2d611489cfee9ea7a8092640a75,23506,Ebola virus,Compartmental,SEIR,Deterministic,TRUE,Other,FALSE,Human to human (direct non-sexual contact),NA,Unspecified
8289521bb0b0806a57232c187422ef4b,5cac12c52a39071891edb37dccea3d86,23507,Ebola virus,Compartmental,Other compartmental;SEIR,Deterministic,FALSE,Other,FALSE,Human to human (direct non-sexual contact),Heterogenity in transmission rates - between groups;Heterogenity in transmission rates - over time;Homogeneous mixing,Unspecified
ae6eab2e004368013c281f6ca66c0150,96b4fe3fee351e16d87d83f82938155f,23523,Ebola virus,Compartmental,SEIR,Deterministic,FALSE,Unspecified,FALSE,Unspecified,Unspecified,Unspecified
5695ecf250f79cf2665616e95a71c7ba,7262433a3d0c23d87b7858b9069d6b4f,23594,Ebola virus,Compartmental,SEIR,Deterministic,TRUE,NA,FALSE,Human to human (direct non-sexual contact),Unspecified,Unspecified
0b249939cd7911406d4b0da7120ed6d4,244cfb27ca5b88689fcea503bd88460b,23595,Ebola virus,Compartmental,SIR,Deterministic,TRUE,NA,FALSE,Human to human (direct non-sexual contact),Unspecified,Unspecified
6815fc117f1b047284aa83dd49cd1687,0883e914a2587765f322920145adcda6,23669,Ebola virus,Compartmental,Other compartmental,Deterministic,FALSE,Behaviour changes;Quarantine,FALSE,Human to human (direct non-sexual contact),Unspecified,Unspecified
560ffa6b45f96a6cb4a1d1a33ab30b9c,4a027cf7f0b0b6547224521d12028839,23670,Ebola virus,Compartmental,Other compartmental,Deterministic,TRUE,Contact tracing;Hospitals;Quarantine;Safe burials;Vaccination,FALSE,Human to human (direct non-sexual contact),Unspecified,Unspecified
5ea475226391a3105ca935468d36ed54,85cdf31d429b49814fd02b9c6737055e,23674,Ebola virus,Compartmental,SEIR,Deterministic,TRUE,Unspecified,FALSE,Human to human (direct non-sexual contact),Latent period is same as incubation period,Unspecified
a0860c3f673edb3c33c09ea60f293bee,ef9b24a7e9b842e3b333a9917e1b5a0f,23719,Ebola virus,Compartmental,Other compartmental,Deterministic,FALSE,Hospitals;Quarantine;Safe burials,FALSE,NA,NA,Unspecified
303a2a3ccd56244a03accdb909650893,ac0a3ae4d21e41d337d804ccbdbf12c0,23896,Ebola virus,Compartmental,Other compartmental;SEIR,Deterministic,TRUE,Unspecified,FALSE,Human to human (direct non-sexual contact),Latent period is same as incubation period,Unspecified
abc42363269b1d9fbb2aa600860e50b4,1d730a29528031ac240d0c4811c97f2f,23964,Ebola virus,Compartmental,Other compartmental,Stochastic,TRUE,NA,FALSE,Human to human (direct non-sexual contact),Unspecified,Unspecified
cefa48f3e1d8ee8cc6a1f4d7672f3a61,ee952b8d50dadd732974e5560a4be6a3,23986,Ebola virus,Compartmental,SEIR,Stochastic,FALSE,Unspecified,TRUE,Human to human (direct non-sexual contact),Unspecified,Unspecified
2f0d539c74beaf60f8a27a983ef731f3,9f8b0f15f0cb8558e6f94a683aa312d2,24286,Ebola virus,Branching process,Not compartmental,Stochastic,FALSE,NA,FALSE,Human to human (direct non-sexual contact),Heterogenity in transmission rates - over time,Unspecified