id,model_data_id,covidence_id,pathogen,model_type,compartmental_type,stoch_deter,theoretical_model,interventions_type,code_available,transmission_route,assumptions,ebola_variant
1f70619a4ab2cf6a5a31d6b8e243d5f3,135541829ee7fea510ab5f0ffb6e0480,30,Ebola virus,Compartmental,SEIR,Deterministic,FALSE,Unspecified,FALSE,Human to human (direct non-sexual contact),Heterogenity in transmission rates - over time;Homogeneous mixing,Unspecified
eb6c62387fa97c769352a7bb387237bb,df06bfcb8d15e8bf7b6c6dbc9c5503ac,45,Ebola virus,Branching process,NA,Stochastic,FALSE,Other;Quarantine,TRUE,Human to human (direct non-sexual contact),Heterogenity in transmission rates - between groups,Unspecified
787a0d8a0b8b5c143745c779fc966462,b92f93c17fdfc230d7993cb411360b23,65,Ebola virus,Compartmental,Other compartmental,NA,FALSE,Hospitals;Safe burials,FALSE,Human to human (direct non-sexual contact),NA,Unspecified
9e0a09853e6a67d8a006370bae31274e,9872b9952d1c55f4a7373e169820cf9d,159,Ebola virus,Compartmental,SIR,Deterministic,FALSE,Unspecified,FALSE,Unspecified,Unspecified,Unspecified
f100b2302fc4be162f4416326797e5c7,dac7b1ca158c24b0c9c1141f2951312a,206,Ebola virus,Compartmental,Other compartmental,Deterministic,FALSE,Quarantine;Treatment,FALSE,Unspecified,Homogeneous mixing;Latent period is same as incubation period;Heterogenity in transmission rates - over time,Unspecified
ed069e1b2cac6d35d24e1c37ea9223ba,1d300cc41387a813eed7eeecd683566a,291,Ebola virus,Compartmental,Other compartmental,Stochastic,FALSE,Quarantine;Safe burials;Treatment,FALSE,Human to human (direct non-sexual contact),Heterogenity in transmission rates - over time,Unspecified
ed069e1b2cac6d35d24e1c37ea9223ba,3f6f5d34afcfb5f061759da55ad200b8,291,Ebola virus,Compartmental,Other compartmental,Deterministic,FALSE,Quarantine;Safe burials;Treatment,FALSE,Human to human (direct non-sexual contact),Heterogenity in transmission rates - over time,Unspecified
ed069e1b2cac6d35d24e1c37ea9223ba,c695bcbadf5155cfbbab26931944a617,291,Ebola virus,Compartmental,SEIR,Deterministic,FALSE,Quarantine;Safe burials;Treatment,FALSE,Human to human (direct non-sexual contact),Unspecified,Unspecified
cac2658d29b6003dd1362c630de74d17,9cbcdadf245e77e9498fd01dd2967f3f,315,Ebola virus,Compartmental,Other compartmental,Stochastic,FALSE,Behaviour changes,FALSE,Human to human (direct non-sexual contact);Sexual,NA,Unspecified
5ab1d50e7c756f3f653a2ffde7462e56,e7fd2c06dee398c0782b9f2b1b7474a0,404,Ebola virus,Compartmental,SIR,NA,FALSE,Treatment,FALSE,Human to human (direct non-sexual contact),NA,Unspecified
b884aa2380d205eb1ef498accd44e413,9afeb97d223b4f66b994fd86db8e73ac,411,Ebola virus,Other,Not compartmental,NA,TRUE,NA,FALSE,NA,NA,Unspecified
255021ecd61a38f9fe7f03fa116d81fa,67a1e17876dec53427a93566696ecb6b,454,Ebola virus,Agent / Individual based,SEIR,Stochastic,TRUE,Behaviour changes;Hospitals;Other;Quarantine;Safe burials,FALSE,Unspecified,Unspecified,Unspecified
f00354cb6b633b59cb245fac05271b09,34e231a2bca13320725bd10f5b4064fa,507,Ebola virus,Compartmental,Other compartmental,Stochastic,FALSE,Hospitals;Behaviour changes;Safe burials,FALSE,Unspecified,Heterogenity in transmission rates - between groups;Latent period is same as incubation period,Unspecified
286132aadf462c53c4975323ade940d3,16e731ae53d8761bdec588f7e974778c,525,Ebola virus,Agent / Individual based,SEIR,Stochastic,FALSE,NA,FALSE,Unspecified,Heterogenity in transmission rates - between groups;Latent period is same as incubation period;Heterogenity in transmission rates - over time,Unspecified
4d2689c90e6d3dfd389236bc1181e8e0,04ae8ced73cffcdf4b16aaa65f13f295,547,Ebola virus,Other,Not compartmental,NA,FALSE,NA,FALSE,NA,NA,Unspecified
68acd49010ce6fd71c095693fce5f854,7199e01c818b60efccea5c58a794d91f,590,Ebola virus,Other,NA,NA,FALSE,NA,FALSE,Human to human (direct non-sexual contact),NA,NA
7f2fd6468903ff235354aa02ee12d2fe,917e7091c0efbb6766e7f243e64baf81,676,Ebola virus,Compartmental,Other compartmental,NA,FALSE,Safe burial; Unspecified,FALSE,Human to human (direct non-sexual contact),Homogeneous mixing,Unspecified
a54250d76ce4c96cc9cec53db339c9c2,1606be16c01f586f398314bdb6174675,700,Ebola virus,Compartmental,SIR,NA,FALSE,Hospitals,FALSE,Human to human (direct non-sexual contact),NA,Unspecified
4db6fcc9b296dab8576dcbca1290a8fc,52082a5ceed7979acb139a7ccd942ff2,701,Ebola virus,Compartmental,SEIR,Stochastic,FALSE,Contact tracing,FALSE,Human to human (direct non-sexual contact),Unspecified,Zaire Ebola virus (EBOV)
aee61aae8853d88478b2e720659097b1,e247f00f5698c18c81251deac0af0e68,754,Ebola virus,Compartmental,SIS,Deterministic,FALSE,NA,FALSE,Human to human (direct non-sexual contact),NA,Unspecified
e276e015ebed7a843c39ac62eb00f39e,2cd0dc140cf62571e0f27e24dd9ee8e3,757,Ebola virus,Compartmental,Other compartmental,NA,TRUE,Hospitals;Safe burials,FALSE,NA,NA,Unspecified
30b6feb254d3820d17a5d69feb04d77d,367a981b9654a5d78554cd230c2f1f31,865,Ebola virus,Compartmental,Other compartmental,Deterministic,FALSE,Unspecified,TRUE,Unspecified,Unspecified,Unspecified
da6b9ad32d7405692bf9c817b62f214a,6403ec9838c61736cc5ec9d2c310c893,885,Ebola virus,Agent / Individual based,SEIR,Stochastic,FALSE,Other;Safe burials,FALSE,Unspecified,Heterogenity in transmission rates - over time;Latent period is same as incubation period,Unspecified
1076581ed2e1053c84d0ff18aa088425,00cf4fb0118b37e75a2fdd0b70b07c62,886,Ebola virus,Agent / Individual based;Compartmental,Other compartmental,Stochastic,FALSE,Safe burials,FALSE,Human to human (direct non-sexual contact),Heterogenity in transmission rates - between groups,Zaire Ebola virus (EBOV)
167371bdff6b92adf24a4bdd10617080,d3ebcea3945609e052c3309409c31cf1,944,Ebola virus,Compartmental,Other compartmental,NA,FALSE,Other;Quarantine;Safe burials;Vaccination,FALSE,Human to human (direct non-sexual contact),Heterogenity in transmission rates - between groups;Heterogenity in transmission rates - over time,Unspecified
8a9f0d7912a477c63e351732dd0ed734,6f063564f66495b9b4068cd79e087e41,977,Ebola virus,Other,Other compartmental,Stochastic,FALSE,Unspecified,FALSE,Human to human (direct non-sexual contact),Heterogenity in transmission rates - over time,Unspecified
ff5e220d69ee800662b0f3000d28889f,380888b5f6769b426cc08c911cd3a58f,1015,Ebola virus,Branching process,Not compartmental,NA,FALSE,NA,FALSE,Human to human (direct non-sexual contact),NA,Unspecified
9124638ef2eaf679f1fa1201f5e37ca6,43517a3b40157d4675781e29c2dfc3d8,1068,Ebola virus,Compartmental,Other compartmental,Stochastic,TRUE,Contact tracing,FALSE,Human to human (direct non-sexual contact),Heterogenity in transmission rates - between groups,Unspecified
d3a11ceb5b78982bd75e65a295413dd2,ef60ff7446616b4764af5bb68ca33bb4,1170,Ebola virus,Compartmental;Other,Not compartmental;Other compartmental,Deterministic,FALSE,Unspecified,FALSE,Human to human (direct non-sexual contact),Heterogenity in transmission rates - between groups;Homogeneous mixing,Unspecified
d09f129b1e1967ddb69987abff1906eb,b55fe2f004b164fd1f8aa2d1ee062d59,1253,Ebola virus,Compartmental,Other compartmental,Stochastic,FALSE,Hospitals;Safe burials,FALSE,Human to human (direct non-sexual contact),Heterogenity in transmission rates - between groups;Homogeneous mixing,Unspecified
17f9e94e46af08eeebab90eab3f510cf,d9b34686b151e146f335d654060d8d09,1323,Ebola virus,Compartmental,Other compartmental,Deterministic,FALSE,Safe burials,FALSE,Human to human (direct non-sexual contact);Sexual,Latent period is same as incubation period,Unspecified
c1b4278ecf64e01e2e8d1c861ea25ac7,6ca34994cdcd664bfb304d8069294383,1367,Ebola virus,Other,Not compartmental,Deterministic,FALSE,Unspecified,FALSE,Unspecified,Unspecified,Unspecified
cffd126042f8941031eca14164a394e4,a09c3f50993a4c643955a01a8c47258c,1368,Ebola virus,Other,Not compartmental,Deterministic,FALSE,Unspecified,FALSE,Unspecified,Unspecified,Unspecified
7000c401d4138beb8ee1481c45895558,4bfd2b3386d9e6f2280afbe910b1d084,1510,Ebola virus,Other,NA,Stochastic,TRUE,NA,FALSE,NA,NA,Unspecified
1ae21a5eeef620ee9a5a4a011a75dab4,b225ef2abe033054c37c25f360f4024d,1543,Ebola virus,Compartmental,Other compartmental;SEIR,Stochastic,TRUE,NA,FALSE,Animal reservoir to human;Human to human (direct non-sexual contact);Sexual,Homogeneous mixing,Unspecified
9e1de28b5d061538d597c57507461fe8,708b926b82433b4ccc776bd9e2b5c361,1552,Ebola virus,Compartmental,Other compartmental,Deterministic,TRUE,Quarantine,FALSE,Unspecified,Heterogenity in transmission rates - between groups,Unspecified
634677edf39c63496a72f4a0410d1d16,779114f64617703c19c83276ab1652bc,1636,Ebola virus,Compartmental;Other,Other compartmental,NA,FALSE,NA,FALSE,Unspecified,Unspecified,Unspecified
b347e8da74ac2e0a59055dd7c0908967,554cbe5461d445458b6f12042ab715d5,1653,Ebola virus,Compartmental,Other compartmental,Deterministic;Stochastic,FALSE,Contact tracing;Other;Treatment,FALSE,Unspecified,Homogeneous mixing;Latent period is same as incubation period,Unspecified
f1d7ff5a9b13d44697e3f9e8d202a2fb,7be87c5d4d4c3327efdbcb0e5107e07f,2065,Ebola virus,Other,NA,Deterministic,FALSE,NA,TRUE,Human to human (direct non-sexual contact),Heterogenity in transmission rates - between groups,Unspecified
f1d7ff5a9b13d44697e3f9e8d202a2fb,76cf901b0e7b74e6b81655ad9b706880,2065,Ebola virus,Compartmental,SEIR,Deterministic,FALSE,NA,TRUE,Human to human (direct non-sexual contact),Heterogenity in transmission rates - over time;Homogeneous mixing,Unspecified
932fcc3944bea81bd208c677d6feceaf,17952e505caaeba1e371cb9291f57ba1,2313,Ebola virus,Branching process,Not compartmental,NA,FALSE,NA,FALSE,Human to human (direct non-sexual contact),NA,Unspecified
03bfbc8f022a411744eb46d897cbd073,6e746b1f0c80bb8ee1117232e1d959dc,2337,Ebola virus,Branching process,NA,NA,FALSE,NA,FALSE,Human to human (direct non-sexual contact),NA,Unspecified
5061b2178ce690a0f965540d16046b85,26523e76ad68bb563e1aa12531f1a322,2470,Ebola virus,Compartmental,SEIR;SIR,Deterministic,TRUE,NA,FALSE,Unspecified,NA,Unspecified
ce5580e8259a50962311dfa1c3a9c6ad,127c92fb904254c6923d0cff5821044d,2547,Ebola virus,Compartmental,Other compartmental,Deterministic,FALSE,Treatment,FALSE,Unspecified,Homogeneous mixing,Unspecified
7af3582beb3a0d367c57f060ed74b8e2,a3b745cb78431ac7c8af4e6e5434d8f9,2653,Ebola virus,Agent / Individual based,Other compartmental,Stochastic,FALSE,Contact tracing;Hospitals;Safe burials,FALSE,Unspecified,Heterogenity in transmission rates - over time,Unspecified
97c854486ba7ed52301e93001b950e0b,7f0d0b01a1a2162ff9049c70aa8ed03c,2857,Ebola virus,Agent / Individual based,NA,Stochastic,FALSE,Vaccination,FALSE,Human to human (direct non-sexual contact),Heterogenity in transmission rates - between groups,Unspecified
175187b35413dad20f59f4a10845f4db,db203cd0b41387720475da188ce4e141,2858,Ebola virus,Agent / Individual based,NA,Stochastic,FALSE,Other;Safe burials;Treatment Centres,FALSE,Human to human (direct non-sexual contact),Heterogenity in transmission rates - between groups,Unspecified
21df81c7075ce4198dcd9daf00bf470b,ed6940f59030c56e8523987ca3cbb766,2882,Ebola virus,Compartmental,SEIR,Deterministic,FALSE,Other;Treatment Centres,FALSE,Human to human (direct non-sexual contact),Homogeneous mixing,Unspecified
23e09c0be4d1a889361702289a9fc8d2,f145bbeb26ed1a7d925bb61ebc31b3fc,2890,Ebola virus,Compartmental,SIR,Deterministic,FALSE,Behaviour changes,FALSE,Human to human (direct non-sexual contact),Heterogenity in transmission rates - between groups,Unspecified
bc95c2107a26256e9c7140af4abc5dd8,1925322615d5d839a31e3da3447d236e,2941,Ebola virus,Compartmental,SEIR,Stochastic,TRUE,Unspecified,TRUE,Human to human (direct non-sexual contact),Homogeneous mixing,Unspecified
79d2b596b9a62be818750d2e4258bb4e,71fc868f726ece5d1383e44cb9d8d6b9,2947,Ebola virus,Compartmental,Other compartmental,Stochastic,FALSE,Hospitals;Safe burials,FALSE,Human to human (direct non-sexual contact),Homogeneous mixing,Unspecified
af0735054c9324dca42aa14bcfab0495,9b5697ca159ed36a78ff8f46b18d5d66,2980,Ebola virus,Compartmental,SEIR,Deterministic,FALSE,NA,FALSE,Airborne or close contact,NA,Unspecified
2ee219b362bcd2f0570c7a1c915e7511,61233fdc3e9afd713099e2c42a12eb17,3058,Ebola virus,Branching process,Not compartmental,Stochastic,FALSE,Vaccination,FALSE,NA,NA,Unspecified
4a5a243a2da8dc2fe23d2f6f87b8d754,2406134f1cfb6de8f6607b2f0258b768,3060,Ebola virus,Compartmental,SEIR,Stochastic,FALSE,Treatment Centres,FALSE,Human to human (direct non-sexual contact),Heterogenity in transmission rates - over time,Unspecified
42993b94116761e4db95b3f374b7787b,d183e1529116d483fbce154fcf654474,3094,Ebola virus,Branching process,Not compartmental,NA,TRUE,NA,TRUE,NA,NA,Unspecified
974d1065efbc6a2116255d81df433edc,33f9a31dbfa6be3b66c38eb7e9a8b91c,3103,Ebola virus,Other,Not compartmental,NA,TRUE,NA,FALSE,NA,NA,Zaire Ebola virus (EBOV)
0b0bda8ecba7280af5dabdda4ce5d7a2,6257ef6fc119d6e64c12d364961ab4a0,3188,Ebola virus,Compartmental,Other compartmental,Stochastic,FALSE,NA,FALSE,Human to human (direct non-sexual contact);Sexual,NA,Unspecified
7fa8b0e3f50bcaeaf8c832d82b76f937,409f1070981498bae129d25bf9d1ed45,3231,Ebola virus,Compartmental,Other compartmental,Stochastic,FALSE,NA,TRUE,Unspecified,NA,Unspecified
6ff0d1664c083c3440d6d4529d971426,02c35d76e86c60df3bcf6d0dd309c0dd,3342,Ebola virus,Agent / Individual based;Compartmental,SEIR,Stochastic,FALSE,NA,TRUE,Human to human (direct non-sexual contact),Heterogenity in transmission rates - between groups,Unspecified
ef52eeff87951559e03cb4d26121077f,90b00a4a0f84836264e2ed65a56df31d,3343,Ebola virus,Agent / Individual based;Compartmental,SEIR,Stochastic,FALSE,NA,FALSE,Human to human (direct non-sexual contact),Heterogenity in transmission rates - between groups,Unspecified
528e5a9761ae837918babcc80093f8a5,0943c1ea0253813379c9e53c283385ba,3470,Ebola virus,Other,Not compartmental,Stochastic,FALSE,NA,TRUE,Unspecified,Heterogenity in transmission rates - between groups;Heterogenity in transmission rates - over time;Latent period is same as incubation period,Unspecified
7a8ad3fa3ed3e1fed0ce1b0409fa083c,a1d4b2031e08d927c5c57c10f9936adb,3471,Ebola virus,Other,Not compartmental,Stochastic,FALSE,Unspecified,FALSE,Unspecified,Heterogenity in transmission rates - between groups;Heterogenity in transmission rates - over time;Latent period is same as incubation period,Unspecified
9dbbeaaa08c3a04cf73afdee4fbdcc57,156191d878b5412ce77c9a11c13007db,3533,Ebola virus,Compartmental,Other compartmental,Deterministic,FALSE,Hospitals;Treatment;Vaccination,FALSE,Human to human (direct non-sexual contact),Latent period is same as incubation period,Unspecified
83ab1cb16848757fc3b925c87f96b33c,5f679bae129b2285fe5bd3a94f8efbe9,3607,Ebola virus,Other,Not compartmental,Stochastic,TRUE,NA,FALSE,NA,NA,Unspecified
c3a8b3899867e78d138ea8f86ebf53ea,e632cf518b72846e473ca96335e25c7a,3777,Ebola virus,Compartmental,SEIR,Deterministic,FALSE,Quarantine,FALSE,Human to human (direct non-sexual contact),Heterogenity in transmission rates - between groups,Unspecified
2bbb735e6e0cf2d53f56b94a32459a4a,2c6814f71c5ae930a31c78dc0870a651,3778,Ebola virus,Agent / Individual based,SIR,NA,FALSE,NA,FALSE,Unspecified,Unspecified,Unspecified
ea2e6961fd4c1f78021223bf26ac3180,df4a23c663fffc39d3a57c39a541a26c,3809,Ebola virus,Branching process,NA,Stochastic,FALSE,Vaccination,FALSE,Human to human (direct non-sexual contact),Homogeneous mixing,Unspecified
12515bef4d0c1b2c9e427bbd847ec702,a00e2c5f0e05d42850aba9b3ebc99454,3924,Ebola virus,Compartmental,Other compartmental,Deterministic,TRUE,Hospitals;Quarantine;Treatment,FALSE,Unspecified,Unspecified,Unspecified
e2b03f1873072b396bf10d8ed97af555,9e6b311c55b426be81bacfb4a4c2b603,3927,Ebola virus,Other,Not compartmental,NA,FALSE,Unspecified,FALSE,Unspecified,NA,Unspecified
31f6d7a4baafacc48c7990665226f3dd,7c72dc6ca9ef846a79149b081d1846a4,3940,Ebola virus,Compartmental,Other compartmental,Deterministic,TRUE,Behaviour changes;Other;Safe burials,FALSE,Human to human (direct non-sexual contact);Sexual,Unspecified,Unspecified
9561d38dafff9848bcd414a8c75c774f,0f509386e9bbf3eb4886b26a2806b445,4066,Ebola virus,Compartmental,Other compartmental,Deterministic,FALSE,Other,TRUE,NA,Homogeneous mixing,Unspecified
6ac95bfa7988cd1ddee73bcb8414dd53,094974c2fc43d67e9ef552900da9713a,4155,Ebola virus,Other,Not compartmental,NA,FALSE,NA,FALSE,NA,NA,Unspecified
f6043af7cd7513284550776722c485ea,4b546a0239588474d2e282d73cc0eec6,4232,Ebola virus,Compartmental,Other compartmental,Stochastic,FALSE,Unspecified,FALSE,Unspecified,Unspecified,Unspecified
f6043af7cd7513284550776722c485ea,858b96c84bd4164b740f8e59fd634180,4232,Ebola virus,Agent / Individual based,Not compartmental,Stochastic,FALSE,Unspecified,FALSE,Unspecified,Unspecified,Unspecified
e80578ee1b400afd0c68c5ff8f0180bc,cc7856ee4f9287119ce54de45ffca8c4,4233,Ebola virus,Agent / Individual based,Other compartmental,Stochastic,FALSE,Hospitals,FALSE,Unspecified,Unspecified,Unspecified
447edc7e0e1a24facdcc7ebf0cb49a8c,48cf093198d1bb4213d51110684cd38c,4301,Ebola virus,Compartmental,Other compartmental,Stochastic,TRUE,Other;Vaccination,TRUE,Human to human (direct non-sexual contact),NA,Unspecified
23dd3cabc192a05f50c7ffd5e4659383,950e566fc5f500f706f88a46165cfc6b,4302,Ebola virus,Compartmental,SEIR,Stochastic,FALSE,NA,FALSE,NA,Heterogenity in transmission rates - over time,Unspecified
23dd3cabc192a05f50c7ffd5e4659383,f3b5a83c7de8f9a8be306787df609ab8,4302,Ebola virus,Compartmental,Other compartmental,Deterministic,FALSE,NA,FALSE,NA,Heterogenity in transmission rates - over time,Unspecified
23dd3cabc192a05f50c7ffd5e4659383,678a88eb71928f1510c7185b9dc6f595,4302,Ebola virus,Compartmental,SEIR,Deterministic,FALSE,NA,FALSE,NA,Heterogenity in transmission rates - over time,Unspecified
23dd3cabc192a05f50c7ffd5e4659383,b5aef3c517df55064a39b1f9b80e6359,4302,Ebola virus,Compartmental,Other compartmental,Stochastic,FALSE,NA,FALSE,NA,Heterogenity in transmission rates - over time,Unspecified
cef95cbf0d08f2931becfcfd5dac3eea,9a76982e5b8695049847f1a136c277cf,4387,Ebola virus,Other,NA,Stochastic,FALSE,NA,FALSE,NA,Heterogenity in transmission rates - over time,Unspecified
0845ab562ec916166b0e7c04d10093e1,0aab1b880742ec78ecdce9ec0f1fb237,4407,Ebola virus,Compartmental,SEIR,Deterministic,TRUE,Hospitals;Safe burials,FALSE,NA,NA,Unspecified
b3615519d95f1d4ad6a1bd4dab4d6935,e43d7ca43757f6e8df090343cc21f60b,4420,Ebola virus,Compartmental,Other compartmental,Stochastic,FALSE,Hospitals,FALSE,Human to human (direct non-sexual contact),Heterogenity in transmission rates - over time,Unspecified
7a3881ece1334c4c0d4329c32076ffda,88b48c936fc501164d5de66ca096d180,4421,Ebola virus,Compartmental,SEIR,Stochastic,FALSE,Unspecified,TRUE,Human to human (direct non-sexual contact),Heterogenity in transmission rates - over time,Unspecified
e7fd7e97770e579ee51e3161bf8fd6ba,7e3d411d2bbd3d025471c3c166f01e54,4422,Ebola virus,Compartmental,Other compartmental,Stochastic,FALSE,Unspecified,TRUE,Human to human (direct non-sexual contact),Heterogenity in transmission rates - over time,Unspecified
a934e5ee5bd4c78f51556edfa34b925a,ef50e92b5320098d1db7b6d1326b3e58,4500,Ebola virus,Compartmental,Other compartmental,Stochastic,FALSE,NA,FALSE,Human to human (direct non-sexual contact),Homogeneous mixing,Unspecified
f2c96e82d56d69f19705547cc872faad,78aa251da2000a2589179485fd78c8e3,4568,Ebola virus,Other,Not compartmental,Deterministic,FALSE,Vaccination,FALSE,Unspecified,Homogeneous mixing;Latent period is same as incubation period;Unspecified,Unspecified
24932086f736732063914c1e8ed69acb,6050e4ce28a87db50a7cb75f918b98f1,4569,Ebola virus,Other,Not compartmental,Deterministic,FALSE,Unspecified,FALSE,Unspecified,Homogeneous mixing;Latent period is same as incubation period;Unspecified,Unspecified
d6a06a2d65f9cbb757ad8b0e245467ef,dd4aa318b200f5a67a887686ee3fda18,4607,Ebola virus,Compartmental;Other,Other compartmental,Deterministic,TRUE,NA,FALSE,Unspecified,Homogeneous mixing,Unspecified
532070f37107a9c1345a1976c499a7ad,3110e937faeccb5652f1c6d30ecc4e07,4642,Ebola virus,Compartmental,Other compartmental,Stochastic,FALSE,NA,FALSE,Human to human (direct non-sexual contact),Heterogenity in transmission rates - between groups,Unspecified
e004401277e06b07327016d2564f0675,b0cfdf7122f12a09c6c57e2b7f677ca5,4778,Ebola virus,Compartmental,SEIR,Deterministic,FALSE,Other;Quarantine;Treatment Centres,TRUE,Unspecified,Heterogenity in transmission rates - between groups,Zaire Ebola virus (EBOV)
e004401277e06b07327016d2564f0675,69f0e2cfc6e2663fcb28a6ff4c44fb0e,4778,Ebola virus,Compartmental,SEIR,Stochastic,FALSE,Other;Quarantine;Treatment Centres,TRUE,Unspecified,Heterogenity in transmission rates - between groups,Zaire Ebola virus (EBOV)
edc64ab2acec2f2349703d0b2e11e06e,0882363b8b87d09bae250e32c1230091,4787,Ebola virus,Branching process,SEIR,Stochastic,FALSE,Hospitals;Safe burials,FALSE,Human to human (direct non-sexual contact),Heterogenity in transmission rates - between groups,Unspecified
8f8d610e882511960e8c146266b6c8bb,b4a5d5a6e9e8112c55f052461d29f2bf,4811,Ebola virus,Compartmental,Other compartmental;SEIR,Deterministic,FALSE,Other,FALSE,Unspecified,Heterogenity in transmission rates - between groups,Unspecified
29f4a5e5b7563e91b43d6f68a735e80d,911335a392a49e9be8eee3f52d080e6c,4828,Ebola virus,Compartmental,SEIR,Deterministic,FALSE,Quarantine;Safe burials,FALSE,Unspecified,Unspecified,Unspecified
88cb2206fc49b58a6588bc1d1198b95d,a7ef852e4477e0ec80c80dabdd88269d,4981,Ebola virus,Compartmental,SEIR,Stochastic,FALSE,NA,FALSE,Human to human (direct non-sexual contact),Heterogenity in transmission rates - between groups,Zaire Ebola virus (EBOV)
f16f35a67dc98dcff4f4c903a37aae47,fc14fa22094d529becdda2a1520c26a1,4991,Ebola virus,Branching process,NA,NA,FALSE,Quarantine;Safe burials,FALSE,Human to human (direct non-sexual contact),NA,Unspecified
9369b177742174e5b4eeed082c66fa2d,d78597c2ce827cd626eea8e1361defb2,5005,Ebola virus,Unspecified,NA,Stochastic,FALSE,NA,FALSE,Human to human (direct non-sexual contact),Unspecified,Unspecified
5f37e98e024eb7c15d8d2e177f914cb5,fd06ebb6cc230b43d2d666356852959d,5033,Ebola virus,Compartmental,Other compartmental,NA,FALSE,NA,FALSE,NA,NA,Unspecified
a420eb8489a5cf26966bab58c7dbe13a,8c78daa40c882f589aee438beb3edfbb,5057,Ebola virus,Agent / Individual based,SEIR,Stochastic,FALSE,NA,FALSE,Human to human (direct non-sexual contact),Heterogenity in transmission rates - between groups;Heterogenity in transmission rates - over time,Unspecified
7b5f966542952f55f1657d5e5dcbea36,125e5b2eb4db500774010ba091fb957c,5252,Ebola virus,Compartmental,Other compartmental,Deterministic;Stochastic,FALSE,Behaviour changes;Hospitals;Safe burials,FALSE,Human to human (direct non-sexual contact),Heterogenity in transmission rates - between groups;Heterogenity in transmission rates - over time;Homogeneous mixing,Unspecified
48f19892a164f75e317821d7a81e05a8,23593b4c54796f10c9df5c4e0b00b737,5253,Ebola virus,Compartmental,SEIR,Stochastic,FALSE,Hospitals;Safe burials;Treatment Centres,FALSE,Unspecified,Heterogenity in transmission rates - over time,Unspecified
57e555ec283f7c594908686b9f152050,6abd0b9834fcc1baaf996d1933dd0127,5255,Ebola virus,Compartmental,SEIR,Stochastic,FALSE,Vaccination,FALSE,Unspecified,Unspecified,Unspecified
32878de4d3af459a7cf7a174de8dcae6,d17428600f5ea27a215f71d1b2c6d659,5288,Ebola virus,Compartmental,Other compartmental,Deterministic,FALSE,Safe burials;Treatment Centres;Vaccination,FALSE,Human to human (direct non-sexual contact),Heterogenity in transmission rates - between groups;Heterogenity in transmission rates - over time,Zaire Ebola virus (EBOV)
32878de4d3af459a7cf7a174de8dcae6,7c61be0792896b2979edb4fba6b890ff,5288,Ebola virus,Compartmental,Other compartmental,Deterministic,FALSE,Quarantine,FALSE,Human to human (direct non-sexual contact),Heterogenity in transmission rates - between groups;Homogeneous mixing;Latent period is same as incubation period,Unspecified
a3eb01047f9cbbfa8edb2f8a185a7cd8,eab87bc8e6205ed3acb65f53ede6e80c,5380,Ebola virus,Other,Not compartmental,NA,FALSE,Unspecified,TRUE,Unspecified,Unspecified,Unspecified
05c18147ff64e7328811f63bac140036,10fba5f3fed7f767e37a916cc50e71ab,5453,Ebola virus,Compartmental,Other compartmental,NA,FALSE,NA,FALSE,NA,NA,Unspecified
f98915a6949c4c6cd807193987546318,3595c8e979299b596f8a10ee0a55dc15,5456,Ebola virus,Other,NA,Stochastic,FALSE,NA,FALSE,NA,NA,Unspecified
47372c3fd9fbf76b1ab63dc9e133ca7c,c25ba32fe764517071a27457706ec900,5476,Ebola virus,Other,Not compartmental,NA,FALSE,NA,FALSE,NA,NA,Unspecified
f2c6d3bb4c08dbb1e8659a1b22c5076d,0db4269db9d397dab212645648d42088,5479,Ebola virus,Compartmental,SEIR,Stochastic,FALSE,NA,FALSE,NA,NA,Unspecified
4a3641abe56915a214e06d8df7e44509,60c7f1e8a2c3c9afb353be604a7e5241,5620,Ebola virus,Compartmental,SEIR,Stochastic,FALSE,Other,FALSE,Human to human (direct non-sexual contact),Heterogenity in transmission rates - over time,Unspecified
c015cc2f20f461a1d13a5cca18a06831,9fb20a7a4f25f3f9cb70bfc07e019ba4,5675,Ebola virus,Compartmental,SEIR,Deterministic,TRUE,Contact tracing;Hospitals;Other;Quarantine,FALSE,Unspecified,Unspecified,Bundibugyo virus (BDBV);Sudan virus (SUDV);Ta√Ø Forest virus (TAFV);Zaire Ebola virus (EBOV)
400ffba345abaa1cf710353032102486,99877ae69727bb9abda90b70a2e02964,5723,Ebola virus,Compartmental,Other compartmental,Stochastic,FALSE,NA,FALSE,Unspecified,Unspecified,Unspecified
400ffba345abaa1cf710353032102486,248435df198772c36acae8eab3c0a247,5723,Ebola virus,Branching process,NA,Stochastic,FALSE,NA,FALSE,Unspecified,NA,Unspecified
4b4bf2a4f67bb0f6dd3901adb0bd1e10,790258df1d98d7cffaa2637e3cedf2d5,5743,Ebola virus,Compartmental,SEIR,Deterministic,FALSE,Vaccination,FALSE,Human to human (direct non-sexual contact),Heterogenity in transmission rates - between groups;Latent period is same as incubation period,Unspecified
2e54ba9998210bd9d18e1a7a51f58e01,645bd9aee048ea3706b929bce8bfdfc0,5765,Ebola virus,Compartmental,SEIR,Deterministic,TRUE,Hospitals;Quarantine;Safe burials,FALSE,Human to human (direct non-sexual contact),Heterogenity in transmission rates - between groups;Heterogenity in transmission rates - over time,Unspecified
43c414d2f16a9eb7e0c95f93deb4a01b,46efdb6f15ea98f77f139e2acdb1c12b,5829,Ebola virus,Compartmental,SIR,Deterministic,TRUE,Unspecified,FALSE,Human to human (direct non-sexual contact),Homogeneous mixing;Latent period is same as incubation period,Unspecified
95fbc149e64638e1fcbe55262c9fde5a,c0b043e3c1e770f233ea47ffa73b11e7,5830,Ebola virus,Compartmental,SEIR,Deterministic,TRUE,Unspecified,FALSE,Animal reservoir to human;Human to human (direct non-sexual contact),Homogeneous mixing;Latent period is same as incubation period,Unspecified
1a215553254957085142a3cc2d8e0bcd,6d0fdbd49114dcc796e0fc6193dea39b,5868,Ebola virus,Compartmental,SEIR,Deterministic,FALSE,Contact tracing;Other;Quarantine,FALSE,Unspecified,Heterogenity in transmission rates - over time;Homogeneous mixing;Latent period is same as incubation period;Unspecified,Unspecified
40a407b15def5b8c1e8d1cf2a4dd69f4,322764abe7eb2022a8b6bef2821a51ad,5869,Ebola virus,Compartmental,SEIR,Deterministic,FALSE,Contact tracing;Other;Quarantine;Safe burials;Treatment,TRUE,Unspecified,Heterogenity in transmission rates - over time;Homogeneous mixing;Latent period is same as incubation period;Unspecified,Unspecified
10b5bcf5267dc3712a1b9e69a0f622f3,e05f444b55ba3124cf386124921562d0,5871,Ebola virus,Compartmental,SEIR,Deterministic,FALSE,Other,FALSE,Unspecified,Heterogenity in transmission rates - over time;Homogeneous mixing;Latent period is same as incubation period;Unspecified,Unspecified
b2cfbac484a2577233a6e75b984784f7,8e7bacc4bf6ef055b99d5c19975159e9,5880,Ebola virus,Compartmental,Other compartmental,Deterministic,TRUE,Unspecified,FALSE,Unspecified,Homogeneous mixing;Latent period is same as incubation period;Unspecified,Unspecified
3746de333a52b7022277feaa8cca6371,64adb239a8be315d6b52fa1de0cae124,5923,Ebola virus,Agent / Individual based,Not compartmental,Stochastic,TRUE,Behaviour changes;Contact tracing;Hospitals;Safe burials;Treatment Centres,FALSE,Human to human (direct non-sexual contact),Age dependent susceptibility;Heterogenity in transmission rates - between groups,Unspecified
f90a9709a0e3fa72cb7f1bf21bc3d44a,1ec11b766caeeea1f3e96ade2ab28c01,5925,Ebola virus,Agent / Individual based,Not compartmental,Stochastic,FALSE,Contact tracing;Hospitals;Safe burials;Treatment Centres;Vaccination,FALSE,Human to human (direct non-sexual contact),Age dependent susceptibility;Heterogenity in transmission rates - between groups,Unspecified
f778086672d9e65f0a6d7a0240fd24a3,84df2233223d46b79ad370fa2818a7d1,5929,Ebola virus,Compartmental,Other compartmental,Deterministic,TRUE,Hospitals;Quarantine;Vaccination,FALSE,Human to human (direct non-sexual contact),Heterogenity in transmission rates - between groups;Homogeneous mixing,Zaire Ebola virus (EBOV)
95676b299ef17c2072cf476707f67ff7,eae96fc77b309f2d7936f1610c6f2aad,5935,Ebola virus,Compartmental,Other compartmental,Deterministic,FALSE,Behaviour changes;Hospitals;Other;Safe burials,FALSE,Human to human (direct non-sexual contact),Heterogenity in transmission rates - between groups;Homogeneous mixing,Zaire Ebola virus (EBOV)
30db05658fd23bb8fa00298bb8fee935,49e252ac8ff2efe6eccedd14c16c5a99,5936,Ebola virus,Compartmental,Other compartmental,Deterministic,TRUE,Other,FALSE,Human to human (direct non-sexual contact);Sexual,Homogeneous mixing,Zaire Ebola virus (EBOV)
7f2558dbb1ddde5a0b2396f85481f3a2,706685f4161277664326cdd136b6ca76,5952,Ebola virus,Compartmental,SEIR,Deterministic,TRUE,Vaccination,FALSE,Human to human (direct non-sexual contact),Homogeneous mixing,Unspecified
34b087ab7dab75a753c2e2fb9cc6d613,7d63cfc8e06f17fe61856942f07b38aa,5975,Ebola virus,Other,Not compartmental,Deterministic,TRUE,Quarantine,FALSE,Unspecified,Unspecified,Unspecified
bd498d2795900c2eb0443177b2d8cc76,1f3315b46df6fc26cf1a97d9a970f98c,5997,Ebola virus,Compartmental,SEIR,Deterministic,FALSE,NA,TRUE,Human to human (direct non-sexual contact),Homogeneous mixing,Unspecified
bd498d2795900c2eb0443177b2d8cc76,5422da9433a02c0982ed15c33c1f723b,5997,Ebola virus,Compartmental,Other compartmental,Deterministic,TRUE,Behaviour changes,TRUE,Human to human (direct non-sexual contact);Sexual,Homogeneous mixing,Unspecified
141bdea0d4e623e18cb689cfb508253d,b74938949481daf8a1a4ea12a3d34f42,6275,Ebola virus,Compartmental,Other compartmental,Deterministic,FALSE,Other;Quarantine;Safe burials;Treatment Centres,FALSE,Human to human (direct non-sexual contact),Heterogenity in transmission rates - over time;Homogeneous mixing;Latent period is same as incubation period,Unspecified
23668467cc2409460921330f5df548fa,4952951c5691d1fc1fd8a73d4b9633e3,6301,Ebola virus,Compartmental,SEIR,Deterministic,TRUE,Unspecified,FALSE,Human to human (direct non-sexual contact),Homogeneous mixing,Zaire Ebola virus (EBOV)
003077708314094ca240229aecc638dd,76422a67c1d754fac0b45516ea56f8e6,6333,Ebola virus,Other,Not compartmental,Stochastic,FALSE,NA,FALSE,Human to human (direct non-sexual contact),Unspecified,Unspecified
003077708314094ca240229aecc638dd,92de57853cd20146d5152f5789666ed9,6333,Ebola virus,Compartmental,SEIR,Deterministic,TRUE,NA,TRUE,Unspecified,NA,Unspecified
a5d71246fbef95256991af0a2f120ad8,17944f9740699380aa3cfaec5f098a23,6359,Ebola virus,Compartmental,Other compartmental,Deterministic;Stochastic,FALSE,NA,FALSE,Unspecified,NA,Unspecified
44549b9d79cff0ae30fd8382d25603ca,e58d02ea71ee1e59e1e779b3c9381e85,6363,Ebola virus,Compartmental,Other compartmental,Deterministic,TRUE,NA,FALSE,Animal reservoir to human;Human to human (direct non-sexual contact),NA,Unspecified
6eead668e2a5dadd90ecd6cc3fbf2e1d,4e2f2b3d1e48fb0a840ed988364f06eb,6371,Ebola virus,Compartmental,SEIR,Stochastic,FALSE,NA,FALSE,Unspecified,Homogeneous mixing,Unspecified
6459c0fde18cee6e40136408064bcba6,b2707186db692c4a430156ad048029c7,6611,Ebola virus,Compartmental,Other compartmental,Deterministic,TRUE,Behaviour changes;Other;Treatment,FALSE,Unspecified,Heterogenity in transmission rates - between groups,Unspecified
8e3393eadffc61a95a3722d417bebeb2,fcf2d8ece8b5cad7147a68c3cc1105eb,6905,Ebola virus,Compartmental;Other,SEIR,Deterministic,TRUE,Unspecified,FALSE,Unspecified,Homogeneous mixing,Zaire Ebola virus (EBOV)
e87eb97c5d5b094bf06715efbad1892b,9c08149178baa93817ce65ad83ff9f13,6944,Ebola virus,Compartmental,Other compartmental,Deterministic;Stochastic,FALSE,Quarantine;Vaccination,FALSE,Unspecified,Homogeneous mixing,Unspecified
36d807ccd1ee4703e7fea6ae44492cad,313f1d0145f847ff4c78f0e698fe1bb4,6945,Ebola virus,Compartmental,Other compartmental,Deterministic;Stochastic,FALSE,Quarantine;Vaccination,FALSE,Unspecified,Homogeneous mixing,Unspecified
c418d82a822ba4859d0f928860245ec8,a6da23fd96f09974d36eee2f0e852f41,6946,Ebola virus,Compartmental,SEIR,Deterministic,TRUE,Unspecified,FALSE,Unspecified,Homogeneous mixing;Latent period is same as incubation period,Unspecified
94c72717bd8f1f7dc9b1d0daa87cb8a2,78b0f01f86775c3c4431cebec46827ad,7017,Ebola virus,Compartmental;Other,Other compartmental,Deterministic,TRUE,Unspecified,FALSE,Unspecified,Unspecified,Unspecified
7f8db90a9bb68c44dfd26a23cceda1f2,fd100a82cb8aa54d495933451f529113,7283,Ebola virus,Compartmental,Other compartmental,Deterministic,TRUE,Unspecified,TRUE,Animal reservoir to human;Human to human (direct non-sexual contact),Homogeneous mixing,Unspecified
83302acb7e0e4563daac3a742cad54c4,9fc105a39ba7fdbab9ccf8dde9a44d7d,7899,Ebola virus,Compartmental,SEIR,Deterministic,TRUE,Unspecified,FALSE,Human to human (direct non-sexual contact),Homogeneous mixing;Latent period is same as incubation period,Unspecified
b9a14242782d71519765da54e70bd249,acb60153fae6fbe30bfb7dfcd4e2218e,7942,Ebola virus,Compartmental,SEIR,Deterministic,TRUE,Vaccination,FALSE,Animal reservoir to human;Human to human (direct non-sexual contact),Homogeneous mixing,Unspecified
2bee98efa114d97dcafb5209c344c83f,7db8e8a507b729561d23094bcdb8933e,8131,Ebola virus,Compartmental,Other compartmental,Deterministic,TRUE,Behaviour changes;Hospitals;Safe burials,FALSE,Human to human (direct non-sexual contact),Heterogenity in transmission rates - over time;Homogeneous mixing,Unspecified
7130b4f66a9aa8c91319b4e8d093384e,b47d1ba2a2c7c46194193e38b40e0c08,8709,Ebola virus,Other,Other compartmental,Stochastic,FALSE,Unspecified,FALSE,Unspecified,Latent period is same as incubation period,Unspecified
58f10129cdf7a4f42ea7833da594d3da,ed7cae98a19942a46bc71704dddde526,8731,Ebola virus,Compartmental,SEIR,Deterministic,FALSE,Vaccination,FALSE,Unspecified,Homogeneous mixing,Unspecified
58f10129cdf7a4f42ea7833da594d3da,97648e8e35fa09f553a087c060b55864,8731,Ebola virus,Compartmental,SEIR;SIR,Deterministic,TRUE,Vaccination,FALSE,Unspecified,Homogeneous mixing,Unspecified
80f8340f60371505634ede1e8bd1fb9a,432e509f2a0433f409d65c9bdb2d9f99,8733,Ebola virus,Compartmental,SEIR,Deterministic,TRUE,Behaviour changes;Other;Vaccination,FALSE,Human to human (direct non-sexual contact),Homogeneous mixing,Unspecified
fff336966c4bfba7e4a3d09a0cbc8dad,830869809cd83131b1ed7c376e74c868,8734,Ebola virus,Other,Other compartmental,Stochastic,TRUE,Vaccination,TRUE,Unspecified,Age dependent susceptibility;Heterogenity in transmission rates - between groups,Unspecified
fff336966c4bfba7e4a3d09a0cbc8dad,040e71689cdab53696ff7dbf79871cea,8734,Ebola virus,Compartmental,SIR,Deterministic,TRUE,Treatment;Vaccination,FALSE,Human to human (direct non-sexual contact),Homogeneous mixing,Unspecified
7f263d4682a05d60620c41308f20f02b,b60286847a6002f6129e6a51a8574307,8735,Ebola virus,Compartmental,SIR,Deterministic,TRUE,Vaccination,FALSE,Human to human (direct non-sexual contact),Homogeneous mixing,Unspecified
ffd0186006dc2aab310d2ecf5cd1624e,61869be2304fc14c13b5b57b0735f8b2,8800,Ebola virus,Other,Not compartmental,Stochastic,FALSE,Behaviour changes,TRUE,Unspecified,Unspecified,Unspecified
c2b0d1f63dd6d6ec532b7cc2daf7c46e,00e1c8d763741bc17d10f61bce993238,9153,Ebola virus,Compartmental,Other compartmental;SIS,Deterministic,FALSE,Unspecified,FALSE,Unspecified,Unspecified,Unspecified
0d7ddd8106171ef43abaee0b4727a692,270b36172a4881a922c7647f2ba693d0,9378,Ebola virus,Compartmental,Other compartmental,Deterministic,FALSE,Treatment Centres,FALSE,Unspecified,Homogeneous mixing,Unspecified
4914d9a087eb8ddd8aa83763c2adc585,dbe19877b67336ee83c8a1614db229b1,9546,Ebola virus,Compartmental,SEIR,Stochastic,FALSE,Unspecified,FALSE,Unspecified,Homogeneous mixing,Unspecified
37bd2a8ff933dd66a0e150ace05f3f74,bf8b23579ba3eff67bb5da88863b185b,10297,Ebola virus,Compartmental,Other compartmental,Deterministic,TRUE,Contact tracing;Quarantine,FALSE,Human to human (direct non-sexual contact),Homogeneous mixing,Unspecified
204e2b80142cec05f6f4430ea26df49b,07d20fd9e04e7f761147bd3c5dbb274a,10440,Ebola virus,Compartmental,Other compartmental,Deterministic,FALSE,Behaviour changes,FALSE,Human to human (direct non-sexual contact),Heterogenity in transmission rates - between groups;Heterogenity in transmission rates - over time,Unspecified
7d4f01282f5210c5013bfeb0cc54e59f,f9942c9f266151410fb5449c595e35c0,10487,Ebola virus,Compartmental,Other compartmental,NA,TRUE,Quarantine;Vaccination,FALSE,Human to human (direct non-sexual contact),NA,Unspecified
82e8630f36bba49819938c004331c828,0e44b304746899f54c7b94cba7f83d47,10552,Ebola virus,Compartmental,Other compartmental,NA,FALSE,Quarantine;Treatment;Vaccination,FALSE,Human to human (direct non-sexual contact),Unspecified,Unspecified
fdf00efce1cf84d1f6230eda34cbd188,6445b1e2f557395ce0da1b4cbb49707e,10805,Ebola virus,Compartmental,Other compartmental,NA,TRUE,NA,FALSE,Human to human (direct non-sexual contact),NA,Unspecified
72da677a85c2c0b369a4020cf807ca5a,d897e2f7ce96ab8f506a2bf903997b95,11297,Ebola virus,Compartmental,Other compartmental,Deterministic,FALSE,NA,FALSE,Human to human (direct non-sexual contact),NA,Unspecified
664b1e9b68c400d2cae0c532270d32f5,eecae809e2b5407496e70ad02552494a,11565,Ebola virus,Compartmental,SEIR,Deterministic,FALSE,Quarantine;Safe burials,FALSE,Unspecified,Homogeneous mixing,Unspecified
a36f886f3940046bc2ce6a6d81711d68,c5211b72c939c6d6d4a26c942792677f,11995,Ebola virus,Compartmental,SEIR,Deterministic,TRUE,Other,FALSE,Human to human (direct non-sexual contact),Homogeneous mixing,Unspecified
6a0e88a777bc84297be353be04edd01b,128b48521a8e5661784627c9779ad92d,11996,Ebola virus,Compartmental,Other compartmental,Deterministic,TRUE,Other;Quarantine,FALSE,Human to human (direct non-sexual contact),Homogeneous mixing,Unspecified
f1bb36e75e53beeb4117268a0c8133a7,7dcb60089777bf34cf3e3e3f4c7d23da,11997,Ebola virus,Compartmental,Other compartmental,Deterministic,TRUE,Hospitals;Other;Safe burials,FALSE,Human to human (direct non-sexual contact),Homogeneous mixing,Unspecified
e8ca2f08d61f9c103670a26ae0aa5ce9,36f4c9a9606dc308c8ae3c99ae315338,12194,Ebola virus,Compartmental,Other compartmental,Deterministic,TRUE,Unspecified,FALSE,Human to human (direct non-sexual contact),Homogeneous mixing,Zaire Ebola virus (EBOV)
fe8eaf179d6802fb9cb4ae2698899b3f,3d51058b3c355cf6f15e2a61dbfe80bb,12389,Ebola virus,Other,Not compartmental,Deterministic,FALSE,Unspecified,FALSE,Unspecified,Unspecified,Unspecified
d551d9750ae2073154949a26c062eb1a,274dc00d78b3c9f55517a79aa8450b3f,12609,Ebola virus,Agent / Individual based,Not compartmental,Stochastic,FALSE,Hospitals;Other,FALSE,Human to human (direct non-sexual contact),Unspecified,Unspecified
304d4e17284ce948768fcc0bb9800754,2fd0b28e3aa85e23c724e942eeb23179,13183,Ebola virus,Compartmental,Other compartmental;SEIR;SIS,NA,TRUE,NA,FALSE,Unspecified,Unspecified,Unspecified
b1a1d285cf2734caae7c111fd0985e24,bf08e3b4289d1629ee9c3ceec7042d5f,13198,Ebola virus,Compartmental,Other compartmental,Deterministic,FALSE,Hospitals;Safe burials,FALSE,Human to human (direct non-sexual contact),Heterogenity in transmission rates - between groups;Homogeneous mixing,Unspecified
92fa3908f4c90beb5e8162928446764c,d30926d92de963c3a8e52fc4da19a1f8,13539,Ebola virus,Other,NA,Stochastic,FALSE,NA,FALSE,Human to human (direct non-sexual contact),Heterogenity in transmission rates - between groups,Unspecified
927364da3bea851d3f5f1951583a5d09,96011f1dee9b4502bb41efdaa13177bf,13681,Ebola virus,Compartmental,Other compartmental,NA,TRUE,Treatment;Vaccination,FALSE,Human to human (direct non-sexual contact),Heterogenity in transmission rates - between groups;Heterogenity in transmission rates - over time,Unspecified
2476d3309e4b7c5456d14f4cdfec4e95,e7e694cd372e06d832ffb0c42f9645b1,13965,Ebola virus,Compartmental,Other compartmental,NA,FALSE,Other,FALSE,Human to human (direct non-sexual contact),Heterogenity in transmission rates - between groups;Heterogenity in transmission rates - over time;Latent period is same as incubation period,Unspecified
a42a1d22403859304b6917ee25d33fea,65f5db676c9a42b8000911e7fa178808,14004,Ebola virus,Other,Not compartmental,Stochastic,TRUE,Unspecified,FALSE,Human to human (direct non-sexual contact),Unspecified,Unspecified
b92250acc40a63f830bc0b46f03429ad,0a6419d030fec840f5fe75579a187204,14484,Ebola virus,Branching process,Not compartmental,Stochastic,FALSE,Contact tracing;Hospitals;Treatment Centres,FALSE,NA,Heterogenity in transmission rates - over time;Homogeneous mixing,Unspecified
1d5e99ad5c711272e7503c025157762f,689dfa556a7046ed1b06b09257c2105e,14514,Ebola virus,Compartmental,Other compartmental,NA,TRUE,Safe burials;Vaccination,FALSE,Human to human (direct non-sexual contact),Heterogenity in transmission rates - over time,Unspecified
a24182e1fd303b71c193c05b7cd07de4,3f474066cfd81a8c4bca24dd75d17339,14516,Ebola virus,Compartmental,SEIR,Deterministic,FALSE,NA,FALSE,Unspecified,Unspecified,Zaire Ebola virus (EBOV)
0a14c74e13f52bb5252a49580d9d8d03,915dab6e67945b6540e83406237b2bc8,15092,Ebola virus,Compartmental,Other compartmental,Deterministic,TRUE,Vaccination,FALSE,Unspecified,Heterogenity in transmission rates - between groups;Homogeneous mixing,Unspecified
d505847f7396223cfedfc1bcba8629ec,c11fe5b7145433e18309805836c2b62e,15136,Ebola virus,Compartmental,Other compartmental;SEIR,Deterministic,TRUE,Contact tracing;Quarantine,FALSE,Unspecified,Homogeneous mixing,Unspecified
2ad389ce3046b2d54f19144cdfb53cbe,460ec503165ccf3dd5e11f9591b01256,15138,Ebola virus,Compartmental,Other compartmental,Deterministic,TRUE,Unspecified,FALSE,Human to human (direct non-sexual contact),Heterogenity in transmission rates - between groups;Homogeneous mixing,Unspecified
2ad389ce3046b2d54f19144cdfb53cbe,3dafc936cad85194db83c280b0742427,15138,Ebola virus,Compartmental,Other compartmental,Deterministic,TRUE,Unspecified,FALSE,Animal reservoir to human,Heterogenity in transmission rates - between groups;Homogeneous mixing,Unspecified
c8914a927d21d1bd5796245da290a467,6fb6b6593d374d05a66e2527da6a9dcf,15139,Ebola virus,Compartmental,Other compartmental;SEIR,Deterministic,TRUE,Behaviour changes;Other;Vaccination,FALSE,Unspecified,Homogeneous mixing,Unspecified
1e68195a6703e25c86e45defeead3a52,eb668f716430188091361c49ce07e4d8,15321,Ebola virus,Compartmental,Other compartmental,Deterministic,TRUE,Quarantine,FALSE,Human to human (direct non-sexual contact),Unspecified,Unspecified
a7951854f53dddfb1cbd83d6e70b3714,eb55c83faa75626bd028ebe23475e678,15365,Ebola virus,Compartmental,Other compartmental,Deterministic,FALSE,Other;Safe burials,FALSE,Animal reservoir to human;Human to human (direct non-sexual contact),Unspecified,Unspecified
61973f86ce47a16ffdf0e752876b5c60,94bd986e6d5038f28586cc2fd5d41720,15657,Ebola virus,Compartmental,Other compartmental,Deterministic,TRUE,Unspecified,FALSE,Unspecified,Homogeneous mixing,Unspecified
669121e44254bf8ee0a2e284b5ec4194,569eccfc09c63315abeca21c48eb24d6,15673,Ebola virus,Agent / Individual based,SEIR,Stochastic,TRUE,Vaccination,FALSE,Human to human (direct non-sexual contact),Heterogenity in transmission rates - between groups;Unspecified,Unspecified
b996791fdfc33a1e5614978ba282f631,84da7855d10e13f4b2bd04b2205799b6,15735,Ebola virus,Compartmental,SEIR,Stochastic,TRUE,Contact tracing;Other;Quarantine;Safe burials,FALSE,Human to human (direct non-sexual contact),Unspecified,Unspecified
90cda0167b9fb01bb121095073bb076b,01db86f8cfe5990f33a9a59406624495,15896,Ebola virus,Other,Not compartmental,Stochastic,FALSE,Contact tracing;Quarantine,FALSE,Unspecified,Heterogenity in transmission rates - over time,Unspecified
1961e1ed6c76c6e5734373c590cbba16,0cbbe2b14c55d50737e8b663c25d15c3,15901,Ebola virus,Compartmental,Other compartmental,Deterministic,FALSE,NA,FALSE,Animal reservoir to human;Human to human (direct non-sexual contact),Homogeneous mixing,Unspecified
4d998264d464a2cfff7807424ab5f17e,8439728d39d644c8e24568d2131123cd,15924,Ebola virus,Agent / Individual based;Compartmental,Other compartmental,Deterministic,FALSE,Other;Vaccination,FALSE,Human to human (direct non-sexual contact),NA,Unspecified
bb8037bb04bc1ba432b215761cbfdab6,0e3d2334a64a2f351b74bd429300f038,15947,Ebola virus,Branching process,Not compartmental,Stochastic,FALSE,NA,FALSE,Unspecified,Unspecified,Bundibugyo virus (BDBV)
06a109603bd242876fb54f9fb292c924,2b105d41855d321de15a866c8789dfa0,15958,Ebola virus,Other,Not compartmental,NA,FALSE,Unspecified,TRUE,Unspecified,Homogeneous mixing,Unspecified
7dd94ace514b018ae850610e36442506,68d4c07414250430ceb53a2dd506ba00,15959,Ebola virus,Agent / Individual based;Compartmental,SEIR,Stochastic,FALSE,Vaccination,FALSE,Unspecified,Heterogenity in transmission rates - between groups,Unspecified
438d9a2a8ade82b593541bea79b166ae,dc4e28b4306a55e4193b53bc78209664,16216,Ebola virus,Branching process,Not compartmental,Stochastic,FALSE,Unspecified,FALSE,Human to human (direct non-sexual contact),Unspecified,Unspecified
67a232dd360385891f74f823300381ae,93a6927c8f1e7a224b853ef7e315dfc2,16217,Ebola virus,Compartmental,Other compartmental,Deterministic,FALSE,Behaviour changes,FALSE,Human to human (direct non-sexual contact),Heterogenity in transmission rates - over time,Unspecified
55df9dc8554b245d76e298711a6850ee,7d969a89bef75b2f77b695ecd4fe095f,16218,Ebola virus,Compartmental,Other compartmental,Deterministic,TRUE,Other,FALSE,Human to human (direct non-sexual contact),Unspecified,Unspecified
d96c9fab70479a8d7d81536225d2005a,6ecef06714d4bef9783a28b8cfc7d4a6,16293,Ebola virus,Compartmental,Other compartmental,Deterministic,FALSE,Other;Quarantine;Treatment;Vaccination,FALSE,Animal reservoir to human;Human to human (direct non-sexual contact);Sexual,Homogeneous mixing,Unspecified
e0220c68ec83bde9a97abca741c07ccc,afe79d8d4dff7c016dc059396c83c279,16599,Ebola virus,Compartmental,SEIR,Deterministic,FALSE,Unspecified,FALSE,Unspecified,Heterogenity in transmission rates - over time,Unspecified
d36a2abdaabd9435adf401e029c96527,a56c4e6d8bdb40fb183039c21def6b05,16691,Ebola virus,Branching process,Not compartmental,Stochastic,FALSE,Quarantine;Vaccination,TRUE,Unspecified,Heterogenity in transmission rates - between groups;Heterogenity in transmission rates - over time,Unspecified
cd64507e4a91b21ec159c148e23c5db7,d82fccea8e0466d9fddd4b0aa476151d,16761,Ebola virus,Other,Not compartmental,Stochastic,TRUE,Behaviour changes,FALSE,Unspecified,Heterogenity in transmission rates - between groups;Heterogenity in transmission rates - over time,Unspecified
824dc23771ba134d8d58f07f49cfbcf7,b76f2eea180df2f78c46772f53ae9b50,16787,Ebola virus,Compartmental,Other compartmental,Deterministic,FALSE,Other;Quarantine,TRUE,Human to human (direct non-sexual contact),Heterogenity in transmission rates - over time;Homogeneous mixing;Latent period is same as incubation period,Unspecified
5a274e1b73b0165ef15ff97618490c4e,4d834a2fe6c1c9065d7b6c01a2236383,16865,Ebola virus,Branching process,Not compartmental,NA,FALSE,Unspecified,FALSE,Human to human (direct non-sexual contact),NA,Unspecified
2960cb0520383859a6ba6a7b83246308,46241b75b09084f28d04697a085bf2de,16968,Ebola virus,Compartmental,SEIR,Deterministic,TRUE,Unspecified,FALSE,Human to human (direct non-sexual contact),Homogeneous mixing,Unspecified
275d1ae36a75e048aa601393c035a0ee,f1653bfaaa92f49404c78886a03894c6,17077,Ebola virus,Branching process,Not compartmental,Stochastic,FALSE,Unspecified,FALSE,Unspecified,Unspecified,Unspecified
275d1ae36a75e048aa601393c035a0ee,3eaac7dc964e60af9e07ae171d16ca69,17077,Ebola virus,Other,Not compartmental,Deterministic,FALSE,Unspecified,FALSE,Unspecified,Unspecified,Unspecified
5d8916fa91c8275c99317fd274f9d196,c07f6f2f9a373c8fbc813f6aa8ffafad,17096,Ebola virus,Compartmental,Other compartmental,Deterministic,FALSE,Hospitals;Other;Safe burials,FALSE,Human to human (direct non-sexual contact),Homogeneous mixing,Unspecified
d5b7f0f6fcdd9a9a7bdb67176f1e02fd,ce71d0ead5df3574a26306406527e2d6,17097,Ebola virus,Compartmental,Other compartmental,Deterministic,FALSE,Behaviour changes;Hospitals;Other,FALSE,Human to human (direct non-sexual contact),Homogeneous mixing,Unspecified
3ea09b84391121fa34ac5635deb21bfc,672e59ec6e985482c0ce8f1cd2a1e440,17111,Ebola virus,Agent / Individual based,SEIR,Stochastic,FALSE,Unspecified,TRUE,Unspecified,Heterogenity in transmission rates - between groups;Latent period is same as incubation period,Unspecified
c53a38b540b2d627223f5b54fe0d65a5,b9f3cbd7c33cb416909bff16fb341aee,17203,Ebola virus,Branching process,Not compartmental,Stochastic,FALSE,Unspecified,TRUE,Unspecified,Heterogenity in transmission rates - over time,Unspecified
d7352eae9d7cd14c886ff582efa372ff,17cea10b2812f1ae9b1ad55e94bc765b,17279,Ebola virus,Compartmental,Other compartmental,Stochastic,FALSE,Behaviour changes;Hospitals;Quarantine,FALSE,Unspecified,Heterogenity in transmission rates - between groups,Unspecified
b7a48518ee8ae42a8e45ab66a642a389,99d2ea363365ab13b06076ed23a11300,17333,Ebola virus,Other,Not compartmental,Stochastic,FALSE,NA,TRUE,Unspecified,Heterogenity in transmission rates - between groups;Heterogenity in transmission rates - over time,Unspecified
f24cef837e1c03770899c9b606ed87a1,afceb5139215e89211fcfbce9b268fe4,17374,Ebola virus,Agent / Individual based,SIR,Stochastic,TRUE,NA,FALSE,Unspecified,Heterogenity in transmission rates - between groups,Unspecified
77789c4e8b4d3cf070bfb5f76bd92e2b,46683d1888beb95965c63e8d3fc72d72,17462,Ebola virus,Other,Not compartmental,Stochastic,FALSE,Behaviour changes,FALSE,Human to human (direct non-sexual contact);Sexual,Heterogenity in transmission rates - over time;Homogeneous mixing,Unspecified
77789c4e8b4d3cf070bfb5f76bd92e2b,df2988369a8ac77a514ac2acecfb7adc,17462,Ebola virus,Compartmental,Other compartmental,Deterministic,FALSE,Vaccination,FALSE,Human to human (direct non-sexual contact);Sexual,Heterogenity in transmission rates - between groups;Heterogenity in transmission rates - over time;Homogeneous mixing;Latent period is same as incubation period,Unspecified
6dfec86bc24666a3642f68b467636f28,8dbfb40bec0511e09bc1ef391b2cff23,17715,Ebola virus,Other,SEIR,Stochastic,FALSE,Unspecified,FALSE,Unspecified,Heterogenity in transmission rates - between groups;Heterogenity in transmission rates - over time,Unspecified
d84e7d847f918f490b72249cf9824663,107d9d1e0b6f0af7df6a19a80640f108,17939,Ebola virus,Compartmental,SIR,Deterministic,FALSE,NA,FALSE,Unspecified,Unspecified,Unspecified
d18dd4f01709aa35452e5d54dcfcfbcf,b16af92fc9c41a792746475b0d6fa36f,17946,Ebola virus,Compartmental,Other compartmental,Deterministic,TRUE,NA,FALSE,Airborne or close contact;Human to human (direct non-sexual contact),Heterogenity in transmission rates - between groups,Unspecified
e03308c8b41f6e34aa8509636b8ae9c9,044d693da3f54dfaa34a50076ec86dd0,17956,Ebola virus,Compartmental,SEIR,Stochastic,FALSE,NA,TRUE,Human to human (direct non-sexual contact),Heterogenity in transmission rates - between groups;Heterogenity in transmission rates - over time,Unspecified
7f0cc05f7da0c9b3c20bc455001cd458,65932e1f1e03308997d7ab79ef7f6c18,18120,Ebola virus,Compartmental,SEIR,Deterministic,TRUE,Vaccination,FALSE,Unspecified,Homogeneous mixing;Latent period is same as incubation period,Unspecified
49febf36ff3ee266f64a5d78406e6314,057a08390c2df4f49e347f6842d72857,18147,Ebola virus,Compartmental,Other compartmental,Deterministic,TRUE,Other;Quarantine;Treatment;Vaccination,FALSE,Human to human (direct non-sexual contact);Sexual,Heterogenity in transmission rates - between groups,Unspecified
584ceb70724573afcec620c9e9bc23ee,072c35d7d3277425bb8427563cb48dc4,18224,Ebola virus,Compartmental,SEIR,Deterministic,FALSE,NA,FALSE,Human to human (direct non-sexual contact),NA,Unspecified
7e37f0079ec4b6015bea1c17124bf942,f87bd796ef78c679201bfc6946abc253,18242,Ebola virus,Branching process;Compartmental,Not compartmental;SEIR,Stochastic,FALSE,Unspecified,FALSE,Unspecified,Heterogenity in transmission rates - over time,Unspecified
862b223abe6bf20bd093e2621ccd7233,466589e56e9a780e6cd493a0394d7932,18371,Ebola virus,Compartmental,Other compartmental,Stochastic,FALSE,Hospitals;Vaccination,FALSE,Unspecified,Heterogenity in transmission rates - between groups;Heterogenity in transmission rates - over time;Homogeneous mixing,Unspecified
4bfcac4212a3cc9a481149b367ed7e3c,4d9cfbf84cba2322399acaf141e2f47e,18372,Ebola virus,Compartmental,SEIR,Stochastic,FALSE,Vaccination,FALSE,Human to human (direct non-sexual contact),NA,Unspecified
723be0e0338767a6471916eab3e2c6c6,034275adee2198a77145ee7494ce4c25,18508,Ebola virus,Compartmental,SIR,Stochastic,FALSE,NA,FALSE,Human to human (direct non-sexual contact),Heterogenity in transmission rates - between groups;Heterogenity in transmission rates - over time;Homogeneous mixing;Latent period is same as incubation period,Unspecified
5b71c111e2c488a6d7cc38467274b43e,942bcbe26c1cdfa7dbd10dba23c47031,18535,Ebola virus,Compartmental,SEIR,Deterministic,FALSE,Vaccination,FALSE,Unspecified,Heterogenity in transmission rates - between groups;Heterogenity in transmission rates - over time,Unspecified
0994bf8347ee90ffc1bfc96b3c798893,e3134e829ac7228c19e32d47f5f009e8,18730,Ebola virus,Compartmental,Other compartmental,Deterministic,TRUE,Behaviour changes;Hospitals;Other;Vaccination,FALSE,Airborne or close contact;Human to human (direct non-sexual contact),Homogeneous mixing;Latent period is same as incubation period,Unspecified
8ed74de7a344ef6ca65735842a18d4f8,676083e0db2d8a3550f612603ba198f9,18772,Ebola virus,Compartmental,Other compartmental,Stochastic,FALSE,NA,FALSE,NA,NA,Unspecified
8ed74de7a344ef6ca65735842a18d4f8,6d327bd5505f4c40bcd117c4efd57af4,18772,Ebola virus,Compartmental,Other compartmental,Deterministic,FALSE,NA,FALSE,Unspecified,Heterogenity in transmission rates - between groups,Unspecified
09a27de56229076142f242ca6180e5aa,fd778a5acdecd23ce677d56f6c465102,18847,Ebola virus,Compartmental,Other compartmental,Deterministic,TRUE,Unspecified,FALSE,Unspecified,Homogeneous mixing,Unspecified
3f8fb54e20a67891a5de03c8661568cc,de43f70423ed9668bea5a103240e74f3,18874,Ebola virus,Compartmental,SEIR,Deterministic,FALSE,Unspecified,FALSE,Unspecified,Heterogenity in transmission rates - over time,Unspecified
1defc4c0325bf3fc73895881f55a1706,9ca337c4857beacaacd4fb4431ffe228,18917,Ebola virus,Compartmental,Other compartmental,Deterministic,TRUE,Unspecified,FALSE,Unspecified,Homogeneous mixing,Unspecified
8ed87af820749640a052781d561ee458,d78c27ba22efc749d53d6863e4cb37ae,18944,Ebola virus,Compartmental,SEIR,Deterministic,FALSE,NA,TRUE,Unspecified,Heterogenity in transmission rates - over time,Unspecified
3e27cadc1841689e9c49b55eeff9d58d,e1bf603bbbb4482d415963ec046405bf,19023,Ebola virus,Compartmental,SIR,Stochastic,FALSE,Unspecified,TRUE,Unspecified,Heterogenity in transmission rates - over time,Unspecified
781804b5d36060820745463ecd109f8b,51a4121a3cad44d47c25168606d031db,19049,Ebola virus,Compartmental,SEIR,Deterministic,TRUE,Unspecified,FALSE,Human to human (direct non-sexual contact),NA,Unspecified
0744d4ecb4ac991b7850256289af6890,60e23850585ecb93d0ae1787d6ab2c94,19193,Ebola virus,Compartmental;Other,SIR,Stochastic,FALSE,Unspecified,TRUE,Unspecified,Homogeneous mixing,Unspecified
53a0476f79cb1110150f610dd8993574,542b4a00173b55db67f4e26aa968af6d,19236,Ebola virus,Compartmental,SIR,Stochastic,FALSE,Unspecified,TRUE,Unspecified,Heterogenity in transmission rates - over time,Unspecified
3b556354d8de49ac75b806543bfec307,48a5c3df1bc1cb4a9fae99232e6def08,19420,Ebola virus,Branching process,Not compartmental,Stochastic,FALSE,Vaccination,FALSE,Unspecified,Heterogenity in transmission rates - over time,Unspecified
e0e45188a27d1806cffc4b7ef40bae02,5e3c04a53705e0b48fdbfa15f7f3845a,19444,Ebola virus,Compartmental,Other compartmental,Deterministic,FALSE,Contact tracing;Hospitals;Other;Vaccination,FALSE,Unspecified,Heterogenity in transmission rates - over time;Latent period is same as incubation period,Unspecified
5880dab5d5e295b56087e85ef7510014,4dee192621106d66d694d03b791ae06c,19490,Ebola virus,Compartmental,Other compartmental,Stochastic,TRUE,Treatment Centres,FALSE,Human to human (direct non-sexual contact),Heterogenity in transmission rates - between groups,Unspecified
a22e769684334a961fa4287a8e3caa5d,24f183001feec99c257a210a0f1f1974,19573,Ebola virus,Compartmental,Other compartmental,Deterministic,TRUE,Unspecified,FALSE,Unspecified,Homogeneous mixing,Unspecified
51eb3c5d58a7a99bab37222ae2c95246,fc6c8be3ac759eec898ca65e8af08b7c,19717,Ebola virus,Compartmental,Other compartmental,Deterministic,TRUE,Quarantine,FALSE,Unspecified,Homogeneous mixing,Unspecified
c9a7dc29268e403a5dd0acbbc27d60cb,f08c398a350f5cec3506555e95dd58c6,19718,Ebola virus,Compartmental,Other compartmental,Deterministic,TRUE,Vaccination,FALSE,Unspecified,Homogeneous mixing;Latent period is same as incubation period,Unspecified
ac58bb66c933ed059aaf0f50dbd22503,beb646e0c7351a210cd532a5ce5e5f1b,19719,Ebola virus,Other,SEIR,Deterministic,TRUE,Unspecified,FALSE,Unspecified,Heterogenity in transmission rates - between groups,Unspecified
af36cc5dd45924086892438341ccf0c9,6baaa977b8b93db9cfc2fc6a51412706,19832,Ebola virus,Compartmental,SIR,Deterministic,TRUE,Other;Vaccination,FALSE,Unspecified,Homogeneous mixing,Unspecified
77bbbc4c2a17f9b732e7905212005ebe,b0abb27d21189771b984f39730ba6add,19880,Ebola virus,Compartmental,SIR,Stochastic,TRUE,Unspecified,FALSE,Unspecified,Unspecified,Unspecified
0c942112e275ca97e9032631cc62d65a,375fb7186e66e3352e865bddc3381db3,20368,Ebola virus,Compartmental,SEIR,Deterministic,TRUE,Unspecified,TRUE,Animal reservoir to human;Human to human (direct non-sexual contact),Homogeneous mixing,Unspecified
f8a1339d58304258a7242d2d58dcc17f,6b397e41ae17c35cf5ffc30d30bb5f2b,20401,Ebola virus,Compartmental,Other compartmental,Deterministic,FALSE,Hospitals;Quarantine,FALSE,Human to human (direct non-sexual contact);Sexual,Homogeneous mixing;Latent period is same as incubation period,Unspecified
b7d91d51922ba83239aff5a82fe77741,df4783acf7676c5f488d54a44425c310,20428,Ebola virus,Compartmental,SEIR,Deterministic,TRUE,Treatment;Vaccination,FALSE,Unspecified,Homogeneous mixing,Unspecified
6f0570e88a896ff5124eba033413a484,8a5987645d216e1f7510b62cf8615bec,20580,Ebola virus,Compartmental,Other compartmental,NA,TRUE,Hospitals,FALSE,Human to human (direct non-sexual contact),Heterogenity in transmission rates - between groups,Unspecified
d7a58863312a8a45ec36b38163dba0a7,8603b0fea6c11b7d31aacd2c0e54a904,20600,Ebola virus,Compartmental,Other compartmental;SEIR,Deterministic,TRUE,Safe burials;Treatment;Vaccination,FALSE,Unspecified,Unspecified,Unspecified
bc55244c67788dcbccd7a88cdf652df5,30da523483588d0031ec0f07310cf768,20702,Ebola virus,Compartmental,SIR,Deterministic;Stochastic,FALSE,Quarantine;Vaccination,FALSE,Unspecified,Unspecified,Unspecified
f4c025bf2f6eec299575a332f481a5fe,312b207d0867026959b042aca00160dc,20717,Ebola virus,Compartmental,Other compartmental;SIR,Deterministic,TRUE,Unspecified,FALSE,Unspecified,Unspecified,Unspecified
5e811738910de3a798cb1adf1df07e9e,f73f0c7090b832f78b41505ab4b15379,20823,Ebola virus,Compartmental,SIR,Deterministic,TRUE,Unspecified,FALSE,Human to human (direct non-sexual contact),Homogeneous mixing,NA
b9776958fe58af026f54084305408c20,85189ad56c286886c48e70405af3c39d,20916,Ebola virus,Compartmental,Other compartmental,NA,TRUE,Quarantine,FALSE,NA,NA,Unspecified
7f70ce3b6f22d1f412b7fd1b774bbc7e,a1d9f4715a48927eb36a64b6d535ef41,20918,Ebola virus,Compartmental,SEIR,Deterministic,TRUE,Unspecified,FALSE,Unspecified,Unspecified,Unspecified
049baadae25d4225484dd47a51446a44,d6ce44f4c77c57274a5d954c1fb1f7d5,21165,Ebola virus,Compartmental,SIS,NA,TRUE,Unspecified,FALSE,Unspecified,Unspecified,Unspecified
1475fadc1ca1a65f4b9ef1c3625c015e,92bde2ebf234c4e0a1ea52d51a564983,21313,Ebola virus,Compartmental,SEIR,Deterministic,TRUE,Unspecified,FALSE,Unspecified,Unspecified,Unspecified
2cbebacc63c6ebafd888a0994b639a14,bd94b81589af31da28ff388c6e7754c8,21510,Ebola virus,Agent / Individual based;Compartmental,Other compartmental,Deterministic,TRUE,Contact tracing;Other;Quarantine;Safe burials,FALSE,Human to human (direct non-sexual contact),Heterogenity in transmission rates - between groups;Heterogenity in transmission rates - over time,Unspecified
86f0685a70b1cc8a9d92dfe7e0eeee15,b3c7c5c5b21de6c202fec0a5960b6e3f,21633,Ebola virus,Compartmental,Other compartmental,Deterministic,FALSE,Hospitals,FALSE,Unspecified,Unspecified,Unspecified
a4555f1d83b82fc543d75763cc61948b,9c40beca9097e86e7b38e83b9befecf3,21671,Ebola virus,Compartmental,Other compartmental;SIR,Stochastic,TRUE,Unspecified,FALSE,Human to human (direct non-sexual contact),Homogeneous mixing,Unspecified
9a2f6b063e70de502fef741a65c12a75,fb51f9d20223058586102e981071dd14,21673,Ebola virus,Compartmental,Other compartmental,Deterministic;Stochastic,TRUE,Unspecified,FALSE,Unspecified,Unspecified,Unspecified
9a3442983bd7380fcebfc15e5c56fde1,75048c6ba11bbcb24affa2a1e198baf8,21723,Ebola virus,Compartmental,SIR,Stochastic,FALSE,Unspecified,FALSE,Unspecified,Unspecified,Unspecified
7b251dfd07e7e16f28feb2e081b48b76,26415b1d0bd28b65a374cae61375afa6,22053,Ebola virus,Branching process,Not compartmental,Stochastic,FALSE,Unspecified,TRUE,Unspecified,Unspecified,Unspecified
f59600eac2821059bff43124179c428b,c6beffa5671fccb7e8cf6e20bc00379d,22092,Ebola virus,Compartmental,SEIR,Deterministic,FALSE,Unspecified,FALSE,Human to human (direct non-sexual contact),Homogeneous mixing,Unspecified
503277dc5dbec873c9011f287addb07b,422a4a06283985e0f6ab41fb14f74eb5,22463,Ebola virus,Compartmental,SIR,Deterministic,TRUE,Behaviour changes;Safe burials,FALSE,Unspecified,Unspecified,Unspecified
f1fd27370361beff9277c0d56e622b73,31fe8875d9711afdb508350a2e1ab477,22518,Ebola virus,Compartmental,Other compartmental;SIR,Deterministic,TRUE,Unspecified,FALSE,Unspecified,Unspecified,Unspecified
d19c2656f65bf202642254c0de0e01a3,718a67b42eaa5c61fd9fffa6f04ef5b6,22547,Ebola virus,Compartmental,SEIR,Deterministic;Stochastic,FALSE,Unspecified,FALSE,Unspecified,Homogeneous mixing,Unspecified
abfbda503ffff2827953aea719c8be8c,1da62abfd643ef1866e38460fb2b8626,22647,Ebola virus,Compartmental,Other compartmental,NA,TRUE,NA,FALSE,Human to human (direct non-sexual contact),Unspecified,Unspecified
082e51a586c5106ec37b6f6cad1cdcb2,c95d1d038b875e3c5aaabfaa82b4277f,22685,Ebola virus,Compartmental,SEIR,Deterministic,TRUE,Quarantine,FALSE,Unspecified,Homogeneous mixing,Unspecified
07f0973369a4bd1a08e17ff2c3b1a7dc,18fdfc12ce69b95f10a6d58c6a55de6a,22692,Ebola virus,Compartmental,SEIR,Deterministic,TRUE,Unspecified,FALSE,Unspecified,Heterogenity in transmission rates - between groups,Unspecified
f20654eed930d6da1b4d00fe5e89a4a6,00dd76fd82e62bdf0e47cc15e57596f4,22762,Ebola virus,Compartmental,SEIR;SIR,Deterministic,TRUE,Other;Treatment;Vaccination,FALSE,Unspecified,Unspecified,Unspecified
be550d4fee6590a970ad55450056e6a0,895bb7cf1192c737c3e0b4f41d9add1d,23068,Ebola virus,Compartmental,SEIR,NA,TRUE,Unspecified,FALSE,Animal reservoir to human;Human to human (direct non-sexual contact),Unspecified,Unspecified
fc7544ca72c3cc8982a669a16a1ccb99,f6ef7e11d8a50bd3bb525740051cf737,23104,Ebola virus,Compartmental,Other compartmental,Stochastic,TRUE,Unspecified,FALSE,Unspecified,Heterogenity in transmission rates - between groups,Unspecified
70b224fcbb78938a69fe29d24755eb45,d73a34fab944140865dd4bacb144ad75,23126,Ebola virus,Compartmental,Other compartmental;SIR,Deterministic,TRUE,NA,FALSE,Unspecified,Unspecified,Unspecified
2395af657a8f64617364f5c9fa3c2644,b503e0065adb9eb9b8f855a09dc61fa9,23390,Ebola virus,Compartmental,SEIR,Deterministic,TRUE,Unspecified,FALSE,Unspecified,Heterogenity in transmission rates - between groups,Unspecified
43a68c8053c98d867c702ddfcc9158e7,b77400d946694e641d2d3c0b7fcd3e7b,23420,Ebola virus,Compartmental,Other compartmental,NA,TRUE,Hospitals;Behaviour changes,FALSE,Human to human (direct non-sexual contact);Sexual,Heterogenity in transmission rates - between groups,Unspecified
4518fa232e808ffdf98bb3fded506c49,c643f8b8c7d601c859c986532e3f9b3e,23425,Ebola virus,Compartmental,SEIR,NA,TRUE,Treatment,FALSE,Human to human (direct non-sexual contact),Unspecified,Unspecified
87f551d9a7bfff8e9c8694e7f3906923,804354b3e8d2061fe310cac9e9109469,23506,Ebola virus,Compartmental,SEIR,Deterministic,TRUE,Other,FALSE,Human to human (direct non-sexual contact),NA,Unspecified
c363f4cf0fb7af2d4b1d38f3382101a2,2d06dfb18b8640b3c0d776bbdad4e240,23507,Ebola virus,Compartmental,Other compartmental;SEIR,Deterministic,FALSE,Other,FALSE,Human to human (direct non-sexual contact),Heterogenity in transmission rates - between groups;Heterogenity in transmission rates - over time;Homogeneous mixing,Unspecified
8fe32cff31d5dfe74cf285d4d86d430e,5f6d06181bc2937217ac06535fad5f6a,23523,Ebola virus,Compartmental,SEIR,Deterministic,FALSE,Unspecified,FALSE,Unspecified,Unspecified,Unspecified
a1698fd111610f4f076be56143a09ff3,a5143a50b4a5c180e571b9895f69b233,23594,Ebola virus,Compartmental,SEIR,Deterministic,TRUE,NA,FALSE,Human to human (direct non-sexual contact),Unspecified,Unspecified
622426c162a8fe2200d115a5a53f9de7,f82be5a467e8196a1370865ae87b5dda,23595,Ebola virus,Compartmental,SIR,Deterministic,TRUE,NA,FALSE,Human to human (direct non-sexual contact),Unspecified,Unspecified
64c7973ca005a166e853800c473368d0,8d7569850ccf81509880793ad5f70915,23669,Ebola virus,Compartmental,Other compartmental,Deterministic,FALSE,Behaviour changes;Quarantine,FALSE,Human to human (direct non-sexual contact),Unspecified,Unspecified
2773e136977ef397c068563756be0c11,d9a34d0fdde1a58e919f47e1710c848e,23670,Ebola virus,Compartmental,Other compartmental,Deterministic,TRUE,Contact tracing;Hospitals;Quarantine;Safe burials;Vaccination,FALSE,Human to human (direct non-sexual contact),Unspecified,Unspecified
8a371a4782e346f4c0da1551d4231795,e7d2f495b4c5eafe33244f5676d02eba,23674,Ebola virus,Compartmental,SEIR,Deterministic,TRUE,Unspecified,FALSE,Human to human (direct non-sexual contact),Latent period is same as incubation period,Unspecified
80c6cd5dac68f5bcefd6417e91d8341a,3966bf082a95535831c373e6a7abb3ba,23719,Ebola virus,Compartmental,Other compartmental,Deterministic,FALSE,Hospitals;Quarantine;Safe burials,FALSE,NA,NA,Unspecified
d932e048bbbc6981181afccbecebb81b,3c46ea02b07bf65e68a9245d83b0d418,23896,Ebola virus,Compartmental,Other compartmental;SEIR,Deterministic,TRUE,Unspecified,FALSE,Human to human (direct non-sexual contact),Latent period is same as incubation period,Unspecified
627e0d457a6d9c3c517281b5497619c6,dc3ee9618ba40c4dfdde3977fe0f3c49,23964,Ebola virus,Compartmental,Other compartmental,Stochastic,TRUE,NA,FALSE,Human to human (direct non-sexual contact),Unspecified,Unspecified
6aeb918b94a75e27c8468d8e9bb61358,70b46d657441978db9de451e1ba986d3,23986,Ebola virus,Compartmental,SEIR,Stochastic,FALSE,Unspecified,TRUE,Human to human (direct non-sexual contact),Unspecified,Unspecified
c1c1498ffeb9d27ac0a372eab201e68b,4def4263c8b6e93db5fb2271bdbd675b,24286,Ebola virus,Branching process,Not compartmental,Stochastic,FALSE,NA,FALSE,Human to human (direct non-sexual contact),Heterogenity in transmission rates - over time,Unspecified
