id,covidence_id,pathogen,first_author_surname,first_author_first_name,article_title,doi,journal,year_publication,volume,issue,page_first,page_last,paper_copy_only,notes,qa_m1,qa_m2,qa_a3,qa_a4,qa_d5,qa_d6,qa_d7
9f62e47ed45a53c1336e8e63d7d7f6cb,18,Lassa mammarenavirus,Webb,PA,"Lassa Fever In Children In Sierra-Leone, West-Africa",NA,Transactions Of The Royal Society Of Tropical Medicine And Hygiene,1986,80,4,577,582,FALSE,"Study in Children
Seasonal cluster in April; May and August",Yes,No,NA,NA,Yes,No,No
7f4b4528feba7ce6d3a5033854ea7a42,49,Lassa mammarenavirus,Van Der Waals,Fransje,Hemorrhagic-Fever Virus-Infections In An Isolated Rain-Forest Area Of Central Liberia - Limitations Of The Indirect Immunofluorescence Slide Test For Antibody Screening In Africa,NA,Tropical And Geographical Medicine,1986,38,3,209,214,TRUE,"Link with Epilepsy
Considers several hemorrhagic fever viruses",Yes,Yes,NA,NA,No,No,No
9da04c9c3464ba932aa82d2e4a0fb5ea,60,Lassa mammarenavirus,Tuite,Ashleigh,Potential For Seasonal Lassa Fever Case Exportation From Nigeria,10.4269/ajtmh.18-0753,American Journal Of Tropical Medicine And Hygiene,2019,100,3,647,651,FALSE,NA,NA,NA,NA,NA,Yes,Yes,NA
93d3ee2b0b807525133000bdfb9e41f6,61,Lassa mammarenavirus,Troup,Jeanette,"An Outbreak Of Lassa Fever On Jos Plateau, Nigeria, In January-February 1970 - A Preliminary Report",10.4269/ajtmh.1970.19.695,American Journal Of Tropical Medicine And Hygiene,1970,19,4,695,696,FALSE,NA,No,No,NA,NA,Yes,No,No
0e06f783f34b11ba33b1ab6f3d7c2d43,68,Lassa mammarenavirus,Tomori,Oyewale,Viral Hemorrhagic-Fever Antibodies In Nigerian Populations,NA,American Journal Of Tropical Medicine And Hygiene,1988,38,2,407,410,TRUE,Regional differences in serology as risk outcome significant.,Yes,Yes,NA,NA,No,No,No
01164920772c52dcd07ce445ef103eae,74,Lassa mammarenavirus,Tobin,Ekaete,Lassa Fever In Nigeria: Insights Into Seroprevalence And Risk Factors In Rural Edo State: A Pilot Study,10.4103/2276-7096.162258,Journal Of Medicine In The Tropics,2015,17,2,51,55,FALSE,Dates of serosurvey not reported.,Yes,Yes,NA,NA,No,No,No
6cc9cdeb7652ce2eeb78ae9df2a3efaa,79,Lassa mammarenavirus,Tignor,Gregory,"The Yellow-Fever Epidemic In Ethiopia, 1961-1962 - Retrospective Serological Evidence For Concomitant Ebola Or Ebola-Like Virus-Infection",NA,Transactions Of The Royal Society Of Tropical Medicine And Hygiene,1993,87,2,162,162,FALSE,Negative seroprevalence across regions in Ethiopia - extracted in aggregate,No,No,NA,NA,No,No,No
59ed726111e716143c101513e5ee7a23,81,Lassa mammarenavirus,Tessier,S.F.,Viral Hemorrhagic-Fever Survey In Chobe (Botswana),10.1016/0035-9203(87)90462-7,Transactions Of The Royal Society Of Tropical Medicine And Hygiene,1987,81,4,699,700,TRUE,Negative seroprevalence in mixed village-hospital setting.,No,No,NA,NA,Yes,No,No
d7e338066ff4d9487c15eceec2ee70bd,85,Lassa mammarenavirus,ter Meulen,J.,Hunting Of Peridomestic Rodents And Consumption Of Their Meat As Possible Risk Factors For Rodent-To-Human Transmission Of Lassa Virus In The Republic Of Guinea,NA,American Journal Of Tropical Medicine And Hygiene,1996,55,6,661,666,TRUE,NA,Yes,Yes,NA,NA,Yes,No,Yes
13cdef32a7a9576e547c45ab06c3a4fe,88,Lassa mammarenavirus,ter Meulen,J.,Detection Of Lassa Virus Antinucleoprotein Immunoglobulin G (Igg) And Igm Antibodies By A Simple Recombinant Immunoblot Assay For Field Use,NA,Journal Of Clinical Microbiology,1998,36,11,3143,3148,FALSE,NA,Yes,Yes,NA,NA,Yes,No,No
6ed59e28ccc2eef7c923b0d259231798,130,Lassa mammarenavirus,Sogoba,Nafomon,"Lassa Virus Seroprevalence In Sibirilia Commune, Bougouni District, Southern Mali",10.3201/eid2204.151814,Emerging Infectious Diseases,2016,22,4,657,663,FALSE,NA,Yes,Yes,NA,NA,Yes,Yes,No
39819a2a94765a2302e96fca8c7de0bd,152,Lassa mammarenavirus,Siddle,Katherine,Genomic Analysis Of Lassa Virus During An Increase In Cases In Nigeria In 2018,10.1056/NEJMoa1804498,New England Journal Of Medicine,2018,379,18,1745,1753,FALSE,"- Outbreak recorded as WHO classified as grade 2 public health emergency.
- Some human to human transmission suspected from sequence data
- Spatial separation (by major rivers) of prevalent linages of Lassa virus",NA,NA,NA,NA,Yes,NA,NA
49eb024d2712105290dedd2dd5323c08,167,Lassa mammarenavirus,Shehu,Nathan Y,"Lassa Fever 2016 Outbreak In Plateau State, Nigeria-The Changing Epidemiology And Clinical Presentation",10.3389/fpubh.2018.00232,Frontiers In Public Health,2018,6,NA,NA,NA,FALSE,"Risk factors: Not significant: Occupation other: business; office workers; unemployed. Paper uses farmers; which I've listed as livestock and animal herder.
",Yes,No,NA,NA,Yes,Yes,No
db349967bcba352945dcb2e0643967ed,168,Lassa mammarenavirus,Sharp,P. C.,Lassa Fever In Children,NA,Journal Of Infection,1982,4,1,73,77,FALSE,NA,No,No,NA,NA,No,No,No
0173b29dde27c00b828b19488e322c4e,174,Lassa mammarenavirus,Shaffer,Jeffrey,Lassa Fever In Post-Conflict Sierra Leone,10.1371/journal.pntd.0002748,Plos Neglected Tropical Diseases,2014,8,3,NA,NA,FALSE,"CFR of hosiptalised PCR confirmed cases
Significantly more women than men presented at hospital but CFR difference not significant (page 7).
Ribavirin treatment significantly reduces risk of death (page 8).",Yes,No,Yes,No,Yes,Yes,No
317696920b8b6de528cdc360b74893a8,225,Lassa mammarenavirus,Salah,S.,A Negative Human Serosurvey Of Hemorrhagic-Fever Viruses In Djibouti,NA,Annales De L Institut Pasteur-Virology,1988,139,4,439,442,FALSE,"Multi-setting seroprevalence survey with soldiers, non-Lassa hospitalised and villagers",No,No,NA,NA,No,No,No
5c36dc810c04252d3df604da1cbc657f,252,Lassa mammarenavirus,Roth,Prerana,Factors Associated With Mortality In Febrile Patients In A Government Referral Hospital In The Kenema District Of Sierra Leone,10.4269/ajtmh.14-0418,American Journal Of Tropical Medicine And Hygiene,2015,92,1,172,177,FALSE,NA,Yes,Yes,NA,NA,Yes,Yes,No
dc041d85c6bebf8cf54ce0a5144538d6,263,Lassa mammarenavirus,Rodrigues,FM,Serological Survey For The Detection Of Antibodies To Lassa Virus In India,NA,Journal Of The Indian Medical Association,1978,70,2,25,28,TRUE,NA,No,No,NA,NA,No,No,No
23ea40c24afce22846f80c56d3062794,264,Lassa mammarenavirus,Rodhain,F,Arbovirus Infections And Viral Haemorrhagic Fevers In Uganda: A Serological Survey In Karamoja District 1984,NA,Transactions Of The Royal Society Of Tropical Medicine And Hygiene,1989,83,6,851,854,FALSE,NA,No,No,NA,NA,Yes,No,No
ecf59a0248a980aa1a268346c172a28d,285,Lassa mammarenavirus,Redding,DW,Environmental-Mechanistic Modelling Of The Impact Of Global Change On Human Zoonotic Disease Emergence: A Case Study Of Lassa Fever,10.1111/2041-210X.12549,Methods In Ecology And Evolution,2016,7,6,646,655,FALSE,NA,Yes,Yes,Yes,Yes,Yes,No,No
e5edb3a63c397372ab03de34ab1c00cf,307,Lassa mammarenavirus,Price,Michael E,A Prospective Study Of Maternal And Fetal Outcome In Acute Lassa Fever Infection During Pregnancy,NA,British Medical Journal,1988,297,6648,584,587,FALSE,NA,No,No,NA,NA,Yes,No,No
bf4dd61880195d81c6aa3645fa15d341,351,Lassa mammarenavirus,Zweighaft,RM,Lassa Fever - Response To An Imported Case,NA,New England Journal Of Medicine,1977,297,15,803,807,TRUE,NA,No,No,NA,NA,Yes,No,No
406d3472798ee4689fa6f80a474a4360,398,Lassa mammarenavirus,Woodruff,AW,Viral Infections In Travellers From Tropical Africa,NA,British Medical Journal,1978,1,6118,956,958,FALSE,NA,No,No,NA,NA,No,No,No
012db9a4c08faeb314fd0b2227fd5859,416,Lassa mammarenavirus,White,H.,Lassa Fever - Study Of 23 Hospital Cases,NA,Transactions Of The Royal Society Of Tropical Medicine And Hygiene,1972,66,3,390,398,FALSE,NA,No,No,No,NA,Yes,No,No
09d2b9e41b8dc6d4355418aa977bb9a5,441,Lassa mammarenavirus,Olugasa,Babasola,"The Rubber Plantation Environment And Lassa Fever Epidemics In Liberia, 2008-2012: A Spatial Regression",10.1016/j.sste.2014.04.005,Spatial And Spatio-Temporal Epidemiology,2014,11,NA,163,74,FALSE,NA,Yes,Yes,NA,Yes,Yes,Yes,No
85033603c55eaa99b2249a26805290b6,444,Lassa mammarenavirus,Oloniniyi,Olamide,Genetic Characterization Of Lassa Virus Strains Isolated From 2012 To 2016 In Southeastern Nigeria,10.1371/journal.pntd.0006971,Plos Neglected Tropical Diseases,2018,12,11,NA,NA,FALSE,NA,Yes,Yes,Yes,No,Yes,Yes,No
14ee33e11d549c2ce26e0caa05dd4858,461,Lassa mammarenavirus,Okokhere,Peter,Clinical And Laboratory Predictors Of Lassa Fever Outcome In A Dedicated Treatment Facility In Nigeria: An Observational Cohort Study,10.1016/S1473-3099(18)30121-X,Lancet Infectious Diseases,2018,18,5,684,695,FALSE,NA,Yes,No,No,No,Yes,Yes,No
e643a77d6e69510235af88fe79d9bfa3,545,Lassa mammarenavirus,Lukashevich,I.,Lassa Virus Activity In Guinea - Distribution Of Human Antiviral Antibody-Defined Using Enzyme-Linked-Immunosorbent-Assay With Recombinant Antigen,NA,Journal Of Medical Virology,1993,40,3,210,217,FALSE,NA,No,Yes,NA,NA,Yes,Yes,No
a7ab005860fa1caba3ba17bae7c7ebb6,558,Lassa mammarenavirus,Lo Iacono,Giovanni,A Unified Framework For The Infection Dynamics Of Zoonotic Spillover And Spread,10.1371/journal.pntd.0004957,Plos Neglected Tropical Diseases,2016,10,9,NA,NA,FALSE,This paper has a plot for Rt in the supp; but I think this is using the generic ABM; rather than fitting to data.,Yes,Yes,Yes,Yes,Yes,Yes,No
dc58ccb401238d09a9ba6452086ea3ac,560,Lassa mammarenavirus,Lo Iacono,Giovanni,Using Modelling To Disentangle The Relative Contributions Of Zoonotic And Anthroponotic Transmission: The Case Of Lassa Fever,10.1371/journal.pntd.0003398,Plos Neglected Tropical Diseases,2015,9,1,NA,NA,FALSE,Paper also gives median for Re; only reports maximum; not minimum. Most parameters are given in figures and are not fully extractable.,Yes,Yes,No,Yes,No,No,No
b705e586dc705035b24d26a6fb9a7385,645,Lassa mammarenavirus,Knobloch,J.,Clinical Observations In 42 Patients With Lassa Fever,NA,Tropenmedizin Und Parasitologie,1980,31,4,389,398,FALSE,NA,No,No,Yes,Yes,Yes,Yes,No
80f74d1d0413175d39f4ef00894321c1,652,Lassa mammarenavirus,Klempa,Boris,"Seroepidemiological Study Reveals Regional Co-Occurrence Of Lassa- And Hantavirus Antibodies In Upper Guinea, West Africa",10.1111/tmi.12045,Tropical Medicine And International Health,2013,18,3,366,371,FALSE,NA,Yes,Yes,Yes,Yes,Yes,No,No
f3b641b98c7c31cd7c60b5b40f034fdd,661,Lassa mammarenavirus,Kerneis,Solen,Prevalence And Risk Factors Of Lassa Seropositivity In Inhabitants Of The Forest Region Of Guinea: A Cross-Sectional Study,10.1371/journal.pntd.0000548,Plos Neglected Tropical Diseases,2009,3,11,NA,NA,FALSE,NA,Yes,Yes,Yes,Yes,Yes,Yes,No
bd87100e21aebe2d0a5d9e863ee7b9ef,669,Lassa mammarenavirus,Keenlyside,Richard,Case-Control Study Of Mastomys Natalensis And Humans In Lassa Virus-Infected Households In Sierra Leone,NA,American Journal Of Tropical Medicine And Hygiene,1983,32,4,829,837,FALSE,This paper reports overall positivity for either IgG OR IgM,No,No,Yes,Yes,No,No,No
3e0be8c155601659f0e9c615d7a0af07,670,Lassa mammarenavirus,Keane,E,"Lassa Fever In Panguma-Hospital, Sierra-Leone, 1973-1976",NA,British Medical Journal,1977,1,6073,1399,1402,FALSE,"A brief summary of some epi features from a hospital population.
Parameter IDs 4&5 are in men and non-pregnant women. Pregnant women specifically in parameter ids 6&7.",Yes,Yes,NA,NA,Yes,No,No
3e2dbc3bb54c1e4e9dbc3a6f3ebe2243,678,Lassa mammarenavirus,Kafetzopoulou,L.E.,Metagenomic Sequencing At The Epicenter Of The Nigeria 2018 Lassa Fever Outbreak,10.1126/science.aau9343,Science,2019,363,6422,74,77,FALSE,Genomic study confirming no new variants.,Yes,Yes,Yes,Yes,Yes,Yes,Yes
847a4366dd32006ad6d8fcbf9663476a,693,Lassa mammarenavirus,Johnson,E.D.,Hemorrhagic-Fever Virus Activity In Equatorial Africa - Distribution And Prevalence Of Filovirus Reactive Antibody In The Central-African-Republic,10.1016/0035-9203(93)90075-2,Transactions Of The Royal Society Of Tropical Medicine And Hygiene,1993,87,5,530,535,FALSE,Serosurvery of multiple HFVs but only a tiny number positive for Lassa,No,Yes,NA,NA,Yes,No,No
c05798002a738bdd63d75d796a135372,696,Lassa mammarenavirus,Johnson,B.K.,Antibodies Against Hemorrhagic-Fever Viruses In Kenya Populations,10.1016/0035-9203(83)90216-x,Transactions Of The Royal Society Of Tropical Medicine And Hygiene,1983,77,5,731,733,FALSE,NA,No,No,NA,NA,No,No,No
281c8656433ac081595ed5b586865e86,729,Lassa mammarenavirus,Ivanoff,B.,"Hemorrhagic-Fever In Gabon .1. Incidence Of Lassa, Ebola And Marburg Viruses In Haut-Ogooue",10.1016/0035-9203(82)90089-x,Transactions Of The Royal Society Of Tropical Medicine And Hygiene,1982,76,6,719,720,FALSE,NA,No,No,NA,NA,No,No,No
c2b427ce0271b9f77f59132a763cf985,742,Lassa mammarenavirus,Gunther,Stephan,Antibodies To Lassa Virus Z Protein And Nucleoprotein Co-Occur In Human Sera From Lassa Fever Endemic Regions,10.1007/s004300100061,Medical Microbiology And Immunology,2001,189,4,225,229,FALSE,NA,Yes,No,NA,NA,No,No,No
4922f266e32d24120aa52f5e6f4ac8d6,757,Lassa mammarenavirus,Grahn,A,Absence Of Nosocomial Transmission Of Imported Lassa Fever During Use Of Standard Barrier Nursing Methods,10.3201/eid2406.172097,Emerging Infectious Diseases,2018,24,6,972,977,FALSE,HCW contacts of a case imported to Sweden from Liberia,Yes,No,NA,NA,Yes,Yes,No
0243341efb6db404776d7bced47be83b,773,Lassa mammarenavirus,Gonzalez,JP,Antibody Prevalence Against Haemorrhagic Fever Viruses In Randomized Representative Central African Populations,10.1016/S0923-2516(89)80112-8,Research In Virology,1988,140,4,319,332,FALSE,Think they've made a mistake in their table about number of positives - indicates 5 but then calc only uses 3. Not overly important given small numbers; but flagging in case anyone looks back at this.,Yes,No,NA,NA,Yes,No,No
f8d73a4cf0d690616a47af76c306ee1c,799,Lassa mammarenavirus,Georges,AJ,Antibodies To Lassa And Lassa-Like Viruses In Man And Mammals In The Central African Republic,10.1016/0035-9203(85)90242-1,Transactions Of The Royal Society Of Tropical Medicine And Hygiene,1985,79,1,78,79,FALSE,NA,Yes,No,NA,NA,No,No,No
efb15bb557943d996a14bbe398aa6b8f,832,Lassa mammarenavirus,Fraser,David W,"Lassa Fever In The Eastern Province Of Sierra Leone, 1970 - 1972: I. Epidemiologic Studies",10.4269/ajtmh.1974.23.1131,American Journal Of Tropical Medicine And Hygiene,1974,23,6,1131,1139,TRUE,NA,Yes,No,NA,NA,No,Yes,No
452fe878a52a8036969508cf06d72d27,838,Lassa mammarenavirus,Frame,JD,Endemic Lassa Fever In Liberia. V. Distribution Of Lassa Virus Activity In Liberia: Hospital Staff Surveys,10.1016/0035-9203(84)90012-9,Transactions Of The Royal Society Of Tropical Medicine And Hygiene,1984,78,6,761,763,FALSE,NA,Yes,No,NA,NA,Yes,Yes,No
5e7d20c0d0d52495025dc8a09f656096,840,Lassa mammarenavirus,Frame,JD,Endemic Lassa Fever In Liberia. Ii. Serological And Virological Findings In Hospital Patients,10.1016/0035-9203(84)90232-3,Transactions Of The Royal Society Of Tropical Medicine And Hygiene,1984,78,5,656,660,FALSE,"More information on number of cases at each hospital here but not given in an extractable format (e.g. need to do maths).
Seroprevalence also not in readily extractible format; hence the parameter data entry being so sparse.",No,No,NA,NA,No,Yes,No
369dd01f0a624a8e284ed68ed5347d7f,841,Lassa mammarenavirus,Frame,JD,Lassa Virus Antibodies In Hospital Personnel In Western Liberia,10.1016/0035-9203(79)90218-9,Transactions Of The Royal Society Of Tropical Medicine And Hygiene,1979,73,2,219,224,FALSE,NA,Yes,No,NA,NA,Yes,Yes,No
2e4ff9c8065b9faadd3a386783fc93e3,842,Lassa mammarenavirus,Frame,John D.,"Lassa Fever, A New Virus Disease Of Man From West Africa .1. Clinical Description And Pathological Findings",NA,American Journal Of Tropical Medicine And Hygiene,1970,19,4,670,676,TRUE,First paper to name Lassa fever and describe initial outbreak.,No,No,NA,NA,No,NA,NA
9c644bcef9290d8f7f6ac679801ec1b2,845,Lassa mammarenavirus,Frame,John,Clinical Features Of Lassa Fever In Liberia,NA,Reviews Of Infectious Diseases,1989,11,NA,783,789,FALSE,NA,No,Yes,Yes,Yes,Yes,Yes,Yes
877ba20126431371f1dc0fcafca15cbd,854,Lassa mammarenavirus,Fisher-Hoch,S P,Review Of Cases Of Nosocomial Lassa Fever In Nigeria - The High Price Of Poor Medical-Practice,NA,British Medical Journal,1995,311,NA,857,859,FALSE,Suggestive of parenteral transmission (via needles; presumably shared and due to substandard medical standards as described in depth),No,No,NA,NA,Yes,Yes,No
8d6faf917bbcba52c88bbc32b69c442b,870,Lassa mammarenavirus,Monson,Mark,"Endemic Lassa Fever In Liberia. I. Clinical And Epidemiological Aspects At Curran Lutheran Hospital, Zorzor, Liberia",NA,Transactions Of The Royal Society Of Tropical Medicine And Hygiene,1984,78,4,549,553,FALSE,Reports of miscarriages in pregnant LF survivors,No,No,No,No,Yes,Yes,No
66213446c64b9b2209d5ca3182f75f87,871,Lassa mammarenavirus,Monson,Mark,Pediatric Lassa Fever: A Review Of 33 Liberian Cases,NA,American Journal Of Tropical Medicine And Hygiene,1987,36,2,408,415,TRUE,"Describes LF in children including fetal; infant and childhood LF. Presents ""swollen baby syndrome""; a poor prognostic indicator of LF-att mortality - CFR of 87% (5/6) for children with SBS. Also report miscarriage (100% fetal CFR) and neonatal deaths.",No,Yes,Yes,Yes,Yes,Yes,Yes
363929db83a192487ee755aeb78234ad,873,Lassa mammarenavirus,Monath,T.P.,"A Hospital Epidemic Of Lassa Fever In Zorzor, Liberia, March - April 1972",NA,American Journal Of Tropical Medicine And Hygiene,1973,22,6,773,779,TRUE,Nosocomial epidemic. Serology tested for CF antibody but I couldn't figure out which classification this would be. 0/22 family contacts; 4/133 village members.,Yes,Yes,No,No,No,Yes,No
9736e3b06a6f64dec16c8919ba6b6b48,874,Lassa mammarenavirus,Monath,Thomas,"Lassa Fever In Eastern Province Of Sierra Leone, 1970-1972 .2. Clinical Observations And Virological Studies On Selected Hospital Cases",NA,American Journal Of Tropical Medicine And Hygiene,1974,23,6,1140,1149,FALSE,Only death in a pregnant woman at the end of second trimester.,No,No,No,Yes,No,Yes,No
b532584cc829943f3578dde34aed2fd2,920,Lassa mammarenavirus,McCormick,Joseph B.,Lassa Fever: Effective Therapy With Ribavirin,NA,New England Journal Of Medicine,1986,314,1,20,26,FALSE,Sig. RF for death (CFR) were viremia levels on admission; elevated serum AST; + timing of ribavirin treatment.  Non-sig RF for death and viremia (other) was treatment type. CFR disagg by treatment type; timing; and serum levels. Central CFR =untreated pts,Yes,No,No,No,Yes,Yes,Yes
40a8d7b386c3f896cdd648fe9c612220,921,Lassa mammarenavirus,McCormick,Joseph B.,A Case-Control Study Of The Clinical Diagnosis And Course Of Lassa Fever,NA,Journal Of Infectious Diseases,1987,155,3,445,455,FALSE,NA,No,No,No,No,Yes,No,No
8053eeae2c42401c08b2ba768fbb716b,941,Lassa mammarenavirus,Mathiot,Christian C.,Antibodies To Haemorrhagic Fever Viruses In Madagascar Populations,NA,Transactions Of The Royal Society Of Tropical Medicine And Hygiene,1989,83,3,407,409,TRUE,NA,No,No,NA,NA,No,No,No
386ed51b365ba59e743b3e4b83bde542,1012,Lassa mammarenavirus,Emmerich,Petra,Strain-Specific Antibody Response To Lassa Virus In The Local Population Of West Africa,10.1016/j.jcv.2007.11.019,Journal Of Clinical Virology,2008,42,1,40,44,FALSE,Also has an overall seroprevalence estimate from all 960 samples across countries (9.2%). Goal of paper is to compare strain-specific detection by assay,Yes,No,NA,NA,No,No,No
364c7701219a82380347adddb9bace5b,1033,Lassa mammarenavirus,Ehichioya,Deborah U.,"Hospital-Based Surveillance For Lassa Fever In Edo State, Nigeria, 2005-2008",10.1111/j.1365-3156.2012.03010.x,Tropical Medicine And International Health,2012,17,8,1001,1004,FALSE,NA,Yes,Yes,NA,NA,Yes,Yes,No
0f94ce4f9e4412effb3407bb26685a1a,1080,Lassa mammarenavirus,Dahmane,A,Constraints In The Diagnosis And Treatment Of Lassa Fever And The Effect On Mortality In Hospitalized Children And Women With Obstetric Conditions In A Rural District Hospital In Sierra Leone,10.1093/trstmh/tru009,Transactions Of The Royal Society Of Tropical Medicine And Hygiene,2014,108,3,126,132,FALSE,"Study considering pregnant women & children
effectiveness of ribavirin as treatment",Yes,No,NA,NA,Yes,Yes,No
8b9eae26603fabaa7c46c0d0880e7035,1161,Lassa mammarenavirus,Carey,DE,"Lassa Fever - Epidemiological Aspects Of 1970 Epidemic, Jos, Nigeria",NA,Transactions Of The Royal Society Of Tropical Medicine And Hygiene,1972,66,3,402,408,FALSE,Describes outbreak with potential nosocomial transmission,NA,NA,NA,NA,No,No,No
bd5e179ceac6d7d3a08d2686781dd8c8,1173,Lassa mammarenavirus,Isere,Elvis,Lessons Learnt From Epidemiological Investigation Of Lassa Fever Outbreak In A Southwest State Of Nigeria December 2015 To April 2016,10.1371%2Fcurrents.outbreaks.bc4396a6650d0ed1985d731583bf5ded,Plos Currents,2018,10,NA,NA,NA,FALSE,NA,Yes,No,NA,NA,Yes,Yes,NA
492d3911497a4f807784c3d85d7cd131,1181,Lassa mammarenavirus,Inegbenebor,Ute,Prevention Of Lassa Fever In Nigeria,10.1016/j.trstmh.2009.07.008,Transactions Of The Royal Society Of Tropical Medicine And Hygiene,2010,104,1,51,54,FALSE,"Survey asked people about burial practices but no statistical analysis of results.
908 people inpatients included in retrospective study. 60 patients included in survey",Yes,No,NA,NA,Yes,No,No
ee9a2b7c5f5092606151f83de44d102f,1183,Lassa mammarenavirus,Ilori,Elsie,"Increase In Lassa Fever Cases In Nigeria, January-March 2018",10.3201/eid2505.181247,Emerging Infectious Diseases,2019,25,5,1026,1027,FALSE,"CFRs based on confirmed and probable cases
decrease in CFR from 2017 to 2018 particially attributable to significantly higher testing capacity",Yes,Yes,NA,NA,Yes,No,No
c287635d5c04628324bbaae210d8feaf,1234,Lassa mammarenavirus,Henderson,B.E.,Lassa Fever - Virological And Serological Studies,NA,Transactions Of The Royal Society Of Tropical Medicine And Hygiene,1972,66,3,409,416,FALSE,"3 seroprevalence studies:
(1) 712 missionaries across Africa
(2) WHO treponematosis samples reanalysed for Lassa in Nigeria (Benue River area)
(3) 281 sample from Nigera (Ibadan) from a tribe of cattle herders",No,No,NA,NA,No,No,No
12480e4884ed73b65076b7ceea42f1a6,1235,Lassa mammarenavirus,Helmick,Charles,No Evidence For Increased Risk Of Lassa Fever Infection In Hospital Staff,10.1016/s0140-6736(86)92206-3,Lancet,1986,2,8517,1202,1205,FALSE,NA,No,No,NA,NA,Yes,Yes,No
8fdea1afb902a4cfacf42853b8e222e6,1254,Lassa mammarenavirus,Hamblion,E.L.,The Challenges Of Detecting And Responding To A Lassa Fever Outbreak In An Ebola-Affected Setting,10.1016/j.ijid.2017.11.007,International Journal Of Infectious Diseases,2018,66,NA,65,73,FALSE,NA,Yes,No,NA,NA,Yes,Yes,No
3f8d488ad99d280827890d24376d99f2,1266,Lassa mammarenavirus,Bukbuk,David,"Development And Validation Of Serological Assays For Viral Hemorrhagic Fevers And Determination Of The Prevalence Of Rift Valley Fever In Borno State, Nigeria",10.1093/trstmh/tru163,Transactions Of The Royal Society Of Tropical Medicine And Hygiene,2014,108,12,768,773,FALSE,NA,Yes,Yes,NA,NA,Yes,Yes,No
26839290fc754199f5fb8287714a2689,1272,Lassa mammarenavirus,Buba,Maryam,Mortaliy Among Confirmed Lassa Fever Cases During The 2015-2016 Outbreak In Nigeria,10.2105/AJPH.2017.304186,American Journal Of Public Health,2018,108,2,262,264,FALSE,NA,Yes,Yes,NA,NA,Yes,No,No
2c298b19cc69c9ac1aeedf4b8178f350,1310,Lassa mammarenavirus,Bowen,G.S.,"Lassa Fever In Onitsha, East Central State, Nigeria, In 1974",NA,Bulletin Of The World Health Organization,1975,52,NA,599,604,FALSE,NA,No,No,NA,NA,No,No,No
44a24f3247ecc8b57a3f5eb494d61aad,1328,Lassa mammarenavirus,Bonner,Phillip,Poor Housing Quality Increases Risk Of Rodent Infestation And Lassa Fever In Refugee Camps Of Sierra Leone,10.4269/ajtmh.2007.77.169,American Journal Of Tropical Medicine And Hygiene,2007,77,1,169,175,FALSE,Individuals under study are refugees in camps. The CFR (parameter ID14) is based on suspected cases only. The infection risk factors actually pertain to the occurrence of LASV in a household in a case-control study.,Yes,No,NA,NA,Yes,Yes,No
f853b150f2bd62e070a363fb1fb10150,1343,Lassa mammarenavirus,Bloch,A,Serological Survey Of Lassa Fever In Liberia,NA,Bulletin Of The World Health Organization,1978,56,5,811,813,FALSE,NA,No,No,NA,NA,Yes,No,No
28e816d95022a467c630f5b9d3d7ccdc,1368,Lassa mammarenavirus,Bausch,Daniel G,Lassa Fever In Guinea: I. Epidemiology Of Human Disease And Clinical Observations,10.1089/15303660160025903,Vector-Borne And Zoonotic Diseases,2001,1,4,269,279,FALSE,Risk factor is religion; but this is acknowleged as likely to be confounded with geographic region. AN odd risk factor that should probably be excluded; but I've extracted it in case.,Yes,Yes,No,No,Yes,Yes,No
0bd38d21cdb15df1cec05bd98bfb2917,1386,Lassa mammarenavirus,Bajani,M. D.,A Survey For Antibodies To Lassa Virus Among Health Workers In Nigeria,10.1016/s0035-9203(97)90247-9,Transactions Of The Royal Society Of Tropical Medicine And Hygiene,1997,91,4,379,381,FALSE,"Risk factor: Sample size is 552-195=357; blank since not stated explicitly in the text. 
Compares ward aid; doctor; nurse to ref group (Cleaner Laboratory staff; Laundry staff; & Others). All are hospital based; distinction = patient interaction.",Yes,Yes,NA,NA,Yes,No,No
08f1d841f35f85fe53aeef50919e9974,1410,Lassa mammarenavirus,Atangana,Abdon,A Novel Model For The Lassa Hemorrhagic Fever: Deathly Disease For Pregnant Women,10.1007/s00521-015-1860-9,Neural Computing & Applications,2015,26,8,1895,1903,FALSE,"Model: SIRD
Model doesn't make sense.",No,No,No,No,NA,NA,NA
62761cb33833602c1d1d4cecfdc3fea8,1413,Lassa mammarenavirus,Asogun,Danny A,"Molecular Diagnostics For Lassa Fever At Irrua Specialist Teaching Hospital, Nigeria: Lessons Learnt From Two Years Of Laboratory Operation",10.1371/journal.pntd.0001839,Plos Neglected Tropical Diseases,2012,6,9,NA,NA,FALSE,"RF death - age sample size: 108 +60
RF infection - other: geographic region",Yes,Yes,No,No,Yes,Yes,Yes
d589f643daac36d48b664c5155dd4629,1426,Lassa mammarenavirus,Andersen,Kristian G.,Clinical Sequencing Uncovers Origins And Evolution Of Lassa Virus,10.1016/j.cell.2015.07.020,Cell,2015,162,4,738,750,FALSE,evolutionary mutation rate in Figure 2F,Yes,Yes,Yes,Yes,Yes,Yes,Yes
d2ecc47171bdd43a29fed1a9e927fe9f,1433,Lassa mammarenavirus,Allan,Richard,The Progression From Endemic To Epidemic Lassa Fever In War-Torn West Africa,NA,Factors In The Emergence And Control Of Rodent-Borne Viral Diseases,1999,NA,NA,197,205,TRUE,From a book: Emergence and control of rodent-borne viral diseases (hantaviral and arenal diseases) - Jean Franois Saluzzo et al.,No,No,No,No,No,No,No
6e33abaceb1f0f9db416faec8fee5021,1444,Lassa mammarenavirus,Akhuemokhan,OC,Prevalence Of Lassa Virus Disease (Lvd) In Nigerian Children With Fever Or Fever And Convulsions In An Endemic Area,10.1371/journal.pntd.0005711,Plos Neglected Tropical Diseases,2017,11,7,NA,NA,FALSE,Also have prevalence of LF out of children presenting with febrile illness at this hospital.,Yes,No,Yes,Yes,Yes,Yes,Yes
f14b287ccc8da2a837c4d9d3ae2b3394,1447,Lassa mammarenavirus,Ajayi,N.A.,"Containing A Lassa Fever Epidemic In A Resource-Limited Setting: Outbreak Description And Lessons Learned From Abakaliki, Nigeria (January - March 2012)",10.1016/j.ijid.2013.05.015,International Journal Of Infectious Diseases,2013,17,11,NA,NA,FALSE,NA,Yes,Yes,Yes,Yes,Yes,Yes,No
1ce071593b7e4f70be654803280e7dcc,2008,Lassa mammarenavirus,Johnson,BK,"Viral Haemorrhagic Fever Surveillance In Kenya, 1980-1981",NA,Tropical And Geographical Medicine,1983,35,1,43,47,TRUE,NA,Yes,No,NA,NA,No,Yes,No
3de52119e82fafaa413c61632e4d9dfa,2114,Lassa mammarenavirus,Cooper,CB,A Case Of Lassa Fever: Experience At St Thomas's Hospital,10.1136/bmj.285.6347.1003,British Medical Journal,1982,285,NA,1003,1005,FALSE,NA,No,No,NA,NA,Yes,No,No
cf8d3b6b0848dc23782fe6d3ca607428,2133,Lassa mammarenavirus,Yalley-Ogunro,JE,"Endemic Lassa Fever In Liberia. Vi. Village Serological Surveys For Evidence Of Lassa Virus Activity In Lofa County, Liberia",10.1016/0035-9203(84)90013-0,Transactions Of The Royal Society Of Tropical Medicine And Hygiene,1984,78,6,764,770,FALSE,NA,No,No,NA,NA,Yes,No,No
962083e7dc2c57a8a929a64c2d8a6752,2151,Lassa mammarenavirus,Arnold,Richard,"A Neutralization Test Survey For Lassa Fever Activity In Lassa, Nigeria",NA,Transactions Of The Royal Society Of Tropical Medicine And Hygiene,1977,71,2,152,154,FALSE,Multi-setting seroprevalence surveys at two time points. The risk factor for being infected is based on PRNT serology.,Yes,No,NA,NA,Yes,No,No
ac06741294519d8c4c9e4c76edcfd605,2254,Lassa mammarenavirus,Fabiyi,A.,Use Of The Complement Fixation (Cf) Test In Lassa Fever Surveillance. Evidence For Persistent Cf Antibodies.,NA,Bulletin Of The World Health Organization,1975,52,NA,605,608,FALSE,Mixed-setting serostudy.,No,No,NA,NA,No,No,No
97c95e21d7cbccd877ea64a639fa1457,2293,Lassa mammarenavirus,Emmerich,Petra,Reverse Elisa For Igg And Igm Antibodies To Detect Lassa Virus Infections In Africa.,10.1016/j.jcv.2006.08.015,Journal Of Clinical Virology,2006,37,4,277,281,FALSE,NA,Yes,Yes,NA,NA,No,No,No
058191215dbb0ec7e5e8c5c9f86f6181,2567,Lassa mammarenavirus,Yaro,Clement,"Infection Pattern, Case Fatality Rate And Spread Of Lassa Virus In Nigeria.",10.1186/s12879-021-05837-x,Bmc Infectious Diseases,2021,21,1,NA,NA,FALSE,"Reports on seasonal pattern.
Based on NCDC data.",Yes,No,NA,NA,Yes,No,No
045d93c8a76e88ee9edaccc10845db4f,2578,Lassa mammarenavirus,Musa,Salihu S.,Unravelling The Dynamics Of Lassa Fever Transmission With Differential Infectivity: Modeling Analysis And Control Strategies.,10.3934/mbe.2022613,Mathematical Biosciences And Engineering,2022,19,12,13114,13136,FALSE,Model fitted to Nigerian CDC data but does not report any parameters from that fit.,Yes,No,Yes,Yes,No,No,No
c11447f7b8b2ca38bea13de8e8494d6d,2579,Lassa mammarenavirus,Abdulkarim,Mohammed A.,"Epidemiology Of Lassa Fever And Factors Associated With Deaths, Bauchi State, Nigeria, 2015-2018.",10.3201/eid2604.190678,Emerging Infectious Diseases,2020,26,4,799,801,FALSE,Duration between care seeking and onset of symptoms (bigger than 7 days) significant risk factor for death as outcome. Similarly duration between care seeking and any bleeding episode (more than 24h) significant risk factor for death as outcome.,Yes,Yes,NA,NA,Yes,No,No
3e23fca0ea0c6a79430d87644ca0cb5d,2585,Lassa mammarenavirus,Dalhat,Mahmood M.,"Epidemiological Trends Of Lassa Fever In Nigeria, 2018-2021.",10.1371/journal.pone.0279467,Plos One,2022,17,12,NA,NA,FALSE,NA,Yes,No,NA,NA,Yes,Yes,No
8321fdc6e9cc33f09d4f4c0e58c71c08,2589,Lassa mammarenavirus,Ilori,Elsie,"Epidemiologic And Clinical Features Of Lassa Fever Outbreak In Nigeria, January 1-May 6, 2018.",10.3201/eid2506.181035,Emerging Infectious Diseases,2019,25,6,1066,1074,FALSE,"Covers some of the same data / time periods as #1183.
On May 10; 2018 NCDC declared end of Lassa fever outbreak (as cases declined below level of normally expected cases).
Ribavirin effective treatment.",Yes,Yes,NA,NA,Yes,Yes,Yes
cca326850cece52b6cb448ff5e6d2df2,2590,Lassa mammarenavirus,Ehichioya,Deborah U.,Phylogeography Of Lassa Virus In Nigeria.,10.1128/JVI.00929-19,Journal Of Virology,2019,93,21,NA,NA,FALSE,"Substitution rates for both S and L segment of Nigerian lineages II and III.
Also reports mean branch dispersal velocity and Mean diffusion coefficient (Table 1)",Yes,Yes,Yes,Yes,Yes,Yes,No
43894c4c1afe197d6fdb6b9a031ea65d,2610,Lassa mammarenavirus,Ugwu,Chinedu,Humoral And Cellular Immune Responses To Lassa Fever Virus In Lassa Fever Survivors And Their Exposed Contacts In Southern Nigeria.,10.1038/s41598-022-26045-w,Scientific Reports,2022,12,1,NA,NA,FALSE,NA,Yes,Yes,NA,NA,Yes,Yes,No
8dcd9631796bbe52a7ae56ac6da2807a,2611,Lassa mammarenavirus,Njuguna,Charles,A Challenging Response To A Lassa Fever Outbreak In A Non Endemic Area Of Sierra Leone In 2019 With Export Of Cases To The Netherlands,10.1016/j.ijid.2022.02.020,International Journal Of Infectious Diseases,2022,117,NA,295,301,FALSE,NA,Yes,Yes,NA,NA,Yes,No,No
c6cead4f4e9802343ccbb00449f22471,2617,Lassa mammarenavirus,Akhmetzhanov,Andrei R.,Quantifying The Seasonal Drivers Of Transmission For Lassa Fever In Nigeria,10.1098/rstb.2018.0268,Philosophical Transactions B,2019,374,NA,NA,NA,FALSE,A model of infection dynamics in the rodent population was described and combined with the branching process model for human infections,Yes,Yes,Yes,Yes,Yes,No,No
44abdb242ac5d81f1f402e4b6be2fc31,2620,Lassa mammarenavirus,Basinski,Andrew J.,Bridging The Gap: Using Reservoir Ecology And Human Serosurveys To Estimate Lassa Virus Spillover In West Africa,10.1371/journal.pcbi.1008811,Plos Computational Biology,2021,17,3,NA,NA,FALSE,Epidemiological model is informed by boosted tree model predictions of Lassa virus and M. natalensis distribution from environmental data. Model was used to estimate spillover rates,Yes,Yes,Yes,Yes,Yes,Yes,Yes
81e0d91fa1fda5d6b4fc8478d686227b,2627,Lassa mammarenavirus,Zhao,Shi,Large-Scale Lassa Fever Outbreaks In Nigeria: Quantifying The Association Between Disease Reproduction Number And Local Rainfall,10.1017/S0950268819002267,Epidemiology And Infection,2020,148,NA,1,12,FALSE,"4 types of growth rate models were used. Estimates of R are also disaggregated by growth rate model used. Risk factor for R is rainfall. Transmission for R estimation is ""human to rodent to human"".",No,No,No,No,Yes,Yes,No
532468d64e49c8b696cc09f1530f068e,2636,Lassa mammarenavirus,Shaffer,Jeffrey G.,"A Medical Records And Data Capture And Management System For Lassa Fever In Sierra Leone: Approach, Implementation, And Challenges",10.1371/journal.pone.0214284,Plos One,2019,14,3,NA,NA,FALSE,CFR estimate was restricted to those with a final outcome. They also report a CFR assuming those with an unknown outcome died. Disagg by before/after 2014 Ebola outbreak,Yes,Yes,Yes,No,Yes,Yes,No
fe31c2bab7161c6baa662418319ead9d,2648,Lassa mammarenavirus,Nimo-Paintsil,Shirley C.,Rodent-Borne Infections In Rural Ghanaian Farming Communities,10.1371/journal.pone.0215224,Plos One,2019,14,4,NA,NA,FALSE,Seropositivity disaggregated by age; sex; village; type of ecological zone; rodent observation; and a variety of housing variables.,Yes,Yes,NA,NA,Yes,No,No
e2d105ecdca74084b6c652802b2c4516,2651,Lassa mammarenavirus,Yadouleton,Anges,Lassa Fever In Benin: Description Of The 2014 And 2016 Epidemics And Genetic Characterization Of A New Lassa Virus,10.1080/22221751.2020.1796528,Emerging Microbes And Infections,2020,9,1,1761,1770,FALSE,In outbreak form; reporting numbers found in this investigation (not what is listed in introduction) and I put suspected cases as equal to probable+suspected cases,Yes,Yes,Yes,No,No,No,No
cd9b32efb7bbbda5e5eab1ef5633d65e,2655,Lassa mammarenavirus,Wiley,MR,Lassa Virus Circulating In Liberia: A Retrospective Genomic Characterisation,10.1016/S1473-3099(19)30486-4,Lancet Infectious Diseases,2019,19,12,1371,1378,FALSE,No context of the dataset used to calculate substitution rates; only information is about what they themselves sequenced.,No,No,Yes,Yes,No,No,No
75db31dff518f73287bdd16002c2b20a,2656,Lassa mammarenavirus,Dan-Nwafor,CC,A Cluster Of Nosocomial Lassa Fever Cases In A Tertiary Health Facility In Nigeria: Description And Lessons Learned 2018,10.1016/j.ijid.2019.03.030,International Journal Of Infectious Diseases,2019,83,NA,88,94,FALSE,Describes the initial cluster of cases that led to the 2017/2018 Lassa outbreak. Because this is just a cluster within a larger outbreak; I have not completed an outbreak form.,Yes,Yes,NA,NA,Yes,Yes,Yes
fea58fe658cf60d81e608b049bed7189,2661,Lassa mammarenavirus,Redding,DW,Geographical Drivers And Climate-Linked Dynamics Of Lassa Fever In Nigeria,10.1038/s41467-021-25910-y,Nature Communications,2021,12,1,NA,NA,FALSE,Assessed risk factors of occurance and incidence of Lassa fever (that's why there are two 'other' risk factor parameter entries: one for occurance; one for incidence).,Yes,Yes,Yes,Yes,Yes,Yes,Yes
7bdcd06d2e491ddfda97a3c826c2e554,2662,Lassa mammarenavirus,Duvignaud,A,Lassa Fever Outcomes And Prognostic Factors In Nigeria (Lascope): A Prospective Cohort Study,10.1016/S2214-109X(20)30518-0,Lancet Global Health,2021,9,4,NA,NA,FALSE,NA,Yes,Yes,Yes,Yes,Yes,Yes,Yes
21548ccbe5faf964d154435aaf356f1a,2676,Lassa mammarenavirus,Shaibu,Joseph Ojonugwa,Immunological Screening Of Lassa Virus Among Health Workers And Contacts Of Patients Of Lassa Fever In Ondo State,10.1016/j.imbio.2021.152076,Immunobiology,2021,226,3,NA,NA,FALSE,NOTE!!: They present serology in categories of positive for IgG only and positive for both IgG and IgM. So IgG seropositivity should really be the sum of both of those categories and IgM seropositivity is just the latter category.,Yes,Yes,NA,NA,No,No,No
e28ce3a50b0b0cf4cf89ddb9ade0dbb3,2679,Lassa mammarenavirus,Akpogheneta,Onome,Boosting Understanding Of Lassa Fever Virus Epidemiology: Field Testing A Novel Assay To Identify Past Lassa Fever Virus Infection In Blood And Oral Fluids Of Survivors And Unexposed Controls In Sierra Leone.,10.1371/journal.pntd.0009255,Plos Neglected Tropical Diseases,2021,15,3,NA,NA,FALSE,Assay for novel serology platform. Most data is from survived cases. Seropostivity for controls (recruited in non-endemic Freetown) was only available in Figure 2.,No,No,NA,NA,Yes,No,No
07694750cc400f44b0436ff8e375038a,2684,Lassa mammarenavirus,Jetoh,Ralph W.,"Epidemiological Characteristics Of Lassa Fever Cases In Liberia: A Retrospective Analysis Of Surveillance Data, 2019-2020.",10.1016/j.ijid.2022.07.006,International Journal Of Infectious Diseases,2022,122,NA,767,774,FALSE,NA,Yes,Yes,NA,NA,Yes,Yes,No
fa80c03c7655ca696b13c7da0205ddc1,2707,Lassa mammarenavirus,Musa,Salihu S.,Mechanistic Modelling Of The Large-Scale Lassa Fever Epidemics In Nigeria From 2016 To 2019.,10.1016/j.jtbi.2020.110209,Journal Of Theoretical Biology,2020,493,NA,NA,NA,FALSE,"Growth rate estimates also include a deceleration of growth rate parameter p which we do not capture
[2016/17 p=0.74 (0.54;1); 2017/18 p=0.9 (0.77;1); 2018/19 p=1 (0.85;1)]",No,No,Yes,Yes,Yes,No,No
35894e78644b1162bc677f5b19a9c2a3,2714,Lassa mammarenavirus,Okogbenin,Sylvanus,"Retrospective Cohort Study Of Lassa Fever In Pregnancy, Southern Nigeria",10.3201/eid2508.181299,Emerging Infectious Diseases,2019,25,8,1494,1500,FALSE,Symptoms to admission disaggregated by survival outcome,Yes,No,NA,NA,Yes,Yes,No
a1343eeb54acbd2cbcdc42a4b1415df2,2739,Lassa mammarenavirus,Kayem,Nzelle D.,Seroepidemiology Of Lassa Virus In Pregnant Women In Southern Nigeria: A Prospective Hospital-Based Cohort Study,10.1371/journal.pntd.0011354,Plos Neglected Tropical Diseases,2023,17,5,NA,NA,FALSE,NA,Yes,Yes,NA,NA,Yes,Yes,No
3bae49c8b337eb4110a380e79470c484,2759,Lassa mammarenavirus,Longet,Stephanie,"Influence Of Landscape Patterns On Exposure To Lassa Fever Virus, Guinea.",10.3201/eid2902.212525,Emerging Infectious Diseases,2023,29,2,304,313,FALSE,Environmental factors and impact of landscape.,Yes,Yes,Yes,Yes,Yes,Yes,Yes
664625d3b41c6769054152af5f535eac,2760,Lassa mammarenavirus,Chika-Igwenyi,Nneka M.,"Early Onset Of Neurological Features Differentiates Two Outbreaks Of Lassa Fever In Ebonyi State, Nigeria During 2017-2018.",10.1371/journal.pntd.0009169,Plos Neglected Tropical Diseases,2021,15,3,NA,NA,FALSE,NA,Yes,Yes,NA,NA,Yes,Yes,No
d18376f8fbdaee1397fe7ced51d31ea1,2772,Lassa mammarenavirus,Grant,Donald S.,"Seroprevalence Of Anti-Lassa Virus Igg Antibodies In Three Districts Of Sierra Leone: A Cross-Sectional, Population-Based Study.",10.1371/journal.pntd.0010938,Plos Neglected Tropical Diseases,2023,17,2,NA,NA,FALSE,Large scale seroprevalence study with n=10;642,Yes,Yes,NA,NA,Yes,Yes,Yes
85a9dc7b79af06a6c74ef928714c8e3b,2801,Lassa mammarenavirus,Davies,Josephine,Routine And Pulse Vaccination For Lassa Virus Could Reduce High Levels Of Endemic Disease: A Mathematical Modelling Study,10.1016/j.vaccine.2019.05.010,Vaccine,2019,37,26,3451,3456,FALSE,Model also included human-to-rodent transmission and had SEI compartments for rodents.,Yes,Yes,Yes,Yes,NA,NA,NA
1eceb275acb47156e71a4a3756170a85,2818,Lassa mammarenavirus,Strampe,Jamie,Factors Associated With Progression To Death In Patients With Lassa Fever In Nigeria: An Observational Study,10.1016/S1473-3099(20)30737-4,Lancet Infectious Diseases,2021,21,6,876,886,FALSE,Risk factors for death were levels of 18 host proteins (best predictors were plasminogen activator-inhibitor (PAI-1) and soluble thrombomodulin (sTM)) and admission Ct values. CFRs disaggregated by study group,Yes,Yes,NA,NA,Yes,Yes,Yes
ccda4092e544004da9459be04bf86efd,2826,Lassa mammarenavirus,Kayem,Nzelle Delphine,Transplacental Transfer Of Lassa Igg Antibodies In Pregnant Women In Southern Nigeria: A Prospective Hospital-Based Cohort Study,10.1371/journal.pntd.0011209,Plos Neglected Tropical Diseases,2023,17,4,NA,NA,FALSE,Main aim of study was to assess the efficiency of transfer of IgG antibodies from pregnant mother to child.,Yes,Yes,NA,NA,Yes,Yes,No
61b4127c65419fb48e0e81c450164f2b,3147,Lassa mammarenavirus,Adetunji,Adewale E,Acute Kidney Injury And Mortality In Pediatric Lassa Fever Versus Question Of Access To Dialysis,10.1016/j.ijid.2020.11.006,International Journal Of Infectious Diseases,2021,103,NA,124,131,FALSE,Risk factor for death (CFR) is acute kidney injury and other clinical indices of illness severity.,Yes,Yes,NA,NA,Yes,Yes,No
bc6c495396faeb6c5a51918f9c5c3611,3153,Lassa mammarenavirus,Chandra,Nastassya L.,"Factors Associated With Delayed Presentation To Healthcare Facilities For Lassa Fever Cases, Nigeria 2019: A Retrospective Cohort Study",10.1186/s12879-021-05822-4,Bmc Infectious Diseases,2021,21,NA,NA,NA,FALSE,"""Other"" disaggregation is by malaria prevalence and education status. Risk factor is for length of presentation time (time from symptoms to admission)",Yes,Yes,Yes,Yes,Yes,Yes,Yes
a554804f0a1473afc8a019fb476a8cc7,3215,Lassa mammarenavirus,Nwafor,Ifeanyi E,"Prevalence And Outcome Of Lassa Fever Among Hospitalized Patients In Ebonyi State, Nigeria, 2018-2019",10.1016/j.virusres.2020.198000,Virus Research,2020,285,NA,NA,NA,FALSE,Group is suspected LF patients in Ebonyi who came to access healthcare.,No,No,NA,NA,Yes,No,No
ad8ffa9639307cf82fb48df77b54cbd6,3258,Lassa mammarenavirus,Ochu,Chinwe Lucia,Predictors Of Lassa Fever Diagnosis In Suspected Cases Reporting To Health Facilities In Nigeria.,10.1038/s41598-023-33187-y,Scientific Reports,2023,13,1,NA,NA,FALSE,"Not adjusted disagg: Chi-square and simple LR
Adjusted LR also disaggregated by gender but only extracted the overall model.
Details of other RF and other occupation don't fit in noted box and stored separately (Sorry!).
Q3;4 not relevant?",Yes,Yes,NA,NA,Yes,Yes,No
0ca3ba0c5d6b0e45f977bc47656c73f3,3395,Lassa mammarenavirus,Blackburn,N K,Viral Haemorrhagic Fever Antibodies In Zimbabwe Schoolchildren.,10.1016/0035-9203(82)90113-4,Transactions Of The Royal Society Of Tropical Medicine And Hygiene,1982,76,6,803,805,FALSE,"IFA for 5 diseases; one of which is Lassa. No Lassa cases were found - only 1 suspicious case which I've exlcuded. Authors acknowldege ""It would probably have been more relevant to have used the Lassa related arenavirus isolated in Zimbabwe"".",Yes,No,NA,NA,Yes,Yes,No
701e666ecf9e42a9d9e8d84ca4043528,3530,Lassa mammarenavirus,Shaffer,Jeffrey G,"Space-Time Trends In Lassa Fever In Sierra Leone By Elisa Serostatus, 2012-2019.",10.3390/microorganisms9030586,Microorganisms,2021,9,3,NA,NA,FALSE,"Note: Weird disaggregations.
IgG & IgM Other: pre; during; and post 2014-2016 Ebola epidemic.
IgG Other:  combination of AG and IgM serostatus
CFR Other: Acute or not-acute infection
RF: Infection based on Ag & IgM; Serology based onIgG",Yes,Yes,Yes,Yes,Yes,Yes,No
d6d260dcde2869a0d450d05c1ab5fc04,3634,Lassa mammarenavirus,Grace,John-Ugwuanya A,Epidemiological Trends Of Lassa Fever In Nigeria From 2015-2021: A Review.,10.1177/20499361211058252,Therapeutic Advances In Infectious Disease,2021,8,NA,NA,NA,FALSE,NA,Yes,Yes,No,No,No,No,No
0917806f0819d3a2318412fdbbe70d4a,3635,Lassa mammarenavirus,Nwafor,Chioma Dan,The One Health Approach To Incident Management Of The 2019 Lassa Fever Outbreak Response In Nigeria.,10.1016/j.onehlt.2021.100346,One Health,2021,13,NA,NA,NA,FALSE,"Outbreak locations are reported as ""hotspots"" - outbreak is not limited to these areas",Yes,Yes,No,No,Yes,No,No
0ae1fd290efce5a2f21b2f9a11190efb,3659,Lassa mammarenavirus,Madueme,Praise-God Uchechukwu,Understanding The Transmission Pathways Of Lassa Fever: A Mathematical Modeling Approach.,10.1016/j.idm.2022.11.010,Infectious Disease Modelling,2023,8,1,27,57,FALSE,Theoretical model - no intervention; but many transmission paths: (i) human to human; (ii) rodent to human; (iii) rodent to rodent; (iv) environment to human transmission (v) aerosol to human; (vi) environment to rodent.,Yes,Yes,No,No,NA,NA,NA
2213cf7eb17eb3b170415ad482f2abce,3670,Lassa mammarenavirus,Clements,Tamara L,Chikungunya And O'nyong-Nyong Viruses In Uganda: Implications For Diagnostics.,10.1093/ofid/ofz001,Open Forum Infectious Diseases,2019,6,3,NA,NA,FALSE,"Group: Healthy blood donors.
Note: Paper tested for many diseases. The paper established the distribution of undetected diseases in a healthy Ugandan population. The main focus was on chikungunya virus and alphavirus o’nyong-nyong virus.",Yes,No,NA,NA,Yes,No,No
ea7661b735feda578c88f4a4f1113917,3716,Lassa mammarenavirus,Akpede,George,"Caseload And Case Fatality Of Lassa Fever In Nigeria, 2001-2018: A Specialist Center's Experience And Its Implications.",10.3389/fpubh.2019.00170,Frontiers In Public Health,2019,7,NA,NA,NA,FALSE,LHF cases;admissions;deaths by year available for the Nigerian ILFRC hospital. Reference made to outbreaks in 05-07;12-14;16-18 but not extracted due to no maths rule. Seasonality also examined; but forcing not calculated. RF studies referenced.,Yes,No,NA,NA,Yes,Yes,No
2e034a4278b07050063a07ac2a9ded1e,3735,Lassa mammarenavirus,Barua,Saumen,A Seasonal Model To Assess Intervention Strategies For Preventing Periodic Recurrence Of Lassa Fever.,10.1016/j.heliyon.2021.e07760,Heliyon,2021,7,8,NA,NA,FALSE,The 19-20 outbreak is mentioned (and fitted to) but no case data is provided. Fitted seasonal parameters are provided; but the seasonal function is strange …,Yes,No,Yes,No,NA,NA,NA
b513bd37635ebb4c9b17e394ac1fab82,3841,Lassa mammarenavirus,Gomerep,Simji,"Epidemiological Review Of Confirmed Lassa Fever Cases During 2016-2018, In Plateau State, North Central Nigeria.",10.1371/journal.pgph.0000290,Plos Global Public Health,2022,2,6,NA,NA,FALSE,NA,Yes,No,NA,NA,Yes,No,No
a07d714192f45231e3edbb2921a3143c,3991,Lassa mammarenavirus,Olayinka,Adebola,Analysis Of Sociodemographic And Clinical Factors Associated With Lassa Fever Disease And Mortality In Nigeria.,10.1371/journal.pgph.0000191,Plos Global Public Health,2022,2,8,NA,NA,FALSE,NA,Yes,Yes,NA,NA,Yes,Yes,No
6528f81cb57c30a77a5cb6ff2bc43bf6,4113,Lassa mammarenavirus,Abdulhamid,Abdurrahman,Mathematical Analysis Of Lassa Fever Epidemic With Effects Of Environmental Transmission,10.1016/j.rinp.2022.105335,Results In Physics,2022,35,NA,NA,NA,FALSE,NA,No,No,No,No,NA,NA,NA
a08d8153893a560ceb1ce01247c99753,4118,Lassa mammarenavirus,Ibrahim,Mahmoud,A Mathematical Model For Lassa Fever Transmission Dynamics In A Seasonal Environment With A View To The 2017-20 Epidemic In Nigeria,10.1016/j.nonrwa.2021.103310,Nonlinear Analysis: Realworld Applications,2021,60,NA,NA,NA,FALSE,A number of parameters are fitted in this modelling study; but it is difficult to relate most of these to the list of parameters we want to extract; e.g. death rate vs. CFR.,Yes,No,No,No,NA,NA,NA
02be8911c66d714267ee65f7b290757c,4120,Lassa mammarenavirus,Abidemi,Afeez,Modelling The Transmission Dynamics Of Lassa Fever With Nonlinear Incidence Rate And Vertical Transmission,10.1016/j.physa.2022.127259,Physica A,2022,597,NA,NA,NA,FALSE,NA,Yes,No,No,No,NA,NA,NA
dae6adfd3c4fe5b5d451950351f9f371,4131,Lassa mammarenavirus,Onifade,Akindele A.,Bifurcation Of Subharmonic In Lassa Fever Epidemic Model,NA,Italian Journal Of Pure And Applied Mathematics,2021,45,NA,130,144,FALSE,NA,No,No,No,No,NA,NA,NA
d02942d326298254e61d7bc078f80030,4133,Lassa mammarenavirus,Faniran,T.S.,Investigating Essential Factors In The Spread Of Lassa Fever Dynamics Through Sensitivity Analysis,10.22075/ijnaa.2021.22707.2405,International Journal Of Nonlinear Analysis And Applications,2022,13,1,485,497,FALSE,considers two classes of rats: house rat and bush rat,No,No,No,No,NA,NA,NA
18872fcaf0d8e9f99ad45036e2978b4d,4136,Lassa mammarenavirus,Ogunmiloro,Oluwatayo M.,Modeling The Dynamics Of The Consequences Of Demographic Disparities In The Transmission Of Lassa Fever Disease In Nigeria,10.1007/s40808-022-01522-3,Modeling Earth Systems And Environment,2023,9,1,865,880,FALSE,Paper notes a R0 of 140.009 which looks like an incidence rate given description. As such we only capture as a note rather than parameter.,No,No,No,No,No,No,No
c3f09a0b8b9fa5fbc00d96da71cf00ed,4144,Lassa mammarenavirus,Collins,Obiora C.,Using Data Of A Lassa Fever Epidemic In Nigeria: A Mathematical Model Is Shown To Capture The Dynamics And Point To Possible Control Methods,10.3390/math11051181,Mathematics,2023,11,5,NA,NA,FALSE,NA,Yes,Yes,Yes,Yes,Yes,No,No
41d50d4cb8f2cc0c1121893d2df761ac,4162,Lassa mammarenavirus,Bakare,E. A.,Mathematical Modelling And Analysis Of Transmission Dynamics Of Lassa Fever,10.1155/2020/6131708,Journal Of Applied Mathematics,2020,2020,NA,NA,NA,FALSE,NA,No,No,No,Yes,NA,NA,NA
37b2d23dec0bb5b019039aa5e72f0136,4193,Lassa mammarenavirus,Alsallami,Shami A. M.,Computational Approximations For Real-World Application Of Epidemic Model,10.32604/iasc.2022.024993,Intelligent Automation & Soft Computing,2022,33,3,1923,1939,FALSE,NA,No,No,No,No,NA,NA,NA
021d6376065da237ad5bf0f0aaf3bdfa,4207,Lassa mammarenavirus,Ndenda,J.P.,"Influence Of Environmental Viral Load, Interpersonal Contact And Infected Rodents On Lassa Fever Transmission Dynamics: Perspectives From Fractional-Order Dynamic Modelling",10.3934/math.2022500,Aims Mathematics,2022,7,5,8975,9002,FALSE,NA,No,No,No,No,Yes,No,No
5148def0826b3b4b9fed04c32c29cbb3,4213,Lassa mammarenavirus,Hamam,H,Stochastic Modelling Of Lassa Fever Epidemic Disease,10.3390/math10162919,Mathematics,2022,10,16,NA,NA,FALSE,"Creates stochastic transitions for an existing deterministic model 

Two behaviour changes: 
- Awareness
- Rate of treatment-taking compliance",Yes,No,No,No,NA,NA,NA
61487d0bcc3ba65bf452b48c0bf53a2a,4237,Lassa mammarenavirus,Abdullahi,A,Modelling Of Transmission And Control Of Lassa Fever Via Caputo Fractional-Order Derivative,10.1016/j.chaos.2021.111271,Chaos Solitons & Fractals,2021,151,NA,NA,NA,FALSE,SIR (Human);  J(Juvenile)SI (Rodents),No,Yes,No,No,NA,NA,NA
1a6464fca0c64fc78c51af8b0315aa8a,4243,Lassa mammarenavirus,Shoaib,M,A Design Of Predictive Computational Network For Transmission Model Of Lassa Fever In Nigeria,10.1016/j.rinp.2022.105713,Results In Physics,2022,39,NA,NA,NA,FALSE,"Existing model; but new optimisation strategy. 
SIR (Human); SI(Rodent)",Yes,No,No,No,NA,NA,NA
51c565ac6dd97623d08c6fa4c71171d2,4251,Lassa mammarenavirus,Onah,I S,Dynamical System Analysis Of A Lassa Fever Model With Varying Socioeconomic Classes,10.1155/2020/2601706,Journal Of Applied Mathematics,2020,2020,NA,NA,NA,FALSE,"SIR (Human); SI (Rodents)
Multipatch model; where each patch represents a different socioeconomic class. Both a 2-class (patch) and general n-class (patch) are given. I've captured this in the assumptions rather than as an intervention.",Yes,No,Yes,No,NA,NA,NA
c772c487685dfd7937fbdd62ceb345e2,4314,Lassa mammarenavirus,Joseph,A,"Clinical Profile Of Lassa Fever Patients In Abakaliki, South-Eastern Nigeria, January - March 2018",NA,Annals Of Medical And Health Sciences Research,2019,9,3,598,602,FALSE,"CFR Disagg:
Ocuptation: Healthcare workers
Other: Patients on Rivaberin.
Abtract doesn't match up well with the paper ito of analysis - or it's worded badly at the very least.",No,No,No,No,Yes,No,No
bd7b34286855ff335accb6bdbd83f694,4316,Lassa mammarenavirus,Loyinmi,AC,Qualitative Analysis And Dynamical Behavior Of A Lassa Haemorrhagic Fever Model With Exposed Rodents And Saturated Incidence Rate,10.1016/j.sciaf.2021.e01028,Scientific African,2021,14,NA,NA,NA,FALSE,"Model has two types of rodent vectors (Mastomys Natalensis primary vector and rattus-rattus  (domestic rodent) secondary vector.
SEIR (Humans); SEI (Rodents)",Yes,No,No,No,NA,NA,NA
4fdb76d057b0c7104ec8a508ec895fdb,4340,Lassa mammarenavirus,Chu,YM,New Numerical Simulation For The Fractal-Fractional Model Of Deathly Lassa Hemorrhagic Fever Disease In Pregnant Women With Optimal Analysis,10.1142/S0218348X23400546,Fractals-Complex Geometry Patterns And Scaling In Nature And Society,2023,31,4,NA,NA,FALSE,Focussed on pregnant women.,No,No,No,No,NA,NA,NA
8f5f179c9f034db2a52a515ce1ab8f8d,4343,Lassa mammarenavirus,Onah,I.S.,Dynamical System Analysis And Optimal Control Measures Of Lassa Fever Disease Model,10.1155/2020/7923125,International Journal Of Mathematics And Mathematical Sciences,2020,2020,NA,NA,NA,FALSE,NA,Yes,Yes,No,No,NA,NA,NA
7070ae5de467980fbf1bd71bfeb605d5,4371,Lassa mammarenavirus,Abidemi,Afeez,Assessing The Dynamics Of Lassa Fever With Impact Of Environmental Sanitation: Optimal Control And Cost-Effectiveness Analysis,10.1007/s40808-022-01624-y,Modeling Earth Systems And Environment,2023,9,2,2259,2284,FALSE,Cost effectiveness analysis (poor quality),No,No,No,No,NA,NA,NA
79287e0634e04e9028c285b824f8c66e,4487,Lassa mammarenavirus,Alkahtani,Badr Saad T.,Mathematical Model Of Lassa Fever Spread: Model With New Trends Of Differential Operators,10.1016/j.rinp.2020.103523,Results In Physics,2020,19,NA,NA,NA,FALSE,NA,No,No,No,No,NA,NA,NA
645ec0ddecf28b869669b3c10c04aec2,4517,Lassa mammarenavirus,Goyal,Manish,An Efficient Technique For A Time Fractional Model Of Lassa Hemorrhagic Fever Spreading In Pregnant Women,10.1140/epjp/i2019-12854-0,European Physical Journal Plus,2019,134,10,NA,NA,FALSE,NA,No,No,No,No,NA,NA,NA
752ac23027767c5ec29cb0fef9e384cc,4595,Lassa mammarenavirus,Smith,E A,Epidemiological Aspect Of The 1976 Pankshin Lassa Fever Outbreak,NA,Nigerian Medical Journal,1979,9,1,20,22,FALSE,"Trade/Business: Wimpey Construction Company camp
Serotest: CF Test
Disagg: Has only numerator and denominator; so no range for param.",Yes,Yes,NA,NA,Yes,No,No
91256ccb48fcfa2d6094397cdb668ca2,4597,Lassa mammarenavirus,Higazy,M.,"Numerical, Approximate Solutions, And Optimal Control On The Deathly Lassa Hemorrhagic Fever Disease In Pregnant Women",10.1155/2021/2444920,Journal Of Function Spaces,2021,2021,NA,NA,NA,FALSE,NA,No,No,No,No,NA,NA,NA
42ccf54e7cd02f19636ec52c7d13b4f5,4684,Lassa mammarenavirus,McCormick,Joseph B,A Prospective Study Of The Epidemiology And Ecology Of Lassa Fever,10.1093/infdis/155.3.437,Journal Of Infectious Diseases,1987,155,3,437,444,FALSE,Also contains serocoversation rates and results from a rodent-trapping study. There is also a very loosely suggested IFR which I didn't extract. One sentence with no numerator and denominator and also no methodology.,Yes,Yes,NA,NA,No,Yes,Yes
cd4e9908d4a31a198a5ddce7ed91d01d,4727,Lassa mammarenavirus,Samuels,Robert J,"Lassa Fever Among Children In Eastern Province, Sierra Leone: A 7-Year Retrospective Analysis (2012-2018)",10.4269/ajtmh.20-0773,American Journal Of Tropical Medicine And Hygiene,2021,104,2,585,592,FALSE,"""Other"" risk factors are symptoms and a variety of laboratory results (some were sig and some non-sig). Receipt of ribavirin was also ""other"" and non-sig.",Yes,No,Yes,Yes,Yes,Yes,No
b895ff1b44ba2b783c78ba3185fb2c28,4745,Lassa mammarenavirus,Mertens,P. E.,"Clinical Presentation Of Lassa Fever Cases During Hospital Epidemic At Zorzor, Liberia, March-April 1972",10.4269/ajtmh.1973.22.780,American Journal Of Tropical Medicine And Hygiene,1973,22,6,780,784,FALSE,confirmation via Lassa CF antibodies,Yes,No,NA,NA,Yes,Yes,No
b58357c15f21cf90f7766b06bf737afc,4827,Lassa mammarenavirus,Gao,Wei,New Approach For The Model Describing The Deathly Disease In Pregnant Women Using Mittag-Leffler Function,10.1016/j.chaos.2020.109696,Chaos Solitons & Fractals,2020,134,NA,NA,NA,FALSE,NA,No,No,No,No,NA,NA,NA