id,covidence_id,pathogen,first_author_first_name,first_author_surname,article_title,doi,journal,year_publication,volume,issue,page_first,page_last,paper_copy_only,notes,qa_m1,qa_m2,qa_a3,qa_a4,qa_d5,qa_d6,qa_d7,qa_notes,double_extracted,article_label
fda67b15a9f2f7d888322e4eb15b7409,186,Nipah virus,BH,Harcourt,"Genetic characterization of Nipah virus, Bangladesh, 2004",10.3201/eid1110.050513,Emerging Infectious Diseases,2005,11,10,1594,1597,FALSE,"Genetic characterization of four isolates, but reports (limited) information about Bangladesh outbreaks which are cited from non-peer-reviewed publications",NA,NA,NA,NA,No,NA,NA,"Outbreak information briefly mentioned in introduction. I extracted it because the citations were for Ministry of Health reports, which would not be captured by review inclusion criteria",0,Harcourt 2005
88204ed40eb9c7517961864a2b5407bd,265,Nipah virus,KB,Chua,High Mortality in Nipah Encephalitis Is Associated with Presence of Virus in Cerebrospinal Fluid,10.1002/1531-8249(200011)48:5<802::Aid-ana17>3.0.Co;2-m,Annals Of Neurology,2000,48,5,802,805,NA,Unfortunately I think the DOI is correct and not typo as I thought when I first saw it,No,No,Yes,Yes,No,No,No,NA,0,Chua 2000
e0cc30727923fabb0dfeb107627163b6,828,Nipah virus,Vidya,Arankalle,"Genomic  Characterization  of Nipah Virus,  West Bengal, India",10.3201/eid1705.100968,Emerging Infectious Diseases,2011,17,5,907,909,FALSE,NA,Yes,No,No,Yes,Yes,No,No,"No issues discussed. Assumptions could be no- or N/A - CFR didnt report equation etc, but final status for all cases is already known.",0,Arankalle 2011
eab49b8b46abfcaecbb6c134a82611a8,883,Nipah virus,Michael,Lo,"Characterization of Nipah Virus  from Outbreaks in Bangladesh,  2008-2010",10.3201/eid1802.111492,Emerging Infectious Diseases,2012,18,2,248,255,FALSE,NA,Yes,Yes,NA,NA,No,No,No,"NA's for serology, Data used not described for Q4, weakness/bias etc not discussed for Q6 and Q7",0,Lo 2012
476771a9526c0b776b00af4e9ccc1fe3,906,Nipah virus,ES,Gurley,Person-to-person transmission of Nipah virus in a Bangladeshi community,10.3201/eid1307.061128,Emerging Infectious Diseases,2007,13,7,1031,1037,FALSE,"This is a really good paper with lots of information including (for PRESTO) some transmission chains with mentions of tertiary infection, and some details on contacts)",Yes,Yes,Yes,Yes,Yes,Yes,Yes,NA,0,Gurley 2007
1ece9a51d5b22562849238eb0387e07a,924,Nipah virus,Olivier,Pernet,Evidence for henipavirus spillover into human populations in Africa,10.1038/ncomms6342,Nature Communications,2014,5,NA,5342,NA,FALSE,NA,Yes,Yes,NA,NA,Yes,Yes,Yes,NA,0,Pernet 2014
4b4a5d14b24da5dd1a883fe298e06b00,925,Nipah virus,Weerapong,Thanapongtharm,A spatial assessment of Nipah virus transmission in Thailand pig farms using multi-criteria decision analysis.,10.1186/s12917-019-1815-y,Bmc Veterinary Research,2019,15,1,NA,NA,NA,NA,Yes,Yes,Yes,Yes,Yes,Yes,No,NA,0,Thanapongtharm 2019
f055e759047d19cd096f3b763fbf9dad,947,Nipah virus,Hossain M. S.,Sazzad,"Nipah virus infection outbreak with nosocomial and corpse-to-human transmission, Bangladesh.",10.3201/eid1902.120971,Emerging Infectious Diseases,2013,19,2,210,217,NA,reports on risk of burial rituals and nosocomial transmissions,Yes,Yes,NA,NA,Yes,Yes,No,NA,0,Sazzad 2013
0ad7b14c5ac3e0c7155d37adbd869c10,950,Nipah virus,Michael G.,Walsh,Mapping the risk of Nipah virus spillover into human populations in South and Southeast Asia.,10.1093/trstmh/trv055,Transactions Of The Royal Society Of Tropical Medicine And Hygiene,2015,109,9,563,571,NA,NA,Yes,Yes,Yes,Yes,Yes,Yes,No,NA,0,Walsh 2015
d3d7f400e8ee934b230d3c5e564db422,956,Nipah virus,A.,Chakraborty,Evolving epidemiology of Nipah virus infection in Bangladesh: evidence from outbreaks during 2010-2011.,10.1017/S0950268815001314,Epidemiology And Infection,2016,144,2,371,380,NA,NA,Yes,Yes,Yes,Yes,Yes,Yes,No,NA,0,Chakraborty 2016
3cee98d08dfd0d66594e986a7a0163fe,960,Nipah virus,N,Homaira,"Nipah virus outbreak with person-to-person transmission in a district of Bangladesh, 2007.",10.1017/S0950268810000695,Epidemiology And Infection,2010,138,11,1630,1636,FALSE,NA,Yes,No,Yes,Yes,Yes,No,No,"!! Has bat seroprevalence too, if this is being extracted",0,Homaira 2010
0a9ea790aa5ed3eb9f66248182ef4b6f,976,Nipah virus,N,Homaira,"Cluster of Nipah virus infection, Kushtia District, Bangladesh, 2007.",10.1371/journal.pone.0013570,Plos One,2010,5,10,NA,NA,FALSE,NA,Yes,No,Yes,Yes,Yes,No,No,NA,0,Homaira 2010
6d7a420d741c51c364e6eded7ae87c07,996,Nipah virus,ST,Hegde,Investigating Rare Risk Factors for Nipah Virus in Bangladesh: 2001-2012,10.1007/s10393-016-1166-0,Ecohealth,2016,13,4,720,728,FALSE,NA,Yes,Yes,Yes,Yes,No,Yes,Yes,Just not so clear where the data is from.,0,Hegde 2016
f97eb2b4208810996e8d6168e3beb31a,1007,Nipah virus,MB,Hahn,The role of landscape composition and configuration on Pteropus giganteus roosting ecology and Nipah virus spillover risk in Bangladesh.,10.4269/ajtmh.13-0256,American Journal Of Tropical Medicine And Hygiene,2014,90,2,247,255,FALSE,NA,Yes,Yes,Yes,Yes,No,Yes,No,not clear where epi data is from,0,Hahn 2014
a2f05cd459083ca750c18b775fb02f83,1030,Nipah virus,AM,Naser,Integrated cluster- and case-based surveillance for detecting stage III zoonotic pathogens: an example of Nipah virus surveillance in Bangladesh.,10.1017/S0950268814002635,Epidemiology And Infection,2015,143,9,1922,1930,FALSE,NA,Yes,No,Yes,No,Yes,Yes,No,NA,0,Naser 2015
93abadd8e13530eaaa5e33371e843a78,1107,Nipah virus,JR,Pulliam,"Agricultural intensification, priming for persistence and the emergence of Nipah virus: a lethal bat-borne zoonosis.",10.1098/rsif.2011.0223,"Journal Of The Royal Society, Interface",2012,9,66,89,101,FALSE,NA,NA,NA,NA,NA,No,No,NA,"Report numbers from a previously described outbreak; Also describe models of transmission among pigs, but no human transmission component",0,Pulliam 2012
cbe05362bb1566e3ec75c46bf425f4ef,1110,Nipah virus,MA,Rahman,"Date palm sap linked to Nipah virus outbreak in Bangladesh, 2008.",10.1089/vbz.2011.0656,Vector Borne And Zoonotic Diseases,2012,12,1,65,72,FALSE,NA,Yes,Yes,NA,NA,Yes,Yes,Yes,NA,0,Rahman 2012
89c925d337d60054195c63017a1c5786,1115,Nipah virus,MB,Hahn,Roosting behaviour and habitat selection of Pteropus giganteus reveals potential links to Nipah virus epidemiology.,10.1111/1365-2664.12212,Journal Of Applied Ecology,2014,51,2,376,387,FALSE,Modelling bat roosting suitability and compare villages with a spillover event to those with no spillover,No,No,No,No,No,No,No,NA,0,Hahn 2014
8c66e0b82d01fb24c5e4f3155c07d358,1140,Nipah virus,ES,Gurley,"Convergence of Humans, Bats, Trees, and Culture in Nipah Virus Transmission, Bangladesh",10.3201/eid2309.161922,Emerging Infectious Diseases,2017,23,9,1446,1453,FALSE,NA,Yes,Yes,Yes,Yes,Yes,Yes,No,NA,0,Gurley 2017
70a5f0e729a62aacb76c4f05bdf3393b,1145,Nipah virus,MS,Islam,"Nipah Virus Transmission from Bats to Humans Associated with Drinking Traditional Liquor Made from Date Palm Sap, Bangladesh, 2011-2014",10.3201/eid2204.151747,Emerg. Infect. Dis.,2016,22,4,664,670,FALSE,NA,NA,NA,NA,NA,Yes,Yes,No,NA,0,Islam 2016
988595d77c8763bc7deddb0b21be537e,1148,Nipah virus,MC,Cortes,"Characterization of the Spatial and Temporal Distribution of Nipah Virus Spillover Events in Bangladesh, 2007-2013",10.1093/infdis/jiy015,Journal Of Infectious Diseases,2018,217,9,1390,1394,FALSE,NA,Yes,No,No,No,Yes,No,No,NA,0,Cortes 2018
4d94cf9e68fa06fedadb66835a2e6e9f,1150,Nipah virus,DD,Kulkarni,Nipah virus infection: current scenario,10.1007/s13337-013-0171-y,Indian J. Virol.,2013,24,3,398,408,FALSE,NA,No,Yes,No,No,No,No,No,NA,0,Kulkarni 2013
a84da3cca0aa2d8ed9c93cc246e3351a,1171,Nipah virus,A,Lo Presti,Origin and evolution of Nipah virus,10.1002/jmv.24345,Journal Of Medical Virology,2016,88,NA,380,388,FALSE,NA,No,Yes,Yes,Yes,Yes,No,No,NA,0,Lo Presti 2016
8001edbb44213ed36189908526d67fc2,2709,Nipah virus,Syed,Satter,"Tackling a global epidemic threat: Nipah surveillance in Bangladesh, 2006-2021",10.1371/journal.pntd.0011617,Plos Neglected Tropical Diseases,2023,17,9,NA,NA,FALSE,NA,Yes,Yes,Yes,Yes,Yes,Yes,No,NA,0,Satter 2023
6ec7ae6e6abeb1d0c1811e5670dd8a4d,2752,Nipah virus,Shannon,Whitmer,"Inference of Nipah virus evolution, 1999-2015",10.1093/ve/veaa062,Virus Evolution,2021,7,1,NA,NA,FALSE,NA,Yes,Yes,Yes,Yes,Yes,Yes,No,NA,0,Whitmer 2021
cca573b8cb678d5561fffdb581c7280a,2760,Nipah virus,Kemang,Li,Emergence and adaptive evolution of Nipah virus,10.1111/tbed.13330,Transboundary And Emerging Diseases,2020,67,NA,121,132,FALSE,NA,Yes,Yes,Yes,Yes,Yes,No,No,NA,0,Li 2020
2e5358679e004f88bc55cfc68b1d8408,2768,Nipah virus,Saumen,Barua,Global dynamics of a compartmental model for the spread of Nipah virus,10.1016/j.heliyon.2023.e19682,Heliyon,2023,9,NA,NA,NA,FALSE,NA,Yes,No,Yes,No,NA,NA,NA,NA,0,Barua 2023
1bd30e1a46f30f6e760bf305ddbc705b,2800,Nipah virus,N V,Bradbury,Exact calculation of end-of-outbreak probabilities using contact tracing data,10.1098/rsif.2023.0374,Journal Of The Royal Society Interface,2023,20,209,NA,NA,FALSE,NA,Yes,Yes,Yes,Yes,NA,NA,NA,NA,0,Bradbury 2023
e85a16545974c8a3e273836332c08d35,2803,Nipah virus,M Z,Rahman,Genetic diversity of Nipah virus in Bangladesh,10.1016/j.ijid.2020.10.041,International Journal Of Infectious Diseases,2021,102,NA,144,151,FALSE,NA,No,Yes,Yes,No,No,No,No,NA,0,Rahman 2021
407109776e512ef27d1be9e2fb3684f7,2825,Nipah virus,Kyu,Lee,Changing contact patterns over disease progression: Nipah virus as a case study,10.1093/infdis/jiaa091,Journal Of Infectious Diseases,2020,222,3,438,422,FALSE,NA,Yes,Yes,Yes,No,Yes,No,No,NA,0,Lee 2020
11eebaa28aa61882c661a144053ce87c,2844,Nipah virus,Julien,Cappelle,"Nipah virus circulation at human-bat interfaces, Cambodia",10.2471/BLT.20.254227,Bull World Health Organ,2020,98,8,539,547,FALSE,NA,Yes,No,NA,NA,Yes,Yes,No,NA,0,Cappelle 2020
4ff855b12235f5b62a78830b8aca7a5e,2848,Nipah virus,Reshmi,Ramachandran,Sero‑prevalence of Nipah antibodies among close  contacts of the index case during 2019 Ernakulam  outbreak,10.4103/jfmpc.jfmpc_1731_21,J Family Med Prim Care,2022,11,6,2479,2482,FALSE,NA,Yes,Yes,NA,NA,Yes,No,No,wekaness/bias/issues in the data are not discussed for 6+7,0,Ramachandran 2022
2a175a771095a15e6aa4cb501224263e,2850,Nipah virus,Aingorn,Chaiyes,Mapping Risk of Nipah Virus Transmission from Bats to Humans  in Thailand,10.1007/s10393-022-01588-6,Ecohealth,2022,19,2,175,189,FALSE,NA,No,No,Yes,Yes,Yes,Yes,No,NA,0,Chaiyes 2022
c10b08c437a9280f1a40f091b9d3c9c4,2886,Nipah virus,Govindakarnavar,Arunkumar,"Outbreak Investigation of Nipah Virus Disease in Kerala,  India, 2018",10.1093/infdis/jiy612,J Infect Dis,2019,219,12,1867,1878,FALSE,Definition cases (suspected/probable/confirmed) available in the methods,Yes,Yes,Yes,Yes,Yes,Yes,NA,Bias discussed was recall bias and wekanesses could not have been addressed - so NA for Q7,0,Arunkumar 2019
b298ad00b28ef8e7969cc0ef90b0ab97,2906,Nipah virus,Saumen,Barua,Global dynamics of a compartmental model to assess the effect of transmission from deceased,10.1016/j.mbs.2023.109059,Math Biosci,2023,364,NA,109059,NA,FALSE,NA,No,No,No,No,NA,NA,NA,"a global model for ebola/nipah and covid19,",0,Barua 2023
d370b6c37dcba60a0691fac9cfdc1ffe,2916,Nipah virus,Ali,Raza,Breakdown of a Nonlinear Stochastic Nipah Virus Epidemic Models through Efficient Numerical Methods,10.3390/e23121588,Entropy (Basel),2021,23,12,NA,NA,FALSE,NA,No,No,No,No,NA,NA,NA,"Mentions stochasticity, but might not be -  claims 'The most infected regions include Cambodia, Ghana, Indonesia, Madagascar, the Philippines, and Thailand.'",0,Raza 2021
19e5002aa15dcd3a55b31d2ebe69aba0,2931,Nipah virus,B,Nikolay,Transmission of Nipah Virus - 14 Years of Investigations in Bangladesh,10.1056/NEJMoa1805376,N Engl J Med,2019,380,19,1804,1814,NA,Definition of exposure/contact type defined in Table s3.  Sensitivity analysis across different risk factors estimates available in suplement.  Reported exposure of 53 secondary cases to their 19 infectors by day of illness in the infector in supp figure S1.,Yes,Yes,Yes,Yes,Yes,Yes,Yes,NA,0,Nikolay 2019
749a5f15fe3d6b12c84987d2aa16efb8,2954,Nipah virus,S,Wacharapluesadee,Two decades of one health surveillance of Nipah virus in Thailand.,10.1186/s42522-021-00044-9,One Health Outlook,2021,3,1,12,NA,NA,NA,No,Yes,NA,NA,No,No,No,Unclear to what sample the luminex serology assay was applied to - the text differs from the supplement.,0,Wacharapluesadee 2021
c780853e7d07119dd281dd982bc92f0a,2966,Nipah virus,Pragya,Yadav,"Nipah Virus Sequences from Humans and Bats during Nipah Outbreak, Kerala, India, 2018",10.3201/eid2505.181076,Emerging Infectious Diseases,2019,25,5,1003,1006,FALSE,NA,Yes,Yes,NA,NA,Yes,No,No,NA,0,Yadav 2019
e8fcc21cf8f87d3017a94a1c7bfd01d2,2979,Nipah virus,B,Pallivalappil,"Dissecting an Outbreak: A Clinico-epidemiological Study of Nipah Virus Infection in Kerala, India, 2018.",10.4103/jgid.jgid_4_19,J Glob Infect Dis,2020,12,1,21,27,NA,Definition of contact included in the definition of a probable case: 'a probable case is defined as a suspect case who resided in the same village as the confirmed case or who came in direct contact with a confirmed case in a hospital setting during the outbreak period and developed symptoms of respiratory distress and/or encephalitis and died before diagnostic specimen could be collected'. Type of contact per case also included in Table 2.,No,Yes,No,No,Yes,Yes,No,NA,0,Pallivalappil 2020
f39c11cd4e35ece0db19c362ae73d73c,2983,Nipah virus,AK,As,"Clinico-epidemiological presentations and management of Nipah virus infection during the outbreak in Kozhikode district, Kerala state, India 2023.",10.1002/jmv.29559,J Med Virol,2024,96,3,NA,NA,NA,NA,Yes,No,No,No,Yes,No,No,NA,0,As 2024
2644e438e79a4e2c5e6b1b6ae262dd20,2984,Nipah virus,PD,Yadav,"Nipah Virus Outbreak in Kerala State, India Amidst of COVID-19 Pandemic.",10.3389/fpubh.2022.818545,Front Public Health,2022,10,NA,NA,NA,NA,"Contact definition, excerpt from article: 'The close contacts were classified into primary contacts and secondary contacts and were further grouped into high-risk and low-risk contacts. The high- risk category included individuals with either a history of direct contact with body fluids (blood, urine, saliva, vomitus, etc.) of the confirmed NiV case or a probable case that was died without laboratory confirmation or having spent about 12 h nearby or in closed space with confirmed NiV case. The low-risk contacts were categorized as those having contact with the confirmed NiV case through touching or contact with clothes, linen, or any other items'",Yes,Yes,NA,NA,Yes,No,No,NA,0,Yadav 2022
6e3838acf90c09aa8dbf39a8dc7b2854,2991,Nipah virus,A,Latinne,Climate Anomalies and Spillover of Bat-Borne Viral Diseases in the Asia-Pacific Region and the Arabian Peninsula.,10.3390/v14051100,Viruses,2022,14,5,NA,NA,NA,Includes an Event Coincidence Analysis.,Yes,Yes,No,No,Yes,Yes,No,NA,0,Latinne 2022
d2f9e91081dbf71d85472888195eef36,3017,Nipah virus,m y,Khan,Optimal control analysis for the Nipah infection with constant and time-varying vaccination and treatment under real data application,10.1038/s41598-024-68091-6,Scientific Reports,2024,14,NA,NA,NA,NA,NA,Yes,Yes,No,Yes,No,No,No,NA,0,Khan 2024
4b9711dab38147e39fb38897df21ab63,3025,Nipah virus,c p girish,Kumar,Infections among Contacts of Patients with Nipah Virus India,10.3201/eid2505.181352,Emerging Infectious Diseases,2019,25,5,NA,NA,NA,NA,NA,NA,NA,NA,Yes,Yes,No,NA,0,Kumar 2019
cebd940056bc1be8d2e9b1751aa75b8e,3028,Nipah virus,Colin,Carlson,Strategic vaccine stockpiles for regional epidemics of emerging viruses: A geospatial modeling framework,10.1016/j.vaccine.2024.06.019,Vaccine,2024,42,23,NA,NA,FALSE,NA,No,Yes,No,Yes,NA,NA,NA,NA,0,Carlson 2024
e427c5ca74252fa056485d084b3d5d64,3048,Nipah virus,katherine,Royce,Mathematically modeling spillovers of an emerging infectious zoonosis with an intermediate host.,10.1371/journal.pone.0237780,Plos One,2020,NA,NA,NA,NA,NA,NA,Yes,Yes,Yes,Yes,NA,NA,NA,NA,0,Royce 2020
ea19ea1acefa3c5c467da743aab85565,3051,Nipah virus,birgit,Nikolay,A Framework to Monitor Changes in Transmission and Epidemiology of Emerging Pathogens: Lessons From Nipah Virus.,10.1093/infdis/jiaa074,Journal Of Infectious Diseases,2020,NA,NA,NA,NA,NA,NA,NA,NA,NA,NA,Yes,Yes,NA,good paper for discussion,0,Nikolay 2020
53e62579c90ed736c42369b1089933dc,3057,Nipah virus,Radhakrishnan,Chandni,"Clinical Manifestations of Nipah Virus-Infected Patients Who Presented to the Emergency Department During an Outbreak in Kerala State in India, May 2018",10.1093/cid/ciz789,Clinical Infectious Diseases,2019,71,1,NA,NA,NA,NA,NA,NA,NA,NA,Yes,No,No,such a lot of nosocomial transmission!,0,Chandni 2019
95f196669c6cf72cbd59639d4e461933,3058,Nipah virus,oscar,Cortes-Azuero,The genetic diversity of Nipah virus across spatial scales,10.1093/infdis/jiae221,Journal Of Infectious Diseases,2024,230,6,NA,NA,NA,NA,Yes,Yes,Yes,Yes,Yes,Yes,Yes,NA,0,Cortes-Azuero 2024
056e0a859e2782c771f03e7f71540d41,3062,Nipah virus,ST,Hegde,Using healthcare-seeking behaviour to estimate the number of Nipah outbreaks missed by hospital-based surveillance in Bangladesh,10.1093/ije/dyz057,International Journal Of Epidemiology,2019,48,4,1219,1227,FALSE,NA,Yes,No,No,Yes,Yes,Yes,No,NA,0,Hegde 2019
8c9d3d9a1d4f5dff0c082e94510b34a9,3065,Nipah virus,B,Thomas,"Nipah Virus Infection in Kozhikode, Kerala, South India, in 2018: Epidemiology of an Outbreak of an Emerging Disease",10.4103/ijcm.IJCM_198_19,Indian Journal Of Community Medicine,2019,44,NA,383,387,FALSE,NA,No,Yes,No,Yes,Yes,Yes,Yes,NA,0,Thomas 2019
783429ae49eeed80b704fce41383e6aa,3068,Nipah virus,CD,Mckee,The Ecology of Nipah Virus in Bangladesh: A Nexus of Land-Use Change and Opportunistic Feeding Behavior in Bats,10.3390/ v13020169,Viruses,2021,13,169,NA,NA,FALSE,NA,No,No,No,NA,Yes,No,No,NA,0,Mckee 2021
a0426117a55340de488a4573bfb443f4,3357,Nipah virus,KT,Kubra,Exploring the influence of burial and cremation practices on Nipah virus transmission: a SIRD model analysis,10.1007/s40808-024-02024-0,Modeling Earth Systems And Environment,2024,10,NA,4759,4786,FALSE,NA,Yes,No,Yes,No,Yes,No,No,NA,0,Kubra 2024
4a5ecf0a179e532fa0dd0cb30296e004,3359,Nipah virus,AD,Zewdie,A Mathematical Model for Nipah Virus Infection,10.1155/2020/6050834,Journal Of Applied Mathematics,2020,2020,NA,NA,NA,FALSE,another theoretical model - not much value in this paper,No,No,No,Yes,NA,NA,NA,NA,0,Zewdie 2020
14e4af4c5acac3871e3d052079189685,3361,Nipah virus,Arinze Luke,Ozioko,The dynamics of Nipah virus (NiV) transmission and analysis,10.22436/jmcs.031.04.03,Journal Of Mathematics And Computer Science-Jmcs,2023,31,4,367,391,NA,NA,No,No,No,No,NA,NA,NA,NA,0,Ozioko 2023
5f241552751dc63acf32452d40c9086a,3363,Nipah virus,Assefa Denekew,Zewdie,Human-animal Nipah virus transmission: model analysis and optimal control,10.1007/s40435-022-01089-y,International Journal Of Dynamics And Control,2023,11,4,1974,1994,NA,NA,Yes,No,No,No,NA,NA,NA,NA,0,Zewdie 2023
653074bdca3515c0d8f19eec6f36bdb0,3371,Nipah virus,Swati,Tyagi,Mathematical modeling and analysis for controlling the spread of infectious diseases,10.1016/j.chaos.2021.110707,Chaos Solitons & Fractals,2021,144,NA,NA,NA,NA,NA,No,No,No,No,NA,NA,NA,NA,0,Tyagi 2021
1fc6b6893a343baf4df750dfea6a28ba,3373,Nipah virus,Dumitru,Baleanu,Stability analysis and system properties of Nipah virus transmission: A fractional calculus case study,10.1016/j.chaos.2022.112990,Chaos Solitons & Fractals,2023,166,NA,NA,NA,NA,NA,No,No,No,Yes,NA,NA,NA,NA,0,Baleanu 2023
3f7224eeca37199f41c48eadd4945c05,3379,Nipah virus,Saumen,Barua,A compartmental model for the spread of Nipah virus in a periodic environment,10.3934/math.20231516,Aims Mathematics,2023,8,12,29604,29627,NA,NA,Yes,No,No,Yes,NA,NA,NA,NA,0,Barua 2023
31a953f70392d35e95768bfea2487520,3382,Nipah virus,KAMAL,Shah,A MATHEMATICAL MODEL FOR NIPAH VIRUS DISEASE BY USING PIECEWISE FRACTIONAL ORDER CAPUTO DERIVATIVE,10.1142/S0218348X24400139,Fractals-Complex Geometry Patterns And Scaling In Nature And Society,2024,32,2,NA,NA,NA,NA,No,No,No,No,NA,NA,NA,NA,0,Shah 2024
2b8710c19a1fcb13fa71a0d6d17fbcdb,3402,Nipah virus,Sunday,Abang,A MATHEMATICAL MODEL TO PROVIDE INSIGHTS INTO FOOD-BORNE NIPAH VIRUS INFECTIOUS DISEASE TRANSMISSION DYNAMICS,10.28919/cmbn/8696,Communications In Mathematical Biology And Neuroscience,2024,NA,NA,NA,NA,FALSE,NA,No,No,No,No,NA,NA,NA,NA,0,Abang 2024
f7aee49811030185ad652a3e4db4bedb,3410,Nipah virus,Ali,Raza,Computer modeling: A gateway to novel advancements in solving real-life problems,10.1016/j.bspc.2024.106414,Biomedical Signal Processing And Control,2024,95,NA,NA,NA,FALSE,NA,Yes,No,No,No,NA,NA,NA,NA,0,Raza 2024
e78e87854927bdb90b9067bc3f744a08,3446,Nipah virus,Sehrish,Ramzan,Exploring the dynamical bifurcation and stability analysis of Nipah virus; novel perspectives utilizing fractional calculus,10.1007/s40808-024-02071-7,Modeling Earth Systems And Environment,2024,10,4,5427,5448,FALSE,NA,No,No,No,No,NA,NA,NA,NA,0,Ramzan 2024
dea8f5bae50dafe4b8b13f6f628a683f,3489,Nipah virus,Firat,Evirgen,Transmission of Nipah virus dynamics under Caputo fractional derivative,10.1016/j.cam.2022.114654,Journal Of Computational And Applied Mathematics,2023,418,NA,NA,NA,FALSE,NA,Yes,No,No,No,NA,NA,NA,NA,0,Evirgen 2023
3f8d8ad5913ba53c9a15d84034da9b41,3496,Nipah virus,Abang,Scott,MATHEMATICAL MODELLING APPROACH FOR THE STUDY OF NIPAH VIRUS DISEASE TRANSMISSION DYNAMICS,10.28919/cmbn/8056,Communications In Mathematical Biology And Neuroscience,2023,NA,NA,NA,NA,FALSE,NA,Yes,No,No,No,NA,NA,NA,NA,0,Scott 2023
10d91bce0ae2146c9738a43537f0026f,3512,Nipah virus,Arinze,Ozioko,OPTIMAL NIPAH VIRUS (NIV) SPREAD CONTROL DYNAMICS,10.28919/cmbn/8045,Communications In Mathematical Biology And Neuroscience,2023,NA,NA,NA,NA,FALSE,NA,Yes,No,No,No,NA,NA,NA,NA,0,Ozioko 2023
496a653faab4c83c1da96760ab697322,3527,Nipah virus,Arshad,Ali,ANALYSIS OF THE TRANSMISSION OF NIPAH VIRUS UNDER FRACTIONAL OPERATOR WITH NON-SINGULAR AND NONLOCAL KERNEL,10.1142/S0218348X22401934,Fractals,2022,30,10,NA,NA,FALSE,NA,Yes,No,No,No,NA,NA,NA,NA,0,Ali 2022
635ea39d0bb5db75c51e26880525a0ec,3571,Nipah virus,Samhita,Das,Control of Nipah virus outbreak in commercial pig-farm with biosecurity and culling,10.1051/mmnp/2020047,Mathematical Modelling Of Natural Phenomena,2020,15,64,NA,NA,NA,"Just a paired SI-SI model. No real world data, all theoretical.",Yes,Yes,Yes,No,NA,NA,NA,NA,0,Das 2020
fd290286e6ae39fb83e84da5f4fd193e,3643,Nipah virus,N/A,Samreen,A mathematical study unfolding the transmission and control of deadly Nipah virus infection under optimized preventive measures: New insights using fractional calculus,10.1016/j.rinp.2023.106629,Results In Physics,2023,51,NA,106629,NA,FALSE,"Theoretical model, not fit to data, optimal control. Considers transmission via environment and dead bodies of infected.",No,No,Yes,No,NA,NA,NA,NA,0,Samreen 2023
685f184d146c3e9411ee158e4fd7cf00,3679,Nipah virus,Arun Kumar,Sikder,Compartmental modelling in epidemic diseases: a comparison between SIR model with constant and time-dependent parameters,10.1088/1361-6420/acb4e7,Inverse Problems,2023,39,3,NA,NA,FALSE,"Simple SIR model, fitting new transmission and recovery every year, to fit precisely to cumulative cases.",No,No,No,No,No,No,No,NA,0,Sikder 2023
6596eac1a06aa53b67aa63a0c2f00363,3682,Nipah virus,Saima,Efat,Exploring the Inducement for Social Awareness Behavior and Optimal Control Strategy on Nipah Virus Transmission,10.1155/2024/7880455,Complexity,2024,NA,NA,NA,NA,FALSE,Theoretical model with almost entirely assumed parameter values.,No,No,No,No,NA,NA,NA,NA,0,Efat 2024
ad3ca1d7ad86814905d5aa70b1ee57ab,3755,Nipah virus,Shuo,Li,A robust computational study for assessing the dynamics and control of emerging zoonotic viral infection with a case study: A novel epidemic modeling approach,10.1063/5.0188703,Aip Advances,2024,14,1,NA,NA,FALSE,NA,No,No,No,No,NA,NA,NA,NA,0,Li 2024
8052fb77a6dcfc88917edc3692f1c4e5,3807,Nipah virus,Kamal,Shah,Study of Fractional Order Dynamical System of Viral Infection Disease under Piecewise Derivative,10.32604/cmes.2023.025769,Cmes-Computer Modeling In Engineering & Sciences,2023,136,1,NA,NA,FALSE,Purely theoretical model with chosen parameters that don't seem to line up at all with Nipah.,No,No,No,No,NA,NA,NA,NA,0,Shah 2023
4936af822d1eac4deffea93b801e0fe4,4015,Nipah virus,Pritimoy,Das,"Hospital-based zoonotic disease surveillance in Bangladesh: design, field data and difficulties",10.1098/rstb.2019.0019,Philosophical Transactions Of The Royal Society B-Biological Sciences,2019,374,1782,NA,NA,FALSE,NA,Yes,No,NA,NA,Yes,Yes,NA,NA,0,Das 2019
a748c1cf401f8f8a4527cad34bf1ccf3,4046,Nipah virus,Kum Thong,Wong,Nipah Virus Infection,10.1016/S0002-9440(10)64493-8,American Journal Of Pathology,2002,161,6,2153,2167,FALSE,This study is based on the clinical and autopsy find- ings for 32 patients who died of Nipah virus infection.  Figure 2 shows the temporal distribution of microscopic findings and viral antigen in the CNS pathology of the patients.  Figure 10 shows the temporal relationship of IgM and IgG in CSF and serum of the patients.,Yes,Yes,Yes,No,Yes,No,No,NA,0,Wong 2002
d04a3f3b4343b803c06b4d35e26d157c,4047,Nipah virus,Paola Katrina G.,Ching,"Outbreak of Henipavirus Infection, Philippines, 2014",10.3201/eid2102.141433,Emerging Infectious Diseases,2015,21,2,328,331,NA,NA,Yes,Yes,NA,NA,Yes,No,No,Study also tested domestic dogs which were PRNT NiV positive.,0,Ching 2015
641f5237f92c48a65adbd92bb2c1d487,4055,Nipah virus,Heng Thay,Chong,"Occupational exposure, age, diabetes mellitus and outcome of acute Nipah encephalitis",NA,Neurol J Southeast Asia,2001,6,NA,7,11,NA,NA,Yes,Yes,NA,NA,Yes,No,No,NA,0,Chong 2001
b941fd3d546b91c88177cf88cc7c2608,4056,Nipah virus,Heng Thay,Chong,The risk of human Nipah virus infection directly from bats (Ptoropus hypomelanus) is low,NA,Neurol J Southeast Asia,2003,8,NA,31,34,NA,NA,Yes,Yes,NA,NA,Yes,Yes,No,NA,0,Chong 2003
eec9fdbd3b6c6228fb64cf7391b9177e,4057,Nipah virus,V,Ramasundrum,Kineties of IgM and IgG seroconversion in Nipah virus infection,NA,Neurol J Southeast Asia,2000,5,NA,23,28,FALSE,NA,No,No,NA,NA,No,No,No,NA,0,Ramasundrum 2000
53a2b441658575a04fe754425c7b94c9,4070,Nipah virus,Malebese,Mabotsa,Effects of asymptomatic infections and population movements on the geographical spread of Nipah virus,10.1088/1402-4896/adaf7c,Physica Scripta,2025,100,3,NA,NA,FALSE,NA,Yes,No,No,No,NA,NA,NA,NA,0,Mabotsa 2025
e9e267e90648708babe5874782e812a9,4074,Nipah virus,S,Ahmed,Computational Analysis of Nipah Virus Transmission Using Mathematical Modelling and Graphical Programming,10.1007/s12668-025-01804-x,Bionanoscience,2025,15,2,NA,NA,NA,NA,Yes,No,Yes,No,NA,NA,NA,NA,0,Ahmed 2025
7aa477525583f1760e418df3d602b08a,4077,Nipah virus,Snehasis,Barman,Theoretical analysis of a fractional-order nipah virus transmission system with sensitivity and cost-effectiveness analysis,10.1088/1402-4896/ad9ae0,Physica Scripta,2025,100,1,NA,NA,NA,NA,Yes,No,No,No,NA,NA,NA,NA,0,Barman 2025
4622612df82cf1c4d13a7467324233f9,4120,Nipah virus,Protyusha,Dutta,"Nipah virus transmission dynamics: equilibrium states, sensitivity and uncertainty analysis",10.1007/s11071-024-10549-3,Nonlinear Dynamics,2024,NA,NA,NA,NA,FALSE,NA,Yes,No,Yes,No,NA,NA,NA,NA,0,Dutta 2024
6ed82d3626abc779e725b87af320692c,4124,Nipah virus,Arinze,Ozioko,The mathematical Nipah virus model with Atangana-Baleanu derivative,10.28919/cmbn/8286,Communications In Mathematical Biology And Neuroscience,2024,NA,NA,NA,NA,FALSE,NA,No,No,No,Yes,NA,NA,NA,NA,0,Ozioko 2024
8f22ac231d5f167663e2286b80fa8ddf,4131,Nipah virus,Arinze Luke,Ozioko,Sensitivity analysis and differential transformation tech-nique on Nipah virus mathematical model,10.22436/jmcs.037.04.06,Journal Of Mathematics And Computer Science-Jmcs,2025,37,4,423,448,FALSE,NA,No,No,No,Yes,NA,NA,NA,NA,0,Ozioko 2025
4e545e2abeddd9f6dfca2ff2840cc32a,4141,Nipah virus,Alia Mohammed,Almoajel,A neural network based Nipah virus model for healthcare disaster management,10.1016/j.chaos.2025.116055,Chaos Solitons & Fractals,2025,192,NA,NA,NA,FALSE,NA,No,No,No,No,NA,NA,NA,NA,0,Almoajel 2025
ef21d63f07809e79bf55c3c56bc55131,4142,Nipah virus,DHIVYA,Sundar,HYERS-ULAM STABILITY OF EBOLA AND NIPAH VIRUS CO-INFECTION FRACTIONAL DYNAMICS,10.1142/S0218348X25400341,Fractals-Complex Geometry Patterns And Scaling In Nature And Society,2024,32,NA,NA,NA,FALSE,NA,No,No,No,No,NA,NA,NA,NA,0,Sundar 2024
be50f7d64b6d536930920f1203615e86,4143,Nipah virus,Hui,Ong,Malaysia outbreak survivors retain detectable Nipah antibodies and memory B cells after 25 years,10.1016/j.jinf.2024.106398,Journal Of Infection,2025,90,2,NA,NA,FALSE,NA,Yes,Yes,NA,NA,Yes,Yes,No,NA,0,Ong 2025
5991c1a5ca1c05adf954075b2247a882,4167,Nipah virus,Fang,Yu,Assessing the global dynamics of Nipah infection under vaccination and treatment: A novel computational modeling approach,10.1371/journal.pone.0309360,Plos One,2025,20,1,NA,NA,FALSE,NA,No,No,No,Yes,No,No,No,NA,0,Yu 2025
85ade3c51d8ae49358b20ac78f017980,4358,Nipah virus,NK,Thulaseedaran,A Case Series on the Recent Nipah Epidemic in Kerala,NA,Journal Of The Association Of Physicians Of India,2018,66,10,NA,NA,NA,NA,No,No,No,No,Yes,No,No,NA,0,Thulaseedaran 2018
700318345556b7cf4ba97dfb4a015ac1,4365,Nipah virus,NA,Sim,Nipah encephalitis: A report of 18 patients from Kuala Lumpur Hospital.,NA,Neurol J Southeast Asia,2002,7,NA,13,18,FALSE,NA,Yes,No,Yes,Yes,Yes,No,No,NA,0,Sim 2002
d6f930c3f2b93e27c5f60daed8b0eca5,36,Nipah virus,NI,Paton,Outbreak of Nipah-virus infection among abattoir workers in Singapore,10.1016/s0140-6736(99)04379-2,Lancet,1999,354,9186,1253,1256,FALSE,NA,Yes,No,NA,NA,Yes,No,No,NA,1,Paton 1999
6cd50677bcfb78f63c2b3aa514b450da,103,Nipah virus,Stephen P,Luby,"Foodborne transmission of Nipah virus, Bangladesh",NA,Emerging Infectious Diseases,2006,12,12,1888,1894,FALSE,NA,Yes,Yes,Yes,Yes,Yes,Yes,No,NA,1,Luby 2006
0e70b73e4e1889e0ef4c18ce7b6d41ac,21,Nipah virus,GD,Premalatha,"Assessment of Nipah virus transmission among pork sellers in Seremban, Malaysia",NA,Southeast Asian Journal Of Tropical Medicine And Public Health,2000,31,2,307,309,FALSE,NA,No,No,NA,NA,No,Yes,No,NA,1,Premalatha 2000
83cde9b91e351f2d1abe616ad13cae57,42,Nipah virus,UD,Parashar,"Case-control study of risk factors for human infection with a new zoonotic paramyxovirus, Nipah virus, during a 1998-1999 outbreak of severe encephalitis in Malaysia",10.1086/315457,Journal Of Infectious Diseases,2000,181,5,1755,1759,FALSE,NA,No,No,No,No,No,No,No,NA,1,Parashar 2000
1baf8d99bd61c7bc32fc6acee1d633c5,65,Nipah virus,Anthony W.,Mounts,"A cohort study of health care workers to assess nosocomial transmissibility of Nipah virus, Malaysia, 1999",10.1086/318822,Journal Of Infectious Diseases,2001,183,5,810,813,FALSE,NA,Yes,Yes,NA,NA,No,Yes,No,NA,1,Mounts 2001
b6de6c7f1c2ea9bf3963c7e941a6feb7,86,Nipah virus,Mazrura,Sahani,"Nipah virus infection among abattoir workers in Malaysia, 1998-1999",10.1093/ije/30.5.1017,International Journal Of Epidemiology,2001,30,5,1017,1020,FALSE,NA,No,No,No,No,Yes,No,No,NA,1,Sahani 2001
ce8c145f1be8e872e48e64c98f405ba2,167,Nipah virus,Vincet P,Hsu,Nipath virus encephalitis reemergence Bangladesh,10.3201/eid1012.040701,Eid,2004,10,12,NA,NA,NA,NA,Yes,Yes,Yes,Yes,Yes,Yes,No,NA,1,Hsu 2004
aa64e0ed203dcdb6eba4cde3eb41495e,184,Nipah virus,AK,Harit,"Nipah/Hendra virus outbreak in Siliguri, West Bengal, India in 2001",NA,Indian J Med Res,2006,123,NA,553,560,FALSE,NA,No,No,Yes,Yes,No,Yes,No,NA,1,Harit 2006
32164406585ad80a8c82cbdbf44ae056,192,Nipah virus,Emily S,Gurley,Risk of Nosocomial Transmission of Nipah Virus in a Bangladesh Hospital,10.1086/516665,Infection Control & Hospital Epidemiology,2007,28,NA,740,742,FALSE,NA,Yes,No,NA,NA,Yes,Yes,No,NA,1,Gurley 2007
b7b158941eec2f174150913b12b225d9,207,Nipah virus,Khean Jin,Goh,CLINICAL FEATURES OF NIPAH VIRUS ENCEPHALITIS AMONG PIG FARMERS IN MALAYSIA,10.1056/nejm200004273421701,New England Journal Of Medicine,2000,342,17,1229,1235,FALSE,NA,Yes,No,NA,No,Yes,No,No,NA,1,Goh 2000
503861333a52622fde9d0ade3fe28c46,266,Nipah virus,KB,Chua,The Presence of Nipah Virus in Respiratory Secretions and Urine of Patients during an Outbreak of Nipah Virus Encephalitis in Malaysia,10.1053/jinf.2000.0782,Journal Of Infection,2001,42,NA,40,43,FALSE,NA,No,No,No,Yes,Yes,No,No,NA,1,Chua 2001
37afa1425785fb46fdb8bede07252912,270,Nipah virus,K. B.,Chua,Nipah virus: A recently emergent deadly paramyxovirus,10.1126/science.288.5470.1432,Science,2000,288,5470,1432,1435,FALSE,Initial outbreak in Malaysia and Singapore,Yes,No,NA,NA,Yes,Yes,No,NA,1,Chua 2000
bfb6c0d771f5126e70ed4a63a1576632,271,Nipah virus,KB,Chua,Nipah virus outbreak in Malaysia,NA,Journal Of Clinical Virology,2003,NA,NA,265,275,FALSE,NA,Yes,Yes,No,No,No,No,No,NA,1,Chua 2003
2e1a8ccf919871963115aabb080c82fa,274,Nipah virus,Heng Thay,Chong,"Nipah encephalitis outbreak in Malaysia, clinical features in patients from Seremban",10.1017/S0317167100001785,Canadian Journal Of Neurological Sciences,2002,29,1,83,87,FALSE,NA,No,No,No,No,Yes,No,No,NA,1,Chong 2002
b607085fecc7d91aa83c136b47aa8c6a,275,Nipah virus,HT,Chong,Treatment of acute Nipah encephalitis with ribavirin,10.1002/ana.1062,Annals Of Neurology,2001,49,6,810,813,FALSE,NA,No,No,NA,NA,Yes,Yes,No,NA,1,Chong 2001
45aefb502bee3ef86668a41ae15866a2,280,Nipah virus,Madeleine,Chew,Risk Factors for Nipah Virus Infection among Abattoir Workers in Singapore,10.1086/315443,Journal Of Infectious Diseases,2000,181,5,1760,1763,FALSE,NA,Yes,No,No,Yes,Yes,No,No,NA,1,Chew 2000
9b99d6db025beb4bbd220f4b248e28da,291,Nipah virus,K.P.,Chan,A survey of Nipah virus infection among various risk groups in Singapore,10.1017/s0950268801006422,Epidemiology And Infection,2002,128,1,93,98,NA,"Sample: Of the people examined 521 (35.5 %) were abattoir workers, 474 (32.3 %) turf club workers, 228 (15.5 %) healthcare workers, 127 (8.6 %) pig and meat inspectors, 70 (4.8 %) zoo workers, 25 (1.7 %) laboratory workers, 12 (0.8 %) public butchers, 7 (0.5 %) recreational island staff workers and 5 (0.3 %) customs inspectors",Yes,Yes,NA,NA,No,Yes,No,NA,1,Chan 2002
093d82ab8005a99f7ba881b1ee8f6e23,292,Nipah virus,Mandeep S.,Chadha,"Nipah virus-assodiated encephalitis outbreak, Siliguri, India",10.3201/eid1202.051247,Emerging Infectious Disesases,2006,12,2,235,240,FALSE,First outbreak reported in India. NiV strain most closely related to NiV strain isolated in Bangladesh,Yes,Yes,No,No,No,Yes,No,18Feb2001 barrier methods were introduced for case management.,1,Chadha 2006
284c2445af332978787de09041f96260,345,Nipah virus,Chong Tin,Tan,Relapsed and late-onset Nipah encephalitis,10.1002/ana.10212,Annals Of Neurology,2002,51,NA,703,708,FALSE,NA,No,No,No,No,No,No,No,NA,1,Tan 2002
9c931294d88c7b1ba94c467d6e370f65,409,Nipah virus,NM,Amal,"RISK FACTORS FOR NIPAH VIRUS TRANSMISSION, PORT DICKSON, NEGERI SEMBILAN, MALAYSIA: RESULTS FROM A HOSPITAL-BASED CASE-CONTROL STUDY",NA,Southeast Asian J Trop Med Public Health,2000,31,2,301,306,FALSE,NA,Yes,No,NA,NA,No,Yes,No,NA,1,Amal 2000
ca2a87e3ff7e52af72134b28d864b62d,708,Nipah virus,Joel,Montgomery,Risk factors for Nipah virus encephalitis in Bangladesh.,10.3201/eid1410.060507,Emerging Infectious Diseases,2008,14,10,1526,1532,FALSE,Paired case-control study,Yes,No,Yes,Yes,No,No,No,Some issues around the fact that cases were from the same household.,1,Montgomery 2008
13bf8c17f25043cde3e090ddea341807,833,Nipah virus,SP,Luby,"Recurrent Zoonotic Transmission of Nipah Virus into Humans, Bangladesh, 2001-2007",10.3201/eid1508.081237,Emerg. Infect. Dis.,2009,15,8,1229,1235,FALSE,NA,No,No,No,No,No,Yes,No,NA,1,Luby 2009
14de2766f653278e3438542a3abf81e8,851,Nipah virus,M. Jahangir,Hossain,Clinical presentation of Nipah virus infection in Bangladesh,10.1086/529147,Clinical Infectious Diseases,2008,46,NA,977,984,FALSE,NA,No,No,Yes,No,No,Yes,No,NA,1,Hossain 2008
61c78610d37f8d35b118f478dc079668,896,Nipah virus,Zakiul,Hassan,"Nipah Virus Contamination of  Hospital Surfaces during  Outbreaks, Bangladesh, 2013-2014",10.3201/eid2401.161758,Emerging Infectious Diseases,2018,24,1,15,21,FALSE,NA,Yes,No,NA,NA,No,No,No,NA,1,Hassan 2018
305b0ffd473d42ac3c29e820054811b6,2892,Nipah virus,Ming-Yen,Yong,Seroprevalence of Nipah Virus Infection in Peninsular Malaysia.,10.1093/infdis/jiaa085,Journal Infectious Diseases,2020,221,NA,NA,NA,FALSE,Supplemental Article,Yes,Yes,NA,NA,No,Yes,No,NA,1,Yong 2020
6091ccc446f51b407f4623f206c2af9c,3374,Nipah virus,S,Li,Examining Dynamics of Emerging Nipah Viral Infection with Direct and Indirect Transmission Patterns: A Simulation-Based Analysis via Fractional and Fractal-Fractional Derivatives,10.1155/2023/6643772,Journal Of Mathematics,2023,NA,NA,NA,NA,FALSE,Theoretical mathematical model,Yes,No,No,No,NA,NA,NA,NA,1,Li 2023
f70e3af18a522200425d23b5f0e4e1e3,3411,Nipah virus,Praveen,Agarwal,Modelling of transmission dynamics of Nipah virus (Niv): A fractional order Approach,10.1016/j.physa.2020.124243,Physica A,2020,547,NA,NA,NA,FALSE,NA,No,No,No,No,NA,NA,NA,NA,1,Agarwal 2020
