id,covidence_id,pathogen,first_author_first_name,first_author_surname,article_title,doi,journal,year_publication,volume,issue,page_first,page_last,paper_copy_only,notes,qa_m1,qa_m2,qa_a3,qa_a4,qa_d5,qa_d6,qa_d7,covidence_id_text,double_extracted,article_label
ebb456f8a8cdf492b72dc264501ae7ec,19,SARS-CoV,Guofa,Zhou,Severe Acute Respiratory Syndrome Epidemic In Asia,10.3201/eid0912.030382,Emerging Infectious Diseases,2003,9,12,1608,1610,FALSE,"Growth curve model
alpha (deviation from S-shaped curve) reported (Beijing=1; HKG=2.94; SGP=1.51).",Yes,No,Yes,Yes,Yes,No,No,19,1,Zhou 2003
d5694b7a7327c2cb95b14dd14c36390f,60,SARS-CoV,Z,Zhao,Moderate Mutation Rate In The Sars Coronavirus Genome And Its Implications,10.1186/1471-2148-4-21,Bmc Evol Biol,2004,4,NA,21,NA,FALSE,NA,Yes,Yes,Yes,Yes,Yes,Yes,Yes,60,1,Zhao 2004
1950d2b285667d50de482b19160c95cd,180,SARS-CoV,Guang,Zeng,Infectivity Of Severe Acute Respiratory Syndrome During Its Incubation Period,10.1016/s0895-3988(10)60008-6,Biomedical And Environmental Sciences,2009,22,6,502,510,FALSE,"Notes that: 'SARS cases are infectious only during their symptomatic period and non-infectious during the incubation period.'
Nosocomial superspreader.",No,No,NA,NA,Yes,No,No,180,1,Zeng 2009
503c086cf3c79e03d95996980f93e043,392,SARS-CoV,Rui-Heng,Xu,Epidemiologic Clues To Sars Origin In China,10.3201/eid1006.030852,Emerging Infectious Diseases - Cdc,2004,10,6,1030,1037,FALSE,NA,Yes,No,NA,NA,Yes,Yes,Yes,392,1,Xu 2004
23771f09f19b43ce77583a029bae3a38,430,SARS-CoV,Z,Xiao,A Retrospective Study Of 78 Patients With Severe Acute Respiratory Syndrome,NA,Chin Med J (Engl),2003,116,6,805,810,FALSE,NA,No,Yes,NA,NA,Yes,No,No,430,1,Xiao 2003
b43587556796e1e90feabeb889d01d69,435,SARS-CoV,Shenglan,Xiao,Role Of Fomites In Sars Transmission During The Largest Hospital Outbreak In Hong Kong,10.1371/journal.pone.0181558,Plos One,2017,12,7,181558,NA,FALSE,"Not entirely clear what they mean by ""infection risk""; which is the only epi parameter that could be extracted; it reads as if it's simply the probability of an individual becoming infected within the period considered.",No,No,No,No,No,Yes,No,435,1,Xiao 2017
c15720b22277713e9095ccdbb2648434,461,SARS-CoV,W,Wu,"A Hospital Outbreak Of Severe Acute Respiratory Syndrome In Guangzhou, China",NA,Chin Med J (Engl),2003,116,6,811,818,FALSE,NA,Yes,Yes,NA,NA,Yes,No,No,461,1,Wu 2003
02693e5e7cf1a12a1b242bc893c2d391,487,SARS-CoV,J,Wu,"Risk Factors For Sars Among Persons Without Known Contact With Sars Patients, Beijing, China",10.3201/eid1002.030730,Emerg Infect Dis,2004,10,2,210,216,FALSE,NA,Yes,Yes,Yes,Yes,Yes,Yes,No,487,1,Wu 2004
3cc8e507569de60ce5129dd23a3a3158,513,SARS-CoV,Wai Cho,Yu,Prevalence Of Subclinical Infection By The Sars Coronavirus Among General Practitioners In Hong Kong,10.1080/00365540410019525,Scandinavian Journal Of Infectious Diseases,2004,36,4,287,290,FALSE,29 samples of the 574 eligible tested positive for IgG by ELISA. Upon retesting with IFA; all tested negative with a tire of < 25 thus making seropositivity 0%.,Yes,Yes,NA,Yes,Yes,Yes,No,513,1,Yu 2004
904e0bef4e6d25ba1c9076f8dc1ba2e8,522,SARS-CoV,,Yu,Why Did Outbreaks Of Severe Acute Respiratory Syndrome Occur In Some Hospital Wards But Not In Others?,10.1086/512819,Clinical Infectious Diseases,2007,44,8,1017,1025,FALSE,Superspreading event defined as >=3 new cases of SARS in a ward from 2-10 days after the admission of an index patient; development of a cluster of >=3 new cases within 8 days; but without any known sources of SARS,Yes,Yes,Yes,Yes,No,Yes,No,522,1,Yu 2007
9b536fe4ef05d5ddc7f8bd3f5e007459,523,SARS-CoV,,Yu,Temporal-Spatial Analysis Of Severe Acute Respiratory Syndrome Among Hospital Inpatients,10.1086/428735,Clinical Infectious Diseases,2005,40,9,1237,1243,FALSE,Attack rate is disaggregated by bay. Sig risk factors were presence on ward at same time as index & bay location. Insig RFs were duration of stay; smoking; and drugs. 14/15 of nurses got SARS,Yes,Yes,NA,NA,Yes,No,No,523,1,Yu 2005
a8d72a70b8c74b6e6e3789e08e86a405,526,SARS-CoV,,Yu,Evidence Of Airborne Transmission Of The Severe Acute Respiratory Syndrome Virus,10.1056/NEJMoa032867,New England Journal Of Medicine,2004,350,17,1731,1739,FALSE,In the logistic regression model used; probability of each apartment unit (not the resident) is the dependent variable to explore the association between apartment unit and floor in the building; with the probability of infection with SARS.,No,Yes,Yes,Yes,Yes,No,No,526,1,Yu 2004
eb118d811da389118bad0038ae54a5e7,558,SARS-CoV,Hiroshi,Yoshikura,"A New Method For Monitoring And Forecasting The Case-Fatality Rate In Ongoing Epidemics And Its Evaluation Using Published Data Of Sars In 2003, H1n1 Pandemic In 2009/2010, Hand-Foot-Mouth Disease In China In 2009/2010, And Cholera In Haiti In 2010",NA,Japan Journal Of Infectious Diseases,2011,64,1,92,94,FALSE,NA,No,No,No,No,No,No,No,558,1,Yoshikura 2011
108795b4032294d271cb240ae02c565c,572,SARS-CoV,S,Yip,"A Chain Multinomial Model For Estimating The Real-Time Fatality Rate Of A Disease, With An Application To Severe Acute Respiratory Syndrome",10.1093/aje/kwi088,Am J Epidemiol,2005,161,7,700,706,FALSE,NA,Yes,Yes,No,No,No,No,No,572,1,Yip 2005
37055bfea6706f6bfe7eccce494fddb6,613,SARS-CoV,Shiou-Hwei,Yeh,Characterization Of Severe Acute Respiratory Syndrome Coronavirus Genomes In Taiwan: Molecular Epidemiology And Genome Evolution,10.1073/pnas.0307904100,Pnas,2004,101,8,2542,2547,FALSE,Mixed setting. Mutation rate units are a bit ambiguous,No,No,No,No,Yes,No,No,613,1,Yeh 2003
f80fea855dd843ec3b6deb35219715df,641,SARS-CoV,T,Wang,"Clinical Manifestations, Laboratory Findings, And Treatment Outcomes Of Sars Patients",10.3201/eid1005.030640,Emerg Infect Dis,2004,10,5,818,824,FALSE,NA,Yes,Yes,NA,NA,Yes,No,No,641,1,Wang 2004
28085d260eb09f10d2aa5ddd1741bac2,646,SARS-CoV,Jin-Feng,Wang,"Data-Driven Exploration Of 'Spatial Pattern-Time Process-Driving Forces' Associations Of Sars Epidemic In Beijing, China",10.1093/pubmed/fdn023,Journal Of Public Health,2008,30,3,234,244,FALSE,NA,No,No,No,No,NA,NA,NA,646,1,Wang 2008
3a1824462fe7f2b2abc34f6c2e29266f,655,SARS-CoV,J,Wang,Spatial Dynamics Of An Epidemic Of Severe Acute Respiratory Syndrome In An Urban Area,NA,Bull World Health Organ,2006,84,12,965,968,FALSE,NA,No,No,No,No,Yes,No,No,655,1,Wang 2006
9c33506c07ebd54fbc01307373f3b715,672,SARS-CoV,Fu-Der,Wang,Positive Rate Of Serum Sars-Cov Immunoglobulin G Antibody Among Healthcare Workers,10.1080/00365540600951226,Scandinavian Journal Of Infectious Diseases,2007,39,2,152,156,FALSE,NA,Yes,Yes,NA,NA,No,No,No,672,1,Wang 2007
7693e22cf062f1e8566d6895ffa749a6,696,SARS-CoV,Y,Wan,Designing Spatially Heterogeneous Strategies For Control Of Virus Spread,10.1049/iet-syb:20070040,Iet Syst Biol,2008,2,4,184,201,FALSE,Model is based upon a previously described transmission model rather than a new one; but focuses on adding heterogenous distribution of interventions.,No,No,No,No,NA,NA,NA,696,1,Wan 2008
b99c9a335bf5cd4d8edcfd95a39ec506,706,SARS-CoV,Jacco,Wallinga,Different Epidemic Curves For Severe Acute Respiratory Syndrome Reveal Similar Impacts Of Control Measures,10.1093/aje/kwh255,Am J Epidemiol,2004,160,6,509,516,FALSE,NA,Yes,Yes,Yes,Yes,Yes,Yes,Yes,706,1,Wallinga 2004
cd6d2477210bf6af40b79dc22cce1e69,718,SARS-CoV,Hoang,Vu,"Clinical Description Of A Completed Outbreak Of Sars In Vietnam, February-May 2003",10.3201/eid1002.030761,Emerg Infect Dis,2004,10,2,334,338,FALSE,NA,Yes,No,No,No,Yes,Yes,No,718,1,Vu 2004
3590c61174aae943ae2efbd92c7e4920,727,SARS-CoV,Tara,Vogt,Risk Of Severe Acute Respiratory Syndrome-Associated Coronavirus Transmission Aboard Commercial Aircraft,10.1111/j.1708-8305.2006.00048.x,Journal Of Travel Medicine,2006,13,5,268,272,FALSE,NA,Yes,No,NA,NA,No,Yes,No,727,1,Vogt 2006
a43f484bf482a1bfdf550b83352c340b,745,SARS-CoV,Victor,Virlogeux,Brief Report: Incubation Period Duration And Severity Of Clinical Disease Following Severe Acute Respiratory Syndrome Coronavirus Infection,10.1097/ede.0000000000000339,Epidemiology,2015,26,5,666,669,FALSE,NA,Yes,Yes,Yes,No,Yes,Yes,Yes,745,1,Virlogeux 2015
1d27c7d590c2a7495b0f603e2b080e3b,793,SARS-CoV,V B,Vega,Mutational Dynamics Of The Sars Coronavirus In Cell Culture And Human Populations Isolated In 2003,10.1186/1471-2334-4-32,Bmc Infectious Diseases,2004,4,32,32,NA,FALSE,"Mutation rate unit is substitutions/site/day; or 0.17/genome/day; or 2/human passage
Disaggregated estimates are available by synonymous/ns
RR for genes (S; M; N; 3CL; RdRp); graph only
In vitro mutation rate was estimated but not reported numerically.",Yes,No,Yes,No,No,Yes,No,793,1,Vega 2004
e45e2325815783aafd27ff739ea2d70b,804,SARS-CoV,Monali,Varia,"Investigation Of A Nosocomial Outbreak Of Severe Acute Respiratory Syndrome (Sars) In Toronto, Canada",NA,Cmaj,2003,169,4,285,292,FALSE,Additional values are given disaggregated by route of infection (as hospital worker; already hospital patient; contact of case; etc). Attack rates by occupation are for three wards in which nurses worked. They also reported attack rates /1000 hours worked,Yes,Yes,No,No,Yes,Yes,No,804,1,Varia 2003
5eff39463bf6aac2d4a7d3d5a820e221,882,SARS-CoV,Samantha,Wilson-Clark,"Household Transmission Of Sars, 2003",10.1503/cmaj.050876,Cmaj,2006,175,10,1219,1223,FALSE,"secondary attack rate. Reported for individuals and households.
""Other"" risk factors for index cases are: duration of exposure; share kitchen towels; share bathroom cup
""Other"" risk factors for cohabitants are: hand washing; share kitchen towel and more",No,Yes,No,Yes,Yes,Yes,No,882,1,Wilson-Clark 2006
972280fc723f7f5f9a0bec2c41553674,893,SARS-CoV,A,Wilder-Smith,"Asymptomatic Sars Coronavirus Infection Among Healthcare Workers, Singapore",10.3201/eid1107.041165,Emerg Infect Dis,2005,11,7,1142,1145,FALSE,"""Other"" outcome is ""asymptomatic SARS""
""Other"" risk factors are: use of gloves; handwashing; distance to patient; contact time (not significant). use of mask (significant)",No,No,Yes,No,Yes,Yes,No,893,1,Wilder-Smith 2005
52c40c4d4162ed705f9212bf5b3514fc,948,SARS-CoV,Mao-Ti,Wei,"The Sars Outbreak In A General Hospital In Tianjin, China: Clinical Aspects And Risk Factors For Disease Outcome",10.1111/j.1365-3156.2009.02347.x,Trop Med Int Health,2009,14,1,60,70,FALSE,"CFR disaggregated by suspected & probable cases
""Other"" risk factors are: healthworker/inpatient; use of respiratory machine; mean hormone dosage; maximum hormone dosage; use of rush therapy.",Yes,No,Yes,Yes,Yes,No,No,948,1,Wei 2009
c46ae707b9ff80b994bb8829ddcd11d3,965,SARS-CoV,Glenn,Webb,Critical Role Of Nosocomial Transmission In The Toronto Sars Outbreak,10.3934/mbe.2004.1.1,Math Biosci Eng,2004,1,1,1,13,FALSE,NA,Yes,Yes,Yes,Yes,NA,NA,NA,965,1,Webb 2004
de06e475426397db99f1129571527f06,999,SARS-CoV,Zhi-gang,Wang,Molecular Biological Analysis Of Genotyping And Phylogeny Of Severe Acute Respiratory Syndrome Associated Coronavirus,NA,Chinese Medical Journal,2004,117,1,42,48,FALSE,"There is no time dimension: the ""rate"" is mutation sites per site (bp).
Values for 15 genes reported.",No,No,No,No,Yes,No,No,999,1,Wang 2004
831c4b471ad62edb35174367c1fce451,1023,SARS-CoV,Xiang-Sheng,Wang,Richards Model Revisited: Validation By And Application To Infection Dynamics,10.1016/j.jtbi.2012.07.024,Journal Of Theoretical Biology,2012,313,NA,12,19,FALSE,NA,Yes,No,Yes,Yes,No,No,No,1023,1,Wang 2012
8f3b0f7d7d4aa9d6e2752088ed039278,1036,SARS-CoV,Wendi,Wang,Simulating The Sars Outbreak In Beijing With Limited Data,10.1016/j.jtbi.2003.11.014,Journal Of Theoretical Biology,2004,227,3,369,379,FALSE,In addition to R0; the paper includes functions for a number of other parameters but no single values or explicit ranges.,Yes,Yes,Yes,Yes,Yes,Yes,Yes,1036,1,Wang 2004
87f777883805a23fb93bb0eddd77d6bc,1046,SARS-CoV,,Wang,"The Sars Outbreak In A General Hospital In Tianjin, China -- The Case Of Super-Spreader",10.1017/S095026880500556X,Epidemiology & Infection,2006,134,4,786,791,FALSE,NA,Yes,No,No,No,No,Yes,No,1046,1,Wang 2006
1f24967a25c5132a5ab56a1759b309a6,1090,SARS-CoV,Kum-Ying,Tham,An Emergency Department Response To Severe Acute Respiratory Syndrome: A Prototype Response To Bioterrorism,10.1016/s019606440300828x,Annals Of Emergency Medicine,2004,43,1,6,14,FALSE,NA,No,No,No,No,Yes,No,No,1090,1,Tham 2004
c4368746ad30f21a13dd8969705a4069,1102,SARS-CoV,,TELEMAN,Factors Associated With Transmission Of Severe Acute Respiratory Syndrome Among Health-Care Workers In Singapore,10.1017/S0950268804002766,Epidemiology & Infection,2004,132,5,797,803,FALSE,NA,Yes,Yes,Yes,Yes,Yes,Yes,No,1102,1,TELEMAN 2004
adb7e88bb0dc108ee1ec3dc8eaf7bd83,1153,SARS-CoV,,Tan,Management Of Inpatients Exposed To An Outbreak Of Severe Acute Respiratory Syndrome (Sars),10.1016/j.jhin.2004.06.013,J Hosp Infect,2004,58,3,210,215,FALSE,NA,Yes,No,Yes,No,Yes,No,No,1153,1,Tan 2004
350913835bedbc0139a90527d39b188c,1183,SARS-CoV,Wilson Ws,Tam,Estimating Incubation Period With Multiple Contact Days,10.1080/00365540601113719,Scand J Infect Dis,2007,39,NA,609,611,FALSE,NA,Yes,No,Yes,Yes,Yes,No,No,1183,1,Tam 2007
31f4452287bff6dede4e8e1c6626bd4e,1217,SARS-CoV,Tomislav,Svoboda,Public Health Measures To Control The Spread Of The Severe Acute Respiratory Syndrome During The Outbreak In Toronto,10.1056/NEJMoa032111,N Engl J Med,2004,350,23,2352,2361,FALSE,NA,Yes,Yes,Yes,Yes,No,Yes,No,1217,1,Svoboda 2004
8b4d303a26bf192b5c74d5e2c0954bf3,1236,SARS-CoV,JJY,Sung,Severe Acute Respiratory Syndrome: Report Of Treatment And Outcome After A Major Outbreak,10.1136/thx.2003.014076,Thorax,2004,59,5,414,420,FALSE,Risk factors: Univariate analyses of clinical and laboratory parameters associated with the use of intravenous pulse methylprednisolone,Yes,Yes,Yes,No,Yes,Yes,No,1236,1,Sung 2004
08f9425a6c44b3d9b8f07ba00446e2df,1365,SARS-CoV,PA,Tuan,Sars Transmission In Vietnam Outside Of The Health-Care Setting,10.1017/s0950268806006996,Epidemiol Infect,2007,135,3,392,401,FALSE,NA,Yes,No,Yes,Yes,No,No,No,1365,1,Tuan 2007
5a1fc5875358e009cad89bb2e682f0f4,1396,SARS-CoV,OT,Tsang,Coronavirus-Positive Nasopharyngeal Aspirate As Predictor For Severe Acute Respiratory Syndrome Mortality,10.3201/eid0911.030400,Emerg Infect Dis,2003,9,11,1381,1387,FALSE,Serology reported separately for RT-PCR-positive (Par ID 10) and RT-PCR-negative (Par ID 11).,Yes,Yes,Yes,Yes,Yes,Yes,Yes,1396,1,Tsang 2003
c1854ed84e26015be5f375fbae944521,1401,SARS-CoV,KW,Tsang,A Cluster Of Cases Of Severe Acute Respiratory Syndrome In Hong Kong,10.1056/NEJMoa030666,N Engl J Med,2003,348,20,1977,1985,FALSE,Incubation period is only presented as a range due to the inability to definitively identify dates of exposure for several patients. Disaggregated by individual.,Yes,Yes,NA,NA,Yes,Yes,Yes,1401,1,Tsang 2003
1112e21ec4fa862f8204c717a5b3f4e8,1408,SARS-CoV,Ming-Han,Tsai,Seroprevalence Of Sars Coronavirus Among Residents Near A Hospital With A Nosocomial Outbreak,10.1016/s0929-6646(08)60205-3,J Formos Med Assoc,2008,107,11,885,891,FALSE,NA,Yes,No,NA,NA,Yes,Yes,No,1408,1,Tsai 2008
4c59794fc568ca32e7e8012c3b95b065,1510,SARS-CoV,Yu-ling,Shi,Seroepidemiological Study On Sars-Cov Igg Antibodies Of Different Populations From Several Areas,NA,International Journal Of Biomedical Science,2005,1,1,72,75,FALSE,Treated healthy and infected people separately so can't generate an overall seroprevelance,Yes,Yes,NA,NA,No,No,No,1510,1,Shi 2005
81936622a2010f753ab8515c0f36ffed,1530,SARS-CoV,Zhuang,Shen,"Superspreading Sars Events, Beijing, 2003",10.3201/eid1002.030732,Emerg Infect Dis,2004,10,2,256,260,FALSE,Other RF: Being a superspreader,Yes,Yes,Yes,No,No,Yes,No,1530,1,Shen 2004
7902e9b563c16a903180540d1992210f,1564,SARS-CoV,Guifang,Shang,"Theoretically Estimated Risk Of Severe Acute Respiratory Syndrome Transmission Through Blood Transfusion During An Epidemic In Shenzhen, Guangdong, China In 2003",10.1016/j.transci.2007.09.004,Transfusion And Apheresis Science,2007,37,3,233,240,FALSE,estimates the risk of transmission via blood transfusion. No parameter of interest to extract.,Yes,Yes,Yes,Yes,Yes,Yes,Yes,1564,1,Shang 2007
deac6ebf6d9b68bf71e9f25f3811b56e,1582,SARS-CoV,W,Seto,Effectiveness Of Precautions Against Droplets And Contact In Prevention Of Nosocomial Transmission Of Severe Acute Respiratory Syndrome (Sars),10.1016/S0140-6736(03)13168-6,Lancet,2003,361,9368,1519,1520,FALSE,NA,No,Yes,Yes,Yes,Yes,No,No,1582,1,Seto 2003
ad5d36b5a031aa324f63399dad34366b,1641,SARS-CoV,Stephanie,Schrag,"Sars Surveillance During Emergency Public Health Response, United States, March-July 2003",10.3201/eid1002.030752,Emerging Infectious Diseases,2004,10,2,195,194,FALSE,other useful info The median time between symptom onset and reporting suspect or probable cases to CDC decreased during the first 12 weeks of national surveillance from 8 to 3 days,Yes,Yes,Yes,Yes,Yes,Yes,No,1641,1,Schrag 2004
76b0bca4c99cdd3bfd9f964de7b7bbf9,1672,SARS-CoV,Shigui,Ruan,The Effect Of Global Travel On The Spread Of Sars,10.3934/mbe.2006.3.205,Mathematical Biosciences,2006,3,1,205,218,FALSE,multi-patch compartmental model not fitted to data. Nothing to extract.,Yes,Yes,Yes,No,NA,NA,NA,1672,1,Ruan 2006
ea050e69c6086f6b59b8e35a084a3b94,1778,SARS-CoV,Hual-Dong,Song,Cross-Host Evolution Of Severe Acute Respiratory Syndrome Coronavirus In Palm Civet And Human,10.1073/pnas.0409608102,Proc Natl Acad Sci U S A,2005,102,7,2430,2435,FALSE,The substitution rate is non synonymous and measured per site per day,Yes,No,Yes,No,No,No,No,1778,1,Song 2005
839d25ec0904757b2d92a8719b7b6436,1906,SARS-CoV,,Roberts,Modelling Strategies For Minimizing The Impact Of An Imported Exotic Infection,10.1098/rspb.2004.2865,Proc Biol Sci,2004,271,1555,2411,2415,FALSE,"The model uses a renewal equation but that accounts for depletion of susceptibles; so not just a branching process; and not a compartmental model either. 
They model isolation of cases",Yes,Yes,Yes,Yes,NA,NA,NA,1906,1,Roberts 2004
b6387721e3e75bab0047d8f9f785b943,1929,SARS-CoV,Steven,Riley,Transmission Dynamics Of The Etiological Agent Of Sars In Hong Kong: Impact Of Public Health Interventions,10.1126/science.1086478,Science,2003,300,5627,1961,1966,FALSE,"R0 and Rt estimates are exluding super-spreading events which are modelled separately. 
All central estimates are MLE.
Risk factor is for onwards transmission.
Generation time is defined as the 'infectiousness-weighted disease generation time'",Yes,Yes,Yes,Yes,Yes,Yes,Yes,1929,1,Riley 2003
9a78532c577d5881f1e9d3d3b325efc4,1954,SARS-CoV,,Reynolds,"Factors Associated With Nosocomial Sars-Cov Transmission Among Healthcare Workers In Hanoi, Vietnam, 2003",10.1186/1471-2458-6-207,Bmc Public Health,2006,6,NA,207,NA,FALSE,NA,Yes,No,Yes,Yes,Yes,Yes,No,1954,1,Reynolds 2006
7c39a33df640c31e05aaa73c0a72dc52,2006,SARS-CoV,E,Rea,Duration And Distance Of Exposure Are Important Predictors Of Transmission Among Community Contacts Of Ontario Sars Cases,10.1017/S0950268806007771,Epidemiol. Infect,2007,135,6,914,921,FALSE,Lots of info in this paper. Both adjusted and unadjusted riskfactors. I have extracted adjusted.,Yes,Yes,Yes,Yes,Yes,Yes,No,2006,1,Rea 2007
8783aa422d0999980247473d8a349804,2043,SARS-CoV,Janet,Raboud,"Risk Factors For Sars Transmission From Patients Requiring Intubation: A Multicentre Investigation In Toronto, Canada",10.1371/journal.pone.0010717,Plos One,2010,5,5,NA,NA,FALSE,Riskfactor of hcw caring for sars patient being infected. Use of ppe etc was significant but not captured in our dropdown. Entered as other. Univariate and multivariate both present; I have exextracted multivariate results.,Yes,Yes,Yes,Yes,Yes,Yes,Yes,2043,1,Raboud 2010
3aee4999edcd51053ed1923e0e1f49ad,2083,SARS-CoV,,Woo,Relative Rates Of Non-Pneumonic Sars Coronavirus Infection And Sars Coronavirus Pneumonia,10.1016/s0140-6736(04)15729-2,Lancet,2004,363,9412,841,845,FALSE,Seroprevalence - Unspecified is described in the paper as 'nwew confirmed to have specific SARS-CoV antibodies by both the nucleocapsid protein and spike polypeptide western blot assays',Yes,Yes,NA,NA,Yes,Yes,Yes,2083,1,Woo 2004
11f80b05f55434729a33f8fe37aff571,2089,SARS-CoV,Wing-Wai,Wong,Clinical Characteristics Of Fatal Patients With Severe Acute Respiratory Syndrome In A Medical Center In Taipei,NA,J Chin Med Assoc,2003,66,6,323,327,TRUE,"Fatal cases had a age range of 29-76 years with a median age of 65.
Reports nosocomial infections.",Yes,No,NA,NA,Yes,No,No,2089,1,Wong 2003
6167a3a6c3e6a64b3a856d903b588581,2099,SARS-CoV,Tze-wai,Wong,"Cluster Of Sars Among Medical Students Exposed To Single Patient, Hong Kong",10.3201/eid1002.030452,Emerging Infectious Diseases,2004,10,2,269,276,FALSE,"Retrospective cohort study.  Call the attack rate attack rate but think its more of a secondary attack rate. ""Attack rate of students by history of visit to index patient’s cubicle in the ward""",Yes,Yes,Yes,Yes,Yes,Yes,No,2099,1,Wong 2004
1b87d8745d744bdaa99709155e5df783,2142,SARS-CoV,,Scales,Illness In Intensive Care Staff After Brief Exposure To Severe Acute Respiratory Syndrome,10.3201/eid0910.030525,Emerging Infectious Diseases,2003,9,10,1205,1210,FALSE,NA,Yes,Yes,NA,NA,Yes,Yes,No,2142,1,Scales 2003
ce8c17501057fe2e84adf8edd4034d05,2223,SARS-CoV,,Pitzer,"Estimating Variability In The Transmission Of Severe Acute Respiratory Syndrome To Household Contacts In Hong Kong, China",10.1093/aje/kwm082,Am J Epidemiol,2007,166,3,355,363,FALSE,"Further uncertainty estimates (CI) provided for incubation period. 
Probability of transmission was also estimated - not reported in parameters as ""secondary attach rate"" was not used as terminology.",Yes,Yes,Yes,Yes,Yes,Yes,Yes,2223,0,Pitzer 2007
f47291bd8d9a06bfe4b16e830222df10,2308,SARS-CoV,J S M,Peiris,Clinical Progression And Viral Load In A Community Outbreak Of Coronavirus-Associated Sars Pneumonia: A Prospective Study,NA,Lancet,2003,361,9371,1767,1772,FALSE,NA,Yes,Yes,Yes,Yes,Yes,Yes,Yes,2308,0,Peiris 2003
5296ec79c26b7f08fcf235c22b5bd8bf,2311,SARS-CoV,Li-ying,PEI,Investigation Of The Influencing Factors On Severe Acute Respiratory Syndrome Among Health Care Workers,10.19723/j.issn.1671-167x.2006.03.039,Journal Of Peking University (Health Sciences),2006,38,3,271,275,FALSE,Risk factors (both protective and risk) for healthcare workers.,Yes,Yes,NA,NA,Yes,No,No,2311,0,PEI 2006
b522d00843130cdb11ce4cabf98c67f7,2326,SARS-CoV,Corey,Peak,Comparing Nonpharmaceutical Interventions For Containing Emerging Epidemics,10.1073/pnas.1616438114,Proc Natl Acad Sci U S A,2017,114,15,4023,4028,FALSE,Parameter which is not included in database for now: time of peak infectiousness.,Yes,Yes,Yes,Yes,Yes,Yes,Yes,2326,0,Peak 2017
abbf0236a09a0e22e2210f90a8225e02,2408,SARS-CoV,Xinghuo,Pang,"Evaluation Of Control Measures Implemented In The Severe Acute Respiratory Syndrome Outbreak In Beijing, 2003",10.1001/jama.290.24.3215,Jama,2003,290,24,3215,3221,FALSE,NA,Yes,Yes,Yes,Yes,Yes,Yes,Yes,2408,0,Pang 2003
e8ebcab6c2237ded4e84e9c35da8b76e,2459,SARS-CoV,Li-Yang,Hsu,Severe Acute Respiratory Syndrome In Singapore,NA,Arch Dis Child,2004,89,6,551,556,FALSE,NA,No,Yes,Yes,Yes,Yes,Yes,Yes,2459,0,Hsu 2004
050bc48330ba5c502b1348e5e3d28ad7,2498,SARS-CoV,Babak,Pourbohloul,Modeling Control Strategies Of Respiratory Pathogens,10.3201/eid1108.040449,Emerg Infect Dis,2005,11,8,1249,1256,FALSE,Proof of concept rather than to provide specific quantitative recommendations for urban control of communicable diseases such as SARS,Yes,Yes,Yes,Yes,Yes,Yes,Yes,2498,0,Pourbohloul 2005
f26f65f7e2752081ae26086d7c76eeba,2541,SARS-CoV,Sonia J,Olsen,Transmission Of The Severe Acute Respiratory Syndrome On Aircraft,10.1056/NEJMoa031349,New England Journal Of Medicine,2003,349,25,2416,2422,FALSE,Attack rates for 3 flights calculated in two ways: 1) no. of persons with documented illness/no. of persons interviewed; and 2) no. of persons believed to be ill/total no. of persons on the aircraft,Yes,Yes,Yes,Yes,Yes,Yes,Yes,2541,0,Olsen 2003
8aeb385a793628a255a9d478f22566f3,2610,SARS-CoV,Ayako,Nishiyama,"Risk Factors For Sars Infection Within Hospitals In Hanoi, Vietnam",NA,Jpn J. Infect. Dis.,2008,61,5,388,390,FALSE,NA,No,No,Yes,No,Yes,No,No,2610,0,Nishiyama 2008
4183f50c205a8d4d5f69d5209e476117,2611,SARS-CoV,H,Nishiura,"Modelling Potential Responses To Severe Acute Respiratory Syndrome In Japan: The Role Of Initial Attack Size, Precaution, And Quarantine",10.1136/jech.2003.014894,J Epidemiol Community Health,2004,58,3,186,191,FALSE,Uses epidemic modelling values of Hong Kong for Japan due to similar population densities and lifestyles (assumption). Assumes contact pattern is linearly related to population size; and an attack of 10 initial cases in the population.,No,No,Yes,Yes,NA,NA,NA,2611,0,Nishiura 2004
d1b7cd0981c642a53001ea9cfac1c575,2613,SARS-CoV,Hiroshi,Nishiura,"Rapid Awareness And Transmission Of Severe Acute Respiratory Syndrome In Hanoi French Hospital, Vietnam",NA,Am J Trop Med Hyg,2005,73,1,17,25,FALSE,NA,Yes,Yes,Yes,Yes,Yes,Yes,No,2613,0,Nishiura 2005
06af5aa24c1bff1c54fedf1e622113a7,2614,SARS-CoV,Hiroshi,Nishiura,Early Epidemiological Assessment Of The Virulence Of Emerging Infectious Diseases: A Case Study Of An Influenza Pandemic,10.1371/journal.pone.0006852,Plos One,2009,4,8,1,8,FALSE,Empirical datasets of SARS for Hong Kong (2003) and S-OIV infection in USA and Canada (2009) are analysed to calculate confirmed CFR (cCFR); using only confirmed cases at an early stage of the epidemic.,Yes,Yes,Yes,Yes,No,Yes,Yes,2614,0,Nishiura 2009
528bef128f685c929438059acf27bd43,2650,SARS-CoV,Tuen Wai,Ng,A Double Epidemic Model For The Sars Propagation,10.1186/1471-2334-3-19,Bmc Infect Dis,2003,3,NA,1,16,FALSE,Uses the SEIRP (P=protected) model; fitted to the total number of confirmed cases; to the SARS outbreak focusing on the impact of a hypothetical disease 'B' which offers some level of protection against SARS.,Yes,Yes,Yes,Yes,No,No,No,2650,0,Ng 2003
bdb76124250f724bd995a4230b56a986,2712,SARS-CoV,,Meltzer,Multiple Contact Dates And Sars Incubation Periods,10.3201/eid1002.030426,Emerg Infect Dis,2004,10,2,207,209,FALSE,NA,Yes,Yes,No,No,No,Yes,No,2712,0,Meltzer 2004
82f1528c1761e4eeecc3bf1655e6ae48,2766,SARS-CoV,G,McLeod,Sensitivity And Uncertainty Analyses For A Sars Model With Time-Varying Inputs And Outputs,NA,Math Biosci Eng,2006,3,3,527,544,FALSE,NA,Yes,Yes,Yes,Yes,NA,NA,NA,2766,0,McLeod 2006
c055305942e5ce856c210b02965067a9,2792,SARS-CoV,,McBryde,Bayesian Modelling Of An Epidemic Of Severe Acute Respiratory Syndrome,10.1007/s11538-005-9005-4,Bull Math Biol,2006,68,4,889,917,FALSE,NA,Yes,Yes,Yes,Yes,No,Yes,Yes,2792,0,McBryde 2006
edbab2f3e3ed549c758b4cf7f6f6de77,2838,SARS-CoV,N,Masuda,Transmission Of Severe Acute Respiratory Syndrome In Dynamical Small-World Networks,10.1103/PhysRevE.69.031917,Phys Rev E Stat Nonlin Soft Matter Phys,2004,69,3,31917,NA,FALSE,NA,Yes,No,No,No,NA,NA,NA,2838,0,Masuda 2004
9695d2e847b67f562ceb1ff1f62b2229,2839,SARS-CoV,E,Massad,Forecasting Versus Projection Models In Epidemiology: The Case Of The Sars Epidemics,10.1016/j.mehy.2004.09.029,Med Hypotheses,2005,65,1,17,22,FALSE,NA,No,No,Yes,No,No,No,No,2839,0,Massad 2005
ca15f5956984d63f5589c5bfe0a1d336,2944,SARS-CoV,P,Magal,Final Size Of A Multi-Group Sir Epidemic Model: Irreducible And Non-Irreducible Modes Of Transmission,10.1016/j.mbs.2018.03.020,Math Biosci,2018,301,NA,59,67,FALSE,NA,Yes,No,No,No,NA,NA,NA,2944,0,Magal 2018
9999eff46bb079c980b84e99e2a6ed78,3028,SARS-CoV,M,Muller,Early Diagnosis Of Sars: Lessons From The Toronto Sars Outbreak,10.1007/s10096-006-0127-x,Eur J Clin Microbiol Infect Dis,2006,25,4,230,237,FALSE,NA,Yes,No,Yes,Yes,Yes,Yes,No,3028,0,Muller 2006
09559161b4afcea19ac65f79819d05eb,3042,SARS-CoV,Anuj,Mubayi,A Cost-Based Comparison Of Quarantine Strategies For New Emerging Diseases,10.3934/mbe.2010.7.687,Math Biosci Eng,2010,7,3,687,717,FALSE,A theoretical model to assess cost-effectiveness. Uses model parameters from the literature but does not actually fit to any case date.,Yes,Yes,Yes,Yes,NA,NA,NA,3042,0,Mubayi 2010
35903733dc70e18475f86e4095240850,3047,SARS-CoV,Carlee,Moser,The Impact Of Prior Information On Estimates Of Disease Transmissibility Using Bayesian Tools,10.1371/journal.pone.0118762,Plos One,2015,10,3,118762,NA,FALSE,A Bayesian model of estimating R0 and serial interval. 3 estimates under 3 prior assumptions are given for both Hong Kong and Singapore - 6 estimates in total; each with a credible interval range; which we give as a total range.,Yes,Yes,Yes,Yes,No,Yes,Yes,3047,0,Moser 2015
2e16a9549d195bd75dc0c216bf012d65,3095,SARS-CoV,Hongying,Mo,Longitudinal Profile Of Antibodies Against Sars-Coronavirus In Sars Patients And Their Clinical Significance,10.1111/j.1440-1843.2006.00783.x,Respirology,2006,11,1,49,53,FALSE,The paper is mainly presenting some seroprevalence numbers; however these aren't usable; as the samples aren't independent; and are time-varying. And some of the sums don't make sense… So we only extract the mean hospital duration.,Yes,No,No,NA,Yes,No,No,3095,0,Mo 2006
07fa8946482ba8b081e849cd61cfa991,3225,SARS-CoV,Hai-Ying,Lu,Clinical Features Of Probable Severe Acute Respiratory Syndrome In Beijing,10.3748%2Fwjg.v11.i19.2971,World J Gastroenterol,2005,11,19,2971,2974,FALSE,This is mostly just a list of clinical symptoms. One thing of note is what appears to be a mean time in hospitalisation and time between onset and hospitalisation.,No,No,No,NA,No,No,NA,3225,0,Lu 2005
c55f1f7846e6876256f134f10c0dee6a,3272,SARS-CoV,Mark,Loeb,"Sars Among Critical Care Nurses, Toronto",10.3201/eid1002.030838,Emerging Infectious Diseases,2004,10,2,251,255,FALSE,"Identifies intubation as high risk activity for nurses
N95 masks provide significant protection from infection",Yes,No,NA,NA,Yes,Yes,No,3272,0,Loeb 2004
b89e0cd67f1446551964f8d43fbdc412,3282,SARS-CoV,,Lloyd-Smith,Superspreading And The Effect Of Individual Variation On Disease Emergence,10.1038/nature04153,Nature,2005,438,7066,355,359,FALSE,R0 for Beijing pre-control measures includes gen 1 & 2 (rather than just gen 2),Yes,Yes,Yes,Yes,Yes,Yes,Yes,3282,0,Lloyd-Smith 2005
5c1509ee7619923af88286e70f936968,3284,SARS-CoV,,Lloyd-Smith,Curtailing Transmission Of Severe Acute Respiratory Syndrome Within A Community And Its Hospital,10.1098/rspb.2003.2481,Proceedings Royal Society B,2003,270,1528,1979,1989,FALSE,NA,Yes,Yes,Yes,Yes,Yes,Yes,Yes,3284,0,Lloyd-Smith 2003
00055fe7c22f675aa35bcab99e13df62,3329,SARS-CoV,Shelan,Liu,Comparative Epidemiology Of Human Infections With Middle East Respiratory Syndrome And Severe Acute Respiratory Syndrome Coronaviruses Among Healthcare Personnel,10.1371/journal.pone.0149988,Plos One,2016,11,3,NA,NA,FALSE,reports data for Taiwan over SARS outbreak for HCW vs non-HCW,Yes,Yes,NA,NA,Yes,No,No,3329,0,Liu 2016
3d283fb19d4683e107a353da5dbf66af,3342,SARS-CoV,Min,Liu,Epidemiological Features Of Severe Acute Respiratory Syndrome In Beijing Urban And Suburb Areas In 2003,NA,Biomed Environ Sci,2005,18,4,227,237,TRUE,Risk factor specified is the infection risk between urban and suburban areas in Beijing.,Yes,Yes,NA,NA,Yes,No,No,3342,0,Liu 2005
f6bd17b19d301666a7d6f8e08347e923,3343,SARS-CoV,Min,Liu,"Risk Factors For Sars-Related Deaths In 2003, Beijing",NA,Biomedical And Environmental Sciences,2006,19,5,336,339,FALSE,Other risk factor name for unadj non-sig is general contact with SARS+ person. Other risk factor name for adj and unadj sig is interval between onset and hospital visit shorter than 1 day.,No,No,No,No,No,No,No,3343,0,Liu 2006
01ca9ae02bd883d83c019454d6f7b579,3352,SARS-CoV,Jien-Wei,Liu,"Epidemiologic Study And Containment Of A Nosocomial Outbreak Of Severe Acute Respiratory Syndrome In A Medical Center In Kaohsiung, Taiwan",10.1086/504501,Infection Control And Hospital Epidemiology,2006,27,5,466,472,FALSE,The IgG seroprev reported (n=15) is among HCWs who survived the nosocomial outbreak & who were tested 1-3 months later. IgG seroprev among HCW (n=115) is among asymptomatic HCWs who worked in the hospital during outbreak.,Yes,Yes,Yes,No,Yes,No,No,3352,0,Liu 2006
649cbd613dfa319dfc1ea153bca8b67a,3375,SARS-CoV,Marc,Lipsitch,Transmission Dynamics And Control Of Severe Acute Respiratory Syndrome,10.1126/science.1086616,Science,2003,300,5627,1966,1970,FALSE,There is one estimate of serial interval over long time period and another over first 2 weeks; and weekly estimates shown in Figures 1E and 1F. R0 range is based on serial interval ranging from 8-12 days. Reff is disaggregated by week in Figure 1B.,Yes,Yes,Yes,Yes,Yes,Yes,Yes,3375,0,Lipsitch 2003
47f69bd2059a6c2ca8a17a2aa0fd5976,3394,SARS-CoV,Aadrita,Nandi,Stochastic Two-Group Models With Transmission Dependent On Host Infectivity Or Susceptibility,10.1080/17513758.2018.1538462,Journal Of Biological Dynamics,2018,13,1,201,224,FALSE,NA,Yes,Yes,Yes,Yes,NA,NA,NA,3394,0,Nandi 2019
0cf31402933bc924b02279b0da9d2d74,3421,SARS-CoV,Kun,Lin,"Environmental Factors On The Sars Epidemic: Air Temperature, Passage Of Time And Multiplicative Effect Of Hospital Infection",10.1017/S0950268805005054,Epidemiology And Infection,2006,134,2,223,230,FALSE,RFs are for inci of SARS. HCWs: mean air temp; protective gear for HCWs; and # of SARS pts in ICU. Amoy Gardens: quarantine and mean air temp. Community: mean air temp; epidemic day; multiplicative eff of hosp inf; prop of pts in ICU,Yes,Yes,No,No,Yes,Yes,No,3421,0,Lin 2006
e528679847a8b1871fba81ee8eb02495,3449,SARS-CoV,Hwee-Kheng,Lim,Severe Acute Respiratory Syndrome In A Medical Center In Taipei,NA,J Microbiol Immunol Infect,2003,36,3,161,168,FALSE,"Study done on patients with probable SARS admitted to hospital. Median incub period was presented with +/- 3.5; not specified what this value is. ""Other"" risk factors were various clinical/laboratory measurements.",Yes,Yes,No,No,No,No,No,3449,0,Lim 2003
196304251f1a9e829a9c965abed9a34c,3468,SARS-CoV,,Liao,Modelling Respiratory Infection Control Measure Effects,10.1017/S0950268807008631,Epidemiology And Infection,2008,136,3,299,308,FALSE,R0 is reported as a geometric mean,Yes,Yes,No,No,Yes,No,No,3468,0,Liao 2008
3fe18f49bb43e16673cef2791f0072a5,3469,SARS-CoV,Chung-Min,Liao,A Probabilistic Transmission Dynamic Model To Assess Indoor Airborne Infection Risks,10.1111/j.1539-6924.2005.00663.x,Risk Analysis,2005,25,5,1097,1107,FALSE,Model is SIR model with breathing-dependent R0. R0 distributions for a hospital and school are also presented; but not extracted; since these were calcualted using data fitted to a different hospital.,No,No,No,No,NA,NA,NA,3469,0,Liao 2005
6c9e1292868727fc6417377666435c7e,3477,SARS-CoV,Wan-Nian,Liang,Epidemiological Characteristics Of An Outbreak Of Severe Acute Respiratory Syndrome In Dongcheng District Of Beijing From March To May 2003,NA,Biomedical And Environmental Sciences,2003,16,4,305,313,TRUE,The IgG (param ID 20) is in probable cases only; but the CFR  (param ID 21) and onset-admission delay  (param ID 25) are for both suspected and probable cases.,Yes,Yes,NA,NA,Yes,No,No,3477,0,Liang 2003
09c95c2b7f28abf1ce231b21322fbaf7,3478,SARS-CoV,Wannian,Liang,"Severe Acute Respiratory Syndrome, Beijing, 2003",10.3201/eid1001.030553,Emerging Infectious Diseases,2004,10,1,25,31,FALSE,CFRs; death risk factor; incubation period and IGG are in probable cases only. The two CFRs were calculated up until different time periods: mid-outbreak and post-outbreak. IgG is disaggregated over time since disease onset.,Yes,Yes,NA,NA,No,Yes,No,3478,0,Liang 2004
e7d1d7c245bf4a55b46c5bac0e48d06a,3479,SARS-CoV,,Liang,Hindsight: A Re-Analysis Of The Severe Acute Respiratory Syndrome Outbreak In Beijing,10.1016/j.puhe.2007.02.023,Public Health,2007,121,10,725,733,FALSE,This serves as a re-estimation of some of the parameters in Covidence 3478 (incl. CFRs) - be careful of duplication in meta-analysis. Based on probable cases only. Note that risk factor is for mortality (deaths/100k) not death as in CFR.,Yes,Yes,NA,NA,Yes,No,No,3479,0,Liang 2007
4e6cd8c1227b48c43bd86c748dc6bd78,3497,SARS-CoV,Yugao,Li,Predicting Super Spreading Events During The 2003 Severe Acute Respiratory Syndrome Epidemics In Hong Kong And Singapore,10.1093/aje/kwh273,American Journal Of Epidemiology,2004,160,8,719,728,FALSE,NA,No,No,Yes,Yes,NA,NA,NA,3497,0,Li 2004
a58042ea851ea734d91dcc25c23fa879,3609,SARS-CoV,,Kuk,The Estimation Of Sars Incubation Distribution From Serial Interval Data Using A Convolution Likelihood,10.1002/sim.2123,Statistics In Medicine,2005,24,16,2525,2537,FALSE,95th percentile of the incubation time distribution 9.66 days (SE=0.5) justifying 10 day quarantine period.,Yes,Yes,Yes,Yes,No,Yes,No,3609,0,Kuk 2005
15e928ff4c48d5338a498073d919f4ee,3645,SARS-CoV,Ralf,Krumkamp,Impact Of Public Health Interventions In Controlling The Spread Of Sars: Modelling Of Intervention Scenarios,10.1016/j.ijheh.2008.01.004,International Journal Of Hygiene And Environmental Health,2009,212,1,67,75,FALSE,NA,No,No,No,No,No,No,No,3645,0,Krumkamp 2009
b26e0de39e3a8ebff81df72ebaa472d5,3685,SARS-CoV,Lingcai,Kong,Modeling Heterogeneity In Direct Infectious Disease Transmission In A Compartmental Model,10.3390/ijerph13030253,International Journal Of Environmental Research And Public Health,2016,13,3,NA,NA,FALSE,"models overdispersion using SEIR model. 
Considers parameter estimate for k pre and post interventions.
Can compute R0 from parameter estimates: R0=2.25 (expected lifetime = 70 years)",Yes,Yes,Yes,Yes,Yes,Yes,Yes,3685,0,Kong 2016
0639bbba65e8b7179400774a87f04895,3716,SARS-CoV,Sheung-Fat,Ko,Severe Acute Respiratory Syndrome: Prognostic Implications Of Chest Radiographic Findings In 52 Patients,10.1148/radiol.2323031547,Thoracic Imaging,2004,233,1,173,181,FALSE,NA,Yes,Yes,NA,NA,Yes,Yes,No,3716,0,Ko 2004
077790e0215746d54eb05ef8d227a016,3717,SARS-CoV,Patrick Chow-In,Ko,Emergency Medical Services Utilization During An Outbreak Of Severe Acute Respiratory Syndrome (Sars) And The Incidence Of Sars-Associated Coronavirus Infection Among Emergency Medical Technicians,10.1197/j.aem.2004.03.016,Acad Emerg Med,2004,11,9,903,911,FALSE,NA,Yes,Yes,NA,NA,Yes,Yes,No,3717,0,Ko 2004
724f185e939eab24108e29ea1abf5b89,3726,SARS-CoV,Don,Klinkenberg,The Effectiveness Of Contact Tracing In Emerging Epidemics,10.1371/journal.pone.0000012,Plos One,2006,1,NA,NA,NA,FALSE,model using previously fitted parameters to explore contact tracing effectiveness for different diseases,Yes,Yes,Yes,Yes,NA,Yes,Yes,3726,0,Klinkenberg 2006
f46b38b8915c0b727a5a5eff28b77372,3917,SARS-CoV,,Lau,"Sars In Three Categories Of Hospital Workers, Hong Kong",10.3201/eid1008.040041,Emerging Infectious Diseases,2004,10,8,1399,1404,FALSE,"Attack rates for HCW across public hospitals in HKG (with SARS infections).
Also records mean attack rate across hospital of 1.06% (median 0.59%) with SD of 1.31
Time disaggreagtion pre & post 17 Apr 2003",Yes,Yes,NA,NA,Yes,Yes,No,3917,0,Lau 2004
68448ee89da2912c21a1795341a89211,3919,SARS-CoV,Joseph,Lau,"Sars Transmission, Risk Factors, And Prevention In Hong Kong",10.3201/eid1004.030628,Emerg Infect Dis,2004,10,4,587,592,FALSE,NA,Yes,Yes,Yes,Yes,Yes,Yes,NA,3919,0,Lau 2004
bcc809768a09e7893421e38749d95548,3920,SARS-CoV,Joseph,Lau,"The Use Of An Herbal Formula By Hospital Care Workers During The Severe Acute Respiratory Syndrome Epidemic In Hong Kong To Prevent Severe Acute Respiratory Syndrome Transmission, Relieve Influenza-Related Symptoms, And Improve Quality Of Life: A Prospective Cohort Study",10.1089/acm.2005.11.49,J Altern Complement Med,2005,11,1,49,55,FALSE,NA,Yes,No,No,No,No,Yes,No,3920,0,Lau 2005
eb902141c5ccea9eccd0d421057cab2b,3921,SARS-CoV,Joseph,Lau,Probable Secondary Infections In Households Of Sars Patients In Hong Kong,10.3201/eid1002.030626,Emerg Infect Dis,2004,10,2,235,243,FALSE,NA,Yes,Yes,Yes,Yes,Yes,Yes,Yes,3921,0,Lau 2004
5af4b9f767332f25f404e17264e18790,3926,SARS-CoV,Joseph,Lau,Sars Transmission Among Hospital Workers In Hong Kong,10.3201/eid1002.030534,Emerg Infect Dis,2004,10,2,280,286,FALSE,NA,No,Yes,No,NA,Yes,Yes,Yes,3926,0,Lau 2004
47733257aacf98701054c657fffb5d8a,3931,SARS-CoV,Eric HY,Lau,"A Comparative Epidemiologic Analysis Of Sars In Hong Kong, Beijing And Taiwan",10.1186/1471-2334-10-50,Bmc Infect Dis,2010,10,50,NA,NA,FALSE,"Some of the human delays don't have sample sizes. You can calculate them from the SI info; but I've followed the ""no maths"" rule",Yes,Yes,Yes,Yes,Yes,Yes,Yes,3931,0,Lau 2010
1eae59447fd1956ca6022b186e49aeeb,3932,SARS-CoV,Eric HY,Lau,Effectiveness Of Ribavirin And Corticosteroids For Severe Acute Respiratory Syndrome,10.1016/j.amjmed.2009.07.018,Am J Med,2009,122,12,11,21,FALSE,NA,Yes,No,Yes,No,Yes,Yes,Yes,3932,0,Lau 2009
a2776e56689c242ac1deb4ff63985d85,3934,SARS-CoV,Arthur Chun-Wing,Lau,Outcome Of Coronavirus-Associated Severe Acute Respiratory Syndrome Using A Standard Treatment Protocol,10.1111/j.1440-1843.2004.00588.x,Respirology,2004,9,2,173,183,FALSE,"A paper looking at impact of treatment options on time to recovery. They do technically have some info on ""all-cause mortality rate"" however I have not extracted this; because there's some inconsistencies in how it's written and not an indep sample.",Yes,Yes,Yes,Yes,Yes,No,No,3934,0,Lau 2004
d74b71cb8fb34d547c0b3b3b0211cf1d,3991,SARS-CoV,Poh-Chin,Lai,Spatio-Temporal And Stochastic Modelling Of Severe Acute Respiratory Syndrome,10.4081/gh.2013.65,Geospat Health,2013,8,1,183,192,FALSE,NA,Yes,No,No,No,Yes,Yes,Yes,3991,0,Lai 2013
818ec30e4c4e44830f7f1fa188a3c162,4011,SARS-CoV,Kin On,Kwok,Using Models To Identify Routes Of Nosocomial Infection: A Large Hospital Outbreak Of Sars In Hong Kong,10.1098/rspb.2006.0026,Proc Biol Sci,2007,274,1610,611,617,FALSE,NA,No,No,Yes,Yes,Yes,Yes,Yes,4011,0,Kwok 2007
ad4064136ca837012e89cc855a3d340e,4101,SARS-CoV,Jia,Na,Case Fatality Of Sars In Mainland China And Associated Risk Factors,10.1111/j.1365-3156.2008.02147.x,Trop Med Int Health,2009,NA,NA,NA,NA,FALSE,NA,Yes,No,NA,NA,Yes,No,Yes,4101,0,Na 2009
61597542beda5ccc7a8e21ed49e44533,4107,SARS-CoV,Nicholas,Jewell,Non-Parametric Estimation Of The Case Fatality Ratio With Competing Risks Data: An Application To Severe Acute Respiratory Syndrome (Sars),10.1002/sim.2691,Stat Med,2007,26,9,1982,1998,FALSE,NA,Yes,Yes,Yes,Yes,Yes,Yes,No,4107,0,Jewell 2007
0f19c16b8ff5380472b6cbdaf32660c7,4133,SARS-CoV,T-N,Jang,Severe Acute Respiratory Syndrome In Taiwan: Analysis Of Epidemiological Characteristics In 29 Cases,NA,J Infect,2004,48,1,23,31,FALSE,NA,Yes,No,NA,NA,Yes,No,No,4133,0,Jang 2004
1796f6f2207e56826267d049850b8806,4184,SARS-CoV,M,Ip,Seroprevalence Of Antibody To Severe Acute Respiratory Syndrome (Sars)-Associated Coronavirus Among Health Care Workers In Sars And Non-Sars Medical Wards,10.1086/421019,Clinical Infectious Diseases,2004,38,12,116,118,FALSE,"Two seroprevalences for SARS and non-SARS HCW
Range of attack rates for five hospital-based occupations",No,No,No,Yes,No,No,No,4184,0,Ip 2004
7d0acff551b51989f09174e359b89e08,4217,SARS-CoV,DM,Hwang,Pulmonary Pathology Of Severe Acute Respiratory Syndrome In Toronto,10.1038/modpathol.3800247,Modern Pathology,2005,18,1,1,10,FALSE,Time is for onset of symptoms to death for hospitalised patients,Yes,Yes,No,No,Yes,Yes,No,4217,0,Hwang 2005
f8e9521d1f0e0349f1875c2a7224a8c2,4233,SARS-CoV,IFN,Hung,Viral Loads In Clinical Specimens And Sars Manifestations,NA,Emerging Infectious Diseases,2009,10,9,NA,NA,FALSE,NA,Yes,Yes,Yes,Yes,Yes,No,No,4233,0,Hung 2004
68a1a13935268e71ca4a768b392b4559,4263,SARS-CoV,GM,Leung,Prevalence Of Sars-Cov Antibody In All Hong Kong Patient Contacts,NA,Hong Kong Med J,2009,15,6,27,29,FALSE,NA,Yes,Yes,NA,NA,Yes,Yes,No,4263,0,Leung 2009
ea494ce157f4e5a19ca6bc90fd2005ee,4264,SARS-CoV,GM,Leung,Epidemiology Of Sars In The 2003 Hong Kong Epidemic,NA,Hong Kong Med J,2009,15,6,12,16,FALSE,NA,No,Yes,No,No,Yes,Yes,No,4264,0,Leung 2009
2b8cc9d9c1963896a1353b75bf3d67d8,4267,SARS-CoV,,Leung,The Epidemiology Of Severe Acute Respiratory Syndrome In The 2003 Hong Kong Epidemic: An Analysis Of All 1755 Patients,10.7326/0003-4819-141-9-200411020-00006,Annals Of Internal Medicine,2004,141,9,662,673,FALSE,Risk factors in Table 1 have p-values but level of significance not defined other than comments in Discussion so some parameters extracted as significance unspecified.,Yes,Yes,Yes,Yes,Yes,Yes,Yes,4267,0,Leung 2004
452dc5a2c907f7660ecfffc0d7c33e57,4268,SARS-CoV,,Leung,Sars-Cov Antibody Prevalence In All Hong Kong Patient Contacts,10.3201/eid1009.040155,Emerging Infectious Diseases,2004,10,9,1653,1656,FALSE,NA,Yes,Yes,NA,NA,Yes,Yes,No,4268,0,Leung 2004
ecf09f19d9461a87d17460688fb75101,4271,SARS-CoV,Chi-wai,Leung,Severe Acute Respiratory Syndrome Among Children,10.1542/peds.113.6.e535,Pediatrics,2004,113,6,535,543,FALSE,Attack rate and CFR is for whole HK population <18y. Other parameters are for child cases in single hospital. Seroprevalence is split by clinical SARS and non-SARS. Risk factors in table 2 & 4 and text.,Yes,Yes,Yes,Yes,Yes,Yes,No,4271,0,Leung 2004
34843d03a07f06b41b6dd5d84ff3b3e6,4285,SARS-CoV,Hoe-Nam,Leong,Sars In Singapore--Predictors Of Disease Severity,NA,Annals Of The Academy Of Medicine; Singapore,2006,35,5,326,331,FALSE,CFR (11.8% p.328) looks incorrect. Should be 12.8% (=30/234). Cohort split between two hospitals (231 Tan Tock Seng Hospital and 3 Singapore General Hospital). Cohort included 41.8% healthcare workers (p.327). 2 human delays reported; disaggregated by ICU,No,No,No,No,Yes,NA,NA,4285,0,Leong 2006
89a3d3ab97812d32e13285defeb227c5,4286,SARS-CoV,Hoe-Nam,Leong,Clinical And Laboratory Findings Of Sars In Singapore,NA,Annals Academy Of Medicine,2006,35,5,332,339,FALSE,CFR 11.8% (p.235) looks like miscalculation. 30/234=12.8%.,No,No,No,No,Yes,Yes,Yes,4286,0,Leong 2006
3d3d2aa1aadc61a8d189c65e4532bb1c,4293,SARS-CoV,,Lekone,Bayesian Analysis Of Severe Acute Respiratory Syndrome: The 2003 Hong Kong Epidemic,10.1002/bimj.200710431,Biometrical Journal,2008,50,4,597,607,FALSE,CFR estimate (0.172) stated in paper as adjusted but value appears to be naïve.,Yes,Yes,Yes,Yes,Yes,Yes,Yes,4293,0,Lekone 2008
dd96630defff6cc00b7ffe47e2a1cba6,4305,SARS-CoV,,Lei,"Routes Of Transmission Of Influenza A H1n1, Sars Cov, And Norovirus In Air Cabin: Comparative Analyses",10.1111/ina.12445,Indoor Air,2018,28,3,394,403,FALSE,"The attack rate is defined as the number of infected divided by the number of inter
viewedsusceptible individuals.
Risk factor name: sitting 2 rows from an index case and sitting in an aisle seat (both on a plane).",Yes,No,Yes,No,Yes,Yes,No,4305,0,Lei 2018
41f1ca4cd154e99f7784b159fe87be22,4329,SARS-CoV,,Lee,Risk-Stratified Seroprevalence Of Severe Acute Respiratory Syndrome Coronavirus Among Children In Hong Kong,10.1542/peds.2005-1476,Pediatrics,2006,117,6,1156,1162,FALSE,"Total sample size: 714 (353 + 361)
Risk factor other: High-risk area (large community outbreaks) vs. low-risk area (no known cases)",Yes,Yes,NA,NA,Yes,Yes,No,4329,0,Lee 2006
00b18af991dd93eae3d1b5e92f189cbf,4333,SARS-CoV,,Lee,Role Of Laboratory Variables In Differentiating Sars-Coronavirus From Other Causes Of Community-Acquired Pneumonia Within The First 72 H Of Hospitalization,10.1007/s10096-006-0222-z,Eur J Clin Microbiol Infect Dis,2006,25,12,765,772,FALSE,"Risk factors (unlikely to be useful but captured for completeness) :
Other outcome: Non-SARS community-acquired pneumonia compared to SARS.
Other RF: mechanical ventilation
Sample size : 483 (181 + 303)",Yes,No,No,No,Yes,Yes,No,4333,0,Lee 2006
f9fe9b39e6ab405d05ebda0e73e33293,4334,SARS-CoV,,Lee,A Major Outbreak Of Severe Acute Respiratory Syndrome In Hong Kong,10.1056/NEJMoa030685,N Engl J Med,2003,348,20,1986,1994,FALSE,"Group included health care workers
CFR end survey date unspecified since paper says by ""day 21'' which supersedes the survey period
NOTE: Risk factor outcomes is the combined Outcome of ICU Care or Death",Yes,Yes,Yes,No,Yes,No,No,4334,0,Lee 2003
b1aaae995dbc996a554a785fd1e60849,4387,SARS-CoV,,Karlberg,Do Men Have A Higher Case Fatality Rate Of Severe Acute Respiratory Syndrome Than Women Do?,10.1093/aje/kwh056,Am J Epidemiol,2004,159,3,229,231,FALSE,"Not really disagg by occupation; since disagg is a subgroup analysis which excludes healthcare workers.
Risk factor other: interaction between age and sex.",Yes,Yes,Yes,No,Yes,Yes,No,4387,0,Karlberg 2004
e6765df4cff3eb10dbf0c667c34215fc,4451,SARS-CoV,Sze-Bi,Hsu,On The Role Of Asymptomatic Infection In Transmission Dynamics Of Infectious Diseases,10.1007/s11538-007-9245-6,Bull Math Biol,2008,70,1,134,155,FALSE,"Intervention: asymptomatic(or subclinical) infective class",Yes,No,Yes,No,NA,NA,NA,4451,0,Hsu 2008
baf826d7631e2a9247812f582bcd74b0,4455,SARS-CoV,Li-Yang,Hsu,Severe Acute Respiratory Syndrome (Sars) In Singapore: Clinical Features Of Index Patient And Initial Contacts,10.3201/eid0906.030264,Emerg Infect Dis,2003,9,6,713,717,FALSE,NA,Yes,No,Yes,Yes,Yes,No,NA,4455,0,Hsu 2003
a72370510a9602f40ec6df7e80a6ae71,4465,SARS-CoV,,Hsieh,"Quarantine For Sars, Taiwan",10.3201/eid1102.040190,Emerg Infect Dis,2005,11,2,278,282,FALSE,NA,Yes,Yes,NA,NA,Yes,NA,NA,4465,0,Hsieh 2005
da16cb039b00a827cad1b04f00cc0aa7,4466,SARS-CoV,,Hsieh,Impact Of Quarantine On The 2003 Sars Outbreak: A Retrospective Modeling Study,10.1016/j.jtbi.2006.09.015,J Theor Biol,2007,244,4,729,736,FALSE,NA,No,No,Yes,Yes,Yes,NA,NA,4466,0,Hsieh 2007
5fee5a6f5cb759851e226f17198605cb,4467,SARS-CoV,,Hsieh,Real-Time Forecast Of Multiphase Outbreak,10.3201/eid1201.050396,Emerg Infect Dis,2006,12,1,122,127,FALSE,NA,No,No,Yes,Yes,Yes,No,No,4467,0,Hsieh 2006
cde815d98ee33d91dcf11f8506e6af32,4469,SARS-CoV,,Hsieh,"Sars Outbreak, Taiwan, 2003",10.3201/eid1002.030515,Emerg Infect Dis,2004,10,2,201,206,FALSE,they fit to cumulative case numbers; don't provide any uncertainty around estimates; don't specify the sample sizes for those who die and do not die; no code available.,No,No,No,No,No,No,No,4469,0,Hsieh 2004
5d82e926f4e72d8c1cf4c15dd13a9782,4561,SARS-CoV,,Ho,Neutralizing Antibody Response And Sars Severity,10.3201/eid1111.040659,Emerg Infect Dis,2005,11,11,1730,1737,FALSE,Seroprevalence and risk factors thereof are all among SARS probable cases,No,Yes,NA,NA,Yes,NA,NA,4561,0,Ho 2005
cd060834dc0892870dc8fde36dcab9e3,4563,SARS-CoV,,Ho,Mild Illness Associated With Severe Acute Respiratory Syndrome Coronavirus Infection: Lessons From A Prospective Seroepidemiologic Study Of Health-Care Workers In A Teaching Hospital In Singapore,10.1086/381558,J Infect Dis,2004,189,4,642,647,FALSE,The mean and sd delay parameters are paired i.e. it's a mean +/- sd,Yes,Yes,NA,NA,Yes,Yes,No,4563,0,Ho 2004
146e78c7423524068866e23557f49fb2,4571,SARS-CoV,Alice,Ho,An Outbreak Of Severe Acute Respiratory Syndrome Among Hospital Workers In A Community Hospital In Hong Kong,10.7326/0003-4819-139-7-200310070-00008,Annals Of Internal Medicine,2003,139,7,564,567,FALSE,Weekly crude attack rate for 6 weeks starting 25 march reported. I have extracted the ar for week 1 only.,Yes,Yes,Yes,Yes,Yes,No,NA,4571,0,Ho 2003
e862a35e62700e122699a042ee25c933,4608,SARS-CoV,Kee-Tai,Goh,Epidemiology And Control Of Sars In Singapore,NA,Ann Acad Med Singap,2006,35,5,301,316,FALSE,NA,Yes,Yes,Yes,Yes,Yes,Yes,NA,4608,0,Goh 2006
157f53f713ace5d13488a65d365df1e8,4612,SARS-CoV,Denise Li-Meng,Goh,"Secondary Household Transmission Of Sars, Singapore",10.3201/eid1002.030676,Emerging Infectious Diseases,2004,10,2,232,234,FALSE,Age of index and contact are assessed as risk-factors. One is signf the other is not. Study is in hh contacts of probable cases,Yes,Yes,Yes,Yes,Yes,Yes,Yes,4612,0,Goh 2004
abaa106751dee6f8f6933b27031cdf86,4634,SARS-CoV,David SC,Hui,Severe Acute Respiratory Syndrome: Correlation Between Clinical Outcome And Radiologic Features,10.1148/radiol.2332031649,Radiology,2004,233,2,579,585,FALSE,NA,Yes,No,Yes,Yes,Yes,Yes,No,4634,0,Hui 2004
6145cf4f33c03d5c523b2e2eb870b941,4675,SARS-CoV,K,Glass,Evaluation Of Measures To Reduce International Spread Of Sars,10.1017/S0950268806005863,Epidemiol. Infect.,2006,134,5,1092,1101,FALSE,Considers border screening,No,Yes,Yes,Yes,NA,NA,NA,4675,0,Glass 2006
d872b04ac1fc69d10a2923324312e79a,4676,SARS-CoV,K,Glass,Predicting Case Numbers During Infectious Disease Outbreaks When Some Cases Are Undiagnosed,10.1002/sim.2523,Statistics In Medicine,2007,26,1,171,183,FALSE,NA,No,No,Yes,Yes,No,No,No,4676,0,Glass 2007
9393234eb1a4efd93a83055b50fb8031,4677,SARS-CoV,Julijana,Gjorgjieva,The Role Of Vaccination In The Control Of Sars,10.3934/mbe.2005.2.753,Math Biosci Eng,2005,2,4,753,769,FALSE,NA,Yes,Yes,Yes,Yes,NA,NA,NA,4677,0,Gjorgjieva 2005
61406368d6963987c738665e4fe80230,4704,SARS-CoV,Azra,Ghani,"Methods For Estimating The Case Fatality Ratio For A Novel, Emerging Infectious Disease",10.1093/aje/kwi230,Am J Epidemiol,2005,162,5,479,486,FALSE,NA,Yes,Yes,Yes,Yes,Yes,Yes,Yes,4704,0,Ghani 2005
89cf2ccc58efe1107f8e31addc2fac0d,4769,SARS-CoV,Alison,Galvani,Severe Acute Respiratory Syndrome: Temporal Stability And Geographic Variation In Case-Fatality Rates And Doubling Times,10.3201/eid0908.030334,Emerg Infect Dis,2003,9,8,991,994,FALSE,NA,Yes,Yes,No,No,No,No,No,4769,0,Galvani 2003
066bd3347f581e1bf0af3b1fdede4869,4796,SARS-CoV,Ayako,Fukutome,Mathematical Modeling Of Severe Acute Respiratory Syndrome Nosocomial Transmission In Japan: The Dynamics Of Incident Cases And Prevalent Cases,10.1111/j.1348-0421.2007.tb03978.x,Microbiol Immunol,2007,51,9,823,832,FALSE,NA,Yes,Yes,Yes,Yes,NA,NA,NA,4796,0,Fukutome 2007
28b264b8ebeeef0d255cc80b8b490bb6,4837,SARS-CoV,Christophe,Fraser,Factors That Make An Infectious Disease Outbreak Controllable,10.1073/pnas.0307506101,Pnas,2004,101,16,6146,6151,FALSE,NA,Yes,Yes,Yes,Yes,No,No,No,4837,1,Fraser 2004
266c1501338944010b7daac6c7775238,4844,SARS-CoV,Robert,Fowler,Critically Ill Patients With Severe Acute Respiratory Syndrome,10.1001/jama.290.3.367,Jama,2003,290,3,367,373,FALSE,NA,Yes,No,Yes,Yes,Yes,No,No,4844,0,Fowler 2003
b81bb70dce390f8bba6514265499bede,4845,SARS-CoV,Robert,Fowler,Transmission Of Severe Acute Respiratory Syndrome During Intubation And Mechanical Ventilation,10.1164/rccm.200305-715OC,Am J Respir Crit Care Med,2004,169,11,1198,1202,FALSE,NA,Yes,No,Yes,Yes,No,Yes,No,4845,0,Fowler 2004
2c008a0a175219279516c3281cb91919,5006,SARS-CoV,Fang,Han,Noninvasive Positive Pressure Ventilation Treatment For Acute Respiratory Failure In Sars,10.1007/s11325-004-0097-0,Sleep And Breathing,2004,8,2,97,106,FALSE,NA,Yes,Yes,Yes,Yes,Yes,No,No,5006,0,Han 2004
afcdd2e8b07fb91ac449f7693531874a,5011,SARS-CoV,Bin,Han,We Did The Right Thing: An Intervention Analysis Approach To Modeling Intervened Sars Propagation In Singapore,10.3233/978-1-60750-949-3-1246,Studies In Health Technology And Informatics,2004,107,NA,1246,1250,FALSE,NA,Yes,Yes,Yes,Yes,NA,NA,NA,5011,0,Han 2004
2dd0cda568e2e4a2ff89df48f315b6c1,5069,SARS-CoV,Abba,Gumel,Modelling Strategies For Controlling Sars Outbreaks,10.1098/rspb.2004.2800,Proceedings Of The Royal Society B: Biological Sciences,2004,271,1554,2223,2232,FALSE,NA,Yes,Yes,Yes,Yes,NA,NA,NA,5069,0,Gumel 2004
5ecf810319248581e3d20cf84af1853c,5154,SARS-CoV,A,Goubar,An Approach To Estimate The Number Of Sars Cases Imported By International Air Travel,10.1017/S0950268808001635,Epidemiology And Infection,2009,137,7,1019,1031,FALSE,NA,Yes,Yes,Yes,Yes,NA,NA,NA,5154,0,Goubar 2009
6a41aad5d0a05825978eb34b30d51775,5177,SARS-CoV,Charles,Gomersall,Short-Term Outcome Of Critically Ill Patients With Severe Acute Respiratory Syndrome,10.1007/s00134-003-2143-y,Intensive Care Medicine,2004,30,3,381,387,FALSE,The location isn't explicit; but all the authors are affiliated with Prince of Wales Hospital in Hong Kong.,Yes,No,No,No,No,No,No,5177,0,Gomersall 2004
9f592a6a4dbf325e4a79e88f3ea9b88c,5178,SARS-CoV,,Gomersall,Transmission Of Sars To Healthcare Workers. The Experience Of A Hong Kong Icu,10.1007/s00134-006-0081-1,Intensive Care Med,2006,32,4,564,569,FALSE,NA,No,No,Yes,Yes,Yes,No,No,5178,0,Gomersall 2006
2203ab615d9d226e412dcf76b7a6c7d3,5225,SARS-CoV,,Durham,Incorporating Individual Health-Protective Decisions Into Disease Transmission Models: A Mathematical Framework,10.1098/rsif.2011.0325,J R Soc Interface,2012,9,68,562,570,FALSE,NA,Yes,Yes,Yes,Yes,NA,NA,NA,5225,0,Durham 2012
2789e47c3b73a232abb79e47dae98885,5269,SARS-CoV,,Drake,Societal Learning In Epidemics: Intervention Effectiveness During The 2003 Sars Outbreak In Singapore,10.1371/journal.pone.0000020,Plos One,2006,1,NA,20,NA,FALSE,NA,Yes,Yes,Yes,Yes,No,Yes,Yes,5269,0,Drake 2006
0e13de910a7f603ea5bfa2722edb8548,5282,SARS-CoV,,Donnelly,Epidemiological Determinants Of Spread Of Causal Agent Of Severe Acute Respiratory Syndrome In Hong Kong,10.1016/s0140-6736(03)13410-1,Lancet,2003,361,9371,1761,1766,FALSE,NA,Yes,Yes,Yes,Yes,Yes,Yes,Yes,5282,0,Donnelly 2003
a40a01d395f273cd7606e47accf3c586,5361,SARS-CoV,Adisak,Denphedtnong,On The Dynamics Of Seirs Epidemic Model With Transport-Related Infection,10.1016/j.mbs.2013.07.001,Math Biosci,2013,245,2,188,205,FALSE,NA,Yes,Yes,Yes,Yes,NA,NA,NA,5361,0,Denphedtnong 2013
6ce9f701d09f18ba17269c2b76e0e817,5385,SARS-CoV,,Chowell,"Sars Outbreaks In Ontario, Hong Kong And Singapore: The Role Of Diagnosis And Isolation As A Control Mechanism",10.1016/S0022-5193(03)00228-5,J Theor Biol,2003,224,1,1,8,FALSE,NA,Yes,Yes,Yes,Yes,Yes,No,Yes,5385,0,Chowell 2003
1dac8a80f6b08b33f5f4e7920d624df3,5386,SARS-CoV,Gerardo,Chowell,Model Parameters And Outbreak Control For Sars,10.3201/eid1007.030647,Emerg Infect Dis,2004,10,7,1258,1263,FALSE,NA,Yes,Yes,No,Yes,No,No,No,5386,0,Chowell 2004
39868f2da5545b0380b42e4dcf5559bd,5387,SARS-CoV,Gerardo,Chowell,Transmission Characteristics Of Mers And Sars In The Healthcare Setting: A Comparative Study,10.1186/s12916-015-0450-0,Bmc Medicine,2015,13,210,NA,NA,FALSE,paired R and k.,No,No,Yes,Yes,Yes,No,No,5387,0,Chowell 2015
539eae2841e85ab38aa5c2c31d72db48,5393,SARS-CoV,Khuan Yew,Chow,"Outbreak Of Severe Acute Respiratory Syndrome In A Tertiary Hospital In Singapore, Linked To An Index Patient With Atypical Presentation: Epidemiological Study",10.1136/bmj.37939.465729.44,British Medical Journal,2004,328,7433,NA,NA,FALSE,NA,Yes,Yes,Yes,Yes,Yes,No,No,5393,0,Chow 2004
fdfd26d0796576522da669fdebea443a,5484,SARS-CoV,Zhilan,Feng,Timely Identification Of Optimal Control Strategies For Emerging Infectious Diseases,10.1016/j.jtbi.2009.03.006,Journal Of Theorectical Biology,2009,259,1,165,171,FALSE,"Fits to cumulative incidence.
Sd is uncertainty not spread.",Yes,No,Yes,No,No,No,No,5484,0,Feng 2009
41b1805964104311b984ceba63f9d459,5492,SARS-CoV,Dan,Feng,Duration Of Symptom Onset To Hospital Admission And Admission To Discharge Or Death In Sars In Mainland China: A Descriptive Study,10.1111/j.1365-3156.2008.02188.x,Tropical Medicine And International Health,2009,14,NA,28,35,FALSE,admission to death is geometric mean; others are artihmetic,Yes,Yes,Yes,Yes,Yes,No,No,5492,0,Feng 2009
bbc0eb539949e638b97f5af3752491fb,5493,SARS-CoV,Dan,Feng,The Sars Epidemic In Mainland China: Bringing Together All Epidemiological Data,10.1111/j.1365-3156.2008.02145.x,Tropical Medicine And International Health,2009,14,1,4,13,FALSE,"No sample sizes have been given for the delays because it isn't clear if all the data was complete.  CFR has information on numbers of people in sample and numbers of deaths.
All the patient data from China",Yes,Yes,Yes,Yes,No,Yes,Yes,5493,0,Feng 2009
36f4d29541e0b41ca4d92d6d25dc6890,5512,SARS-CoV,,Farewell,Sars Incubation And Quarantine Times: When Is An Exposed Individual Known To Be Disease Free?,10.1002/sim.2206,Statistics In Medicine,2005,24,22,3431,3445,FALSE,"paper which builds model to confirm that 10 days isolation is associated with the possibility of releasing 5% of patients to early. Reporting 95th percentile.
Main results are for log-gamma model of the maximum incubation time.",Yes,Yes,Yes,Yes,Yes,Yes,Yes,5512,0,Farewell 2005
1153e5d0815489a3040776541c429b32,5577,SARS-CoV,WCC,Chong,Presentation Of Severe Acute Respiratory Syndrome (Sars) Patients In A Screening Centre,NA,Singapore Med J,2005,46,4,161,164,FALSE,NA,Yes,Yes,NA,NA,Yes,Yes,NA,5577,0,Chong 2005
90f29d36b3f347620c4a1517342c49e1,5585,SARS-CoV,Kin,Choi,Outcomes And Prognostic Factors In 267 Patients With Severe Acute Respiratory Syndrome In Hong Kong,NA,Annals Of Internal Medicine,2003,139,9,715,723,FALSE,NA,Yes,Yes,Yes,Yes,Yes,Yes,Yes,5585,0,Choi 2003
01ece1946d0f12a401271125c44c4e61,5589,SARS-CoV,BCK,Choi,A Simple Approximate Mathematical Model To Predict The Number Of Severe Acute Respiratory Syndrome Cases And Deaths,NA,J Epidemiol Community Health,2003,57,10,831,835,FALSE,NA,Yes,No,Yes,No,Yes,Yes,No,5589,0,Choi 2003
4e537a51a64e49424ef152617f677b12,5595,SARS-CoV,Yi-Chun,Chiu,Diarrhea In Medical Care Workers With Severe Acute Respiratory Syndrome,NA,J Clin Gastroenterol,2004,38,10,880,882,FALSE,NA,Yes,Yes,NA,NA,Yes,Yes,No,5595,0,Chiu 2004
127cd4a9a6e3c7ca7c273959d9d44514,5635,SARS-CoV,Thomas,Chueng,Effectiveness Of Noninvasive Positive Pressure Ventilation In The Treatment Of Acute Respiratory Failure In Severe Acute Respiratory Syndrome,10.1378/chest.126.3.845,Clinical Investigations In Critical Care,2004,126,3,845,850,FALSE,NA,Yes,Yes,NA,NA,Yes,Yes,No,5635,0,Chueng 2004
3547b9b4f14a2c5d1262a74c545c2a40,5650,SARS-CoV,Y,Cheng,Use Of Convalescent Plasma Therapy In Sars Patients In Hong Kong,10.1007/s10096-004-1271-9,Eur J Clin Microbiol Infect Dis,2005,24,1,44,46,FALSE,NA,Yes,Yes,NA,NA,Yes,Yes,No,5650,0,Cheng 2005
5752ec85e2d3c62b2659da2d56ddbe34,5652,SARS-CoV,Yufeng,Cheng,Abo Blood Group And Susceptibility To Severe Acute Respiratory Syndrome,10.1001/jama.293.12.1450-c,Jama,2005,293,12,1450,1451,FALSE,NA,Yes,Yes,NA,NA,Yes,Yes,No,5652,0,Cheng 2005
8ef9e8d17e07eacae37b575ef671baae,5660,SARS-CoV,,Cheng,Viral Replication In The Nasopharynx Is Associated With Diarrhea In Patients With Severe Acute Respiratory Syndrome,10.1086/382681,Clinical Infectious Diseases,2004,38,4,467,475,FALSE,NA,Yes,Yes,NA,NA,Yes,Yes,Yes,5660,0,Cheng 2004
1d3bc41889bef2dbc09e6a59264ed153,5669,SARS-CoV,,Cheng,A Case-Control Study Of Sars Versus Community Acquired Pneumonia,10.1136/adc.2004.063446,Arch Dis Child,2005,90,7,747,749,FALSE,NA,Yes,Yes,NA,NA,Yes,No,No,5669,0,Cheng 2005
2481ba42116a9c6d79679cf40a97e14c,5675,SARS-CoV,Zheng,Chen,Statistical Evidence For The Usefulness Of Chinese Medicine In The Treatment Of Sars,10.1002/ptr.1485,Phytotherapy  Research,2004,18,7,592,594,FALSE,NA,No,No,No,No,Yes,No,No,5675,0,Chen 2004
18fd27d4eab5f5897805ef6ab543ef4f,5677,SARS-CoV,Zheng,Chen,Estimating The Case Fatality Rate Using A Constant Cure-Death Hazard Ratio,10.1007/s10985-009-9119-3,Lifetime Data Anal,2009,15,3,316,329,FALSE,NA,Yes,Yes,Yes,Yes,Yes,Yes,No,5677,0,Chen 2009
2c7c5b3fca0dde535408e9f856d4f2cd,5682,SARS-CoV,Yi-Ming Arthur,Chen,Epidemiological And Genetic Correlates Of Severe Acute Respiratory Syndrome Coronavirus Infection In The Hospital With The Highest Nosocomial Infection Rate In Taiwan In 2003,10.1128/jcm.44.2.359-365.2006,Journal Of Clinical Microbiology,2006,44,2,359,365,FALSE,Significant bias issue as 29.9% of staff population non responders and 26 out of 46 staff nosocomial infections missed.,Yes,No,Yes,No,Yes,Yes,No,5682,0,Chen 2006
4497b3ee2473b446d7ad5551cf036630,5703,SARS-CoV,Wei-Qing,Chen,"Anti-Sars-Cov Immunoglobulin G In Healthcare Workers, Guangzhou, China",10.3201/eid1101.040138,Emerging Infectious Diseases,2005,11,1,89,94,FALSE,Can calculate secondary attack rate of 8.3% (95/1147) but that's not stated in paper.,Yes,No,NA,NA,Yes,Yes,No,5703,0,Chen 2005
0669e2b2ae84c0c4cbaf32de72d54834,5704,SARS-CoV,Wei-Qing,Chen,Which Preventive Measures Might Protect Health Care Workers From Sars?,10.1186/1471-2458-9-81,Bmc Public Health,2009,9,NA,81,NA,FALSE,"Follow on paper to Covidence #5703. Risk factors for infection of HCW:
Caring for ""Super Spreading Patient""; Avoiding face to face contact while caring for SARS patients; Number of pairs of gloves worn; Method of air ventilation in office and SARS ward",Yes,Yes,NA,NA,Yes,Yes,No,5704,0,Chen 2009
d5582a713d7b1d0ef7efba44a4a5ca40,5722,SARS-CoV,,Chen,Predictive Models Of Control Strategies Involved In Containing Indoor Airborne Infections,10.1111/j.1600-0668.2006.00443.x,Indoor Air,2006,16,6,469,481,FALSE,"Enhanced air exchange and air filtration rates to control indoor airborne infections.
R0 model estimated using Wells-Riley mathematical equation.
Also reports proportion of asymptomatic cases 0.01-11% 90% CI",Yes,Yes,Yes,Yes,Yes,No,No,5722,0,Chen 2006
30af77d20b6ebd7eadabafc0e6137379,5731,SARS-CoV,Rong-chang,Chen,Treatment Of Severe Acute Respiratory Syndrome With Glucosteroids: The Guangzhou Experience,10.1378/chest.129.6.1441,Chest,2006,129,6,1441,1452,FALSE,"not recording IQR stated as a single number for parameters.
Significant risk reduction (outcome=death) for critical care patients only (as no death in non-critical cases).",Yes,Yes,NA,NA,Yes,Yes,No,5731,0,Chen 2006
462859509d87e212ebac5ee747851bbb,5735,SARS-CoV,Qi,Chen,Case Fatality Rate Of Severe Acute Respiratory Syndromes In Beijing,NA,Biomed Environ Sci,2005,18,4,220,226,FALSE,"Has disaggreated data on settings for Beijing in a number of different dimensions (range not captured as 0-100%)
Regional data for china 
International data.",Yes,No,NA,NA,Yes,Yes,No,5735,0,Chen 2005
56c73cf7b3b7b1bb74a440115f85218d,5741,SARS-CoV,Mark IC,Chen,Understanding The Super-Spreading Events Of Sars In Singapore,NA,Annals Academy Of Medicine Singapore,2006,35,6,390,394,FALSE,Reports on superspreading events in Tan Tock Seng Hospital before isolation of patient,Yes,No,Yes,Yes,Yes,Yes,No,5741,0,Chen 2006
d1da453f3aef4f0c9d71caf9a5f43eff,5742,SARS-CoV,Mark IC,Chen,Clinical And Epidemiological Predictors Of Transmission In Severe Acute Respiratory Syndrome (Sars),10.1186/1471-2334-6-151,Bmc Infectious Diseases,2006,6,NA,151,NA,FALSE,risk factors for infection: patients admitted to a non-isolation ward; delay to isolation; lactate dehydrogenase value > 650IU/L,Yes,Yes,NA,NA,Yes,Yes,No,5742,0,Chen 2006
9c51862946ada05ecd7df5d65f020a3f,5743,SARS-CoV,Mark,Chen,The Outbreak Of Sars At Tan Tock Seng Hospital--Relating Epidemiology To Control,NA,Annals Of The Academy Of Medicine Of Singapore,2006,35,5,317,325,FALSE,NA,Yes,Yes,NA,NA,Yes,Yes,No,5743,0,Chen 2006
0d0b4e72f2b37a51c8b013f08eb386de,5750,SARS-CoV,Kow-Tong,Chen,Sars In Taiwan: An Overview And Lessons Learned,10.1016/j.ijid.2004.04.015,International Journal Of Infectious Diseases,2005,9,2,77,85,FALSE,Three different CFRs: param 48 is in probable cases; param 50 in confirmed cases (directly due to SARS or SARS-related); param 51 in confirmed cases (directly due to SARS only).,Yes,No,NA,NA,Yes,No,No,5750,0,Chen 2005
08b099d466d0133eb506fedbf9cb37d7,5758,SARS-CoV,Hsin-Chi,Chen,Initial Otolaryngological Manifestations Of Severe Acute Respiratory Syndrome In Taiwan,10.1001/archotol.129.11.1157,Archives Of Otorhinolaryngology-Head & Neck Surgery,2003,129,11,1157,1160,FALSE,NA,Yes,Yes,NA,NA,Yes,No,No,5758,0,Chen 2003
2263de0b7121d538b5a646c12ed72596,5768,SARS-CoV,Tak Yeung,Chan,A Comparative Study Of Clinical Features And Outcomes In Young And Older Adults With Severe Acute Respiratory Syndrome,10.1111/j.1532-5415.2004.52362.x,Journal Of The American Geriatrics Society,2004,52,8,1321,1325,FALSE,Params 53-58 are delay; CFR and IgG for young <60 (group = PUI) and old > 60 (group = other) respectively,Yes,Yes,NA,NA,Yes,Yes,No,5768,0,Chan 2004
59b10413bb55afb5a56a6905806044e8,5771,SARS-CoV,Stewart,Chan,Chest Radiograph Screening For Severe Acute Respiratory Syndrome In The Ed,10.1016/j.ajem.2004.10.014,American Journal Of Emergency Medicine,2005,23,4,525,530,FALSE,NA,Yes,No,NA,NA,Yes,Yes,No,5771,0,Chan 2005
3c66b5cf66d144dd6cb9d2751d17556b,5861,SARS-CoV,Yan,Cui,Air Pollution And Case Fatality Of Sars In The People's Republic Of China: An Ecologic Study,10.1186/1476-069x-2-15,Environmental Health: A Global Access Science Source,2003,2,1,NA,NA,FALSE,NA,Yes,Yes,NA,NA,No,Yes,No,5861,0,Cui 2002
79dda7d4c0703240fd725eb139ca016b,5878,SARS-CoV,Benjamin,Cowling,Alternative Methods Of Estimating An Incubation Distribution: Examples From Severe Acute Respiratory Syndrome,10.1097/01.ede.0000254660.07942.fb,Epidemiology,2007,18,2,253,259,FALSE,Other fitted distributions were also reported (not extracted); but the authors use the lognormal as the central estimate based on the lowest AIC (which I extracted),Yes,Yes,Yes,Yes,Yes,Yes,Yes,5878,0,Cowling 2007
22719fb379df87e57aba720afd9c0646,5879,SARS-CoV,,Cowling,Clinical Prognostic Rules For Severe Acute Respiratory Syndrome In Low- And High-Resource Settings,10.1001/archinte.166.14.1505,Arch Intern Med,2006,166,14,1505,1511,FALSE,Significant 'other' risk factors were LDH level and neutrophil count. Non-sig risk factors were chest radiograph; oxygen saturation in room air; platelet and lymphocyte counts.,Yes,Yes,Yes,No,Yes,Yes,No,5879,0,Cowling 2006
fb8def143ba9506938378875573df010,5880,SARS-CoV,,Cowling,Effectiveness Of Control Measures During The Sars Epidemic In Beijing: A Comparison Of The Rt Curve And The Epidemic Curve,10.1017/S0950268807008722,Epidemiology & Infection,2008,136,4,562,566,FALSE,NA,Yes,Yes,Yes,Yes,No,Yes,No,5880,0,Cowling 2007
0f2a084e1064d464cef3ae3050a03628,5895,SARS-CoV,Anne,Cori,A New Framework And Software To Estimate Time-Varying Reproduction Numbers During Epidemics,10.1093/aje/kwt133,American Journal Of Epidemiology,2013,178,9,1505,1512,FALSE,EpiEstim,Yes,Yes,Yes,Yes,Yes,Yes,Yes,5895,0,Cori 2013
ee11a3aaf2ea6fe03aa90f483f972ebb,5896,SARS-CoV,Anne,Cori,Temporal Variability And Social Heterogeneity In Disease Transmission: The Case Of Sars In Hong Kong,10.1371/journal.pcbi.1000471,Plos Computational Biology,2009,5,8,NA,NA,FALSE,NA,Yes,Yes,Yes,Yes,Yes,Yes,Yes,5896,0,Cori 2009
710e5f23be7b8c907a1d97bd05e48094,5917,SARS-CoV,Vittoria,Colizza,Predictability And Epidemic Pathways In Global Outbreaks Of Infectious Diseases: The Sars Case Study,10.1186/1741-7015-5-34,Bmc Medicine,2007,5,34,NA,NA,FALSE,NA,No,Yes,Yes,Yes,No,No,No,5917,0,Colizza 2007
674c1d7a62a010cec0558d0f962bfaf7,5989,SARS-CoV,,Chu,Duration Of Rt-Pcr Positivity In Severe Acute Respiratory Syndrome,10.1183/09031936.04.00057804,European Respiratory Journal,2005,25,1,12,14,FALSE,"RF outcome is time to RT-PCR conversion. Sig RFs: + initial urine RT-PCR & receipt of LPV/r + standard treatment. Nonsig ""other"" RFs: need for pulse methylprednisolone rescue; diarrhea; first lactate dehydrogenase level; and initial viral load of NPA spec",Yes,Yes,Yes,Yes,Yes,No,No,5989,0,Chu 2005
d153a6327d722ccf8ddea3de12fa39a7,5999,SARS-CoV,Paul,Chan,Severe Acute Respiratory Syndrome-Associated Coronavirus Infection,10.3201/eid0911.030421,Emerg Infect Dis,2003,9,11,1453,1454,FALSE,NA,Yes,Yes,NA,NA,Yes,Yes,Yes,5999,0,Chan 2003
c7707d975e7ea2861019f156b1e439a3,6006,SARS-CoV,Louis,Chan,Risk Of Transmission Of Severe Acute Respiratory Syndrome To Household Contacts By Infected Health Care Workers And Patients,10.1016/j.amjmed.2003.11.011,Am J Med,2004,116,8,559,560,FALSE,NA,Yes,No,Yes,No,No,No,No,6006,0,Chan 2004
f8841bfef722b4ef76ea607765aa78c3,6008,SARS-CoV,Louis,Chan,Diagnostic Criteria During Sars Outbreak In Hong Kong,10.3201/eid1006.030618,Emerg Infect Dis,2004,10,6,1168,1170,FALSE,This compares diagnosed SARS with seroprevalence. We DON'T extract seroprevalence as it's not an independent population sample. It's testing suspected cases. We do however extract the age risk factor for seroprevalence,Yes,No,Yes,No,No,No,No,6008,0,Chan 2004
fd27c241f19193e12b2c9c1dff23bab5,6015,SARS-CoV,KS,Chan,Treatment Of Severe Acute Respiratory Syndrome With Lopinavir/Ritonavir: A Multicentre Retrospective Matched Cohort Study,NA,Hong Kong Med J,2003,9,6,399,406,FALSE,Mostly a study that compares the impact of specific drug administration; but there's death rates that can be extracted.,Yes,No,Yes,Yes,No,Yes,Yes,6015,0,Chan 2003
3916cfa6901e7f4f8f3879c313240a94,6022,SARS-CoV,JWM,Chan,Short Term Outcome And Risk Factors For Adverse Clinical Outcomes In Adults With Severe Acute Respiratory Syndrome (Sars),10.1136%2Fthorax.58.8.686,Thorax,2003,58,8,686,689,FALSE,NA,Yes,Yes,Yes,Yes,Yes,Yes,No,6022,0,Chan 2003
b778915747fb80dc8d580c664402419a,6023,SARS-CoV,JSK,Chan,Modelling Sars Data Using Threshold Geometric Process,10.1002/sim.2376,Stat Med,2006,25,11,1826,1839,FALSE,This is a geometric process model which doesn't extract any parameters that we have an interest in. Rather the ratio parameters; a; of geometric processes in 4 areas. (this is NOT reproduction number),Yes,No,No,No,No,No,No,6023,0,Chan 2006
358e25c1808995031440c56744026ce7,6029,SARS-CoV,Jane CK,Chan,Prognostication In Severe Acute Respiratory Syndrome: A Retrospective Time-Course Analysis Of 1312 Laboratory-Confirmed Patients In Hong Kong,10.1111/j.1440-1843.2007.01102.x,Respirology,2007,12,4,531,542,FALSE,Note some risk factors are significant AND not-significant because they do models for different times from admission; and no total; weirdly.,Yes,No,NA,NA,Yes,No,No,6029,0,Chan 2007
057b359e7c3d15e87df11a5680c3eefa,6068,SARS-CoV,Simon,Cauchemez,Estimating In Real Time The Efficacy Of Measures To Control Emerging Communicable Diseases,10.1093/aje/kwj274,American Journal Of Epidemiology,2006,164,6,591,597,FALSE,NA,Yes,Yes,Yes,Yes,NA,NA,NA,6068,0,Cauchemez 2006
4e6ee8b8b776955621fdf4181c7e847c,6069,SARS-CoV,Simon,Cauchemez,Real-Time Estimates In Early Detection Of Sars,10.3201/eid1201.050593,Emerging Infectious Diseases,2006,12,1,110,113,FALSE,NA,Yes,Yes,Yes,Yes,Yes,No,No,6069,0,Cauchemez 2006
457b8fb8fbd90ae0354e9431e6091941,6109,SARS-CoV,Chunxiang,Cao,Analysis Of Spatiotemporal Characteristics Of Pandemic Sars Spread In Mainland China,10.1155/2016/7247983,Biomed Research International,2016,2016,NA,NA,NA,FALSE,Spatiotemporal Bayesian Maximum Entropy method,Yes,Yes,No,No,No,No,No,6109,0,Cao 2016
b27663a44aa0e655298acdcf7dce8a29,6144,SARS-CoV,Quan-Cai,Cai,Refined Estimate Of The Incubation Period Of Severe Acute Respiratory Syndrome And Related Influencing Factors,10.1093/aje/kwj034,American Journal Of Epidemiology,2006,163,3,211,216,FALSE,"""Other"" is contact pattern and complete versus incomplete observations. Risk factor ""other"" outcome is incubation period. RF sig ""other"" is region/affected area and non sig ""other"" is contact pattern.",Yes,Yes,Yes,No,No,Yes,No,6144,0,Cai 2005
b5093f0206448e1853699735204e91e0,6145,SARS-CoV,Quan-Cai,Cai,Influence Of Meteorological Factors And Air Pollution On The Outbreak Of Severe Acute Respiratory Syndrome,10.1016/j.puhe.2006.09.023,Royal Institute Of Public Health,2007,121,4,258,265,FALSE,RF outcomes are for secondary attack rate. All RFs are 'other': daily avg temp; daily avg air pressure; daily avg relative humidity; daily avg wind velocity; daily hrs of sunshine; air pollution index,Yes,No,Yes,No,No,No,No,6145,0,Cai 2007
fd4cd4ae1409b513e9aec3cbba16c808,6239,SARS-CoV,Cheng-Yu,Chen,Clinical Features And Outcomes Of Severe Acute Respiratory Syndrome And Predictive Factors For Acute Respiratory Distress Syndrome,10.1016/s1726-4901(09)70124-8,Journal Of The Chinese Medical Association,2005,68,1,4,10,FALSE,Sero is among patients with suspected or probable SARS in the hospital on day 21 of hospitalization. Time in care is for survivors. RF outcome of severe disease was ARDS specifically,Yes,Yes,No,No,No,Yes,No,6239,0,Chen 2005
3c969db99b0b095f528808d8f766cf36,6258,SARS-CoV,Tai-nin,Chau,Value Of Initial Chest Radiographs For Predicting Clinical Outcomes In Patients With Severe Acute Respiratory Syndrome,10.1016/j.amjmed.2004.03.020,Am J Med,2004,117,4,249,254,FALSE,NA,Yes,No,NA,NA,No,Yes,No,6258,0,Chau 2004
a34390e55a20ee9b3911f2fbcb542db3,6290,SARS-CoV,Wei-Tien,Chang,Sars Exposure And Emergency Department Workers,10.3201/eid1006.030972,Emerg Infect Dis,2004,10,6,1117,1119,FALSE,NA,Yes,Yes,Yes,Yes,Yes,No,No,6290,0,Chang 2004
af8c014617c5ec7b6dc0ec0c20509b66,6296,SARS-CoV,Luan-Yin,Chang,Childhood Severe Acute Respiratory Syndrome In Taiwan And How To Differentiate It From Childhood Influenza Infection,10.1001/archpedi.158.11.1037,Arch Pediatr Adolesc Med,2004,158,11,1037,1042,FALSE,Only thing we want to extract is a throw-away mentioning of the incubation period range,Yes,No,No,NA,No,No,No,6296,0,Chang 2004
1f30bcadd6c3978ae970f53a251f522d,6301,SARS-CoV,Hsiao-Ling,Chang,Hematological And Biochemical Factors Predicting Sars Fatality In Taiwan,10.1016/s0929-6646(09)60183-2,J Formos Med Assoc,2006,105,6,439,450,FALSE,NA,Yes,Yes,NA,NA,No,Yes,Yes,6301,0,Chang 2006
fe6e04f93c20e975d6e871703b1502ba,6333,SARS-CoV,Christopher M,Booth,Clinical Features And Short-Term Outcomes Of 144 Patients With Sars In The Greater Toronto Area,10.1001/jama.289.21.JOC30885,Jama,2003,289,21,2801,2809,FALSE,NA,Yes,Yes,NA,NA,Yes,Yes,Yes,6333,0,Booth 2003
5218778136ae6c6839cfbbc9e84d08c5,6339,SARS-CoV,John,Bombardt,Congruent Epidemic Models For Unstructured And Structured Populations: Analytical Reconstruction Of A 2003 Sars Outbreak,10.1016/j.mbs.2006.05.004,Math Biosci,2006,203,2,171,203,FALSE,Hideously impenetrable article; and the bits that could be comprehended were littered with issues; dodgy model assumptions and tremendous overfitting. I would urge ignoring everything from this.,No,No,No,No,No,No,No,6339,0,Bombardt 2006
61293d3afe0ec0fd01150328e53ea570,6348,SARS-CoV,Johannes Antonie,Bogaards,The Potential Of Targeted Antibody Prophylaxis In Sars Outbreak Control: A Mathematic Analysis,10.1016/j.tmaid.2006.01.007,Travel Med Infect Dis,2007,5,2,70,78,FALSE,Peculiar little modelling study. All theoretical and not fit to actual data.,Yes,No,Yes,No,NA,No,No,6348,0,Bogaards 2007
ec872f2c6b206b506fef8c5533819e06,6465,SARS-CoV,,Becker,Controlling Emerging Infectious Diseases Like Sars,10.1016/j.mbs.2004.07.006,Math Biosci,2005,193,2,205,221,FALSE,A purely theoretical model; and they make up their own completely bonkers definition of R which is in no way the same as what is conventionally understood.,Yes,No,No,No,Yes,No,No,6465,0,Becker 2005
d11eca58a40c123e1a9896c23aa924f3,6554,SARS-CoV,Dirk,Brockmann,"The Hidden Geometry Of Complex, Network-Driven Contagion Phenomena",10.1126/science.1245200,Science,2013,342,6164,1337,1342,FALSE,An adapted metacommunity SIR model; used to show some international travel relationships; but no parameters to extract.,Yes,Yes,Yes,Yes,No,Yes,No,6554,0,Brockmann 2013
f83f2063914b2678e9729fe7b12dee05,6578,SARS-CoV,Fred,Brauer,Some Simple Nosocomial Disease Transmission Models,10.1007/s11538-015-0061-0,Bull Math Biol,2015,77,3,460,469,FALSE,Just some basic muck-about with some SIR models. Not fit to dat; or parameters given; and I'm unsure about several of his assumptions.,Yes,Yes,Yes,No,No,No,No,6578,0,Brauer 2015
c7bfee90b046cb7f24a84f6b7452708a,6607,SARS-CoV,Monica,Avendano,Clinical Course And Management Of Sars In Health Care Workers In Toronto: A Case Series,NA,Cmaj,2003,168,13,1649,1660,FALSE,NA,Yes,Yes,NA,NA,Yes,Yes,NA,6607,0,Avendano 2003
2ff3d478b25eba4721aa0e6fa883e55d,6663,SARS-CoV,Gregory,Antonio,Radiographic-Clinical Correlation In Severe Acute Respiratory Syndrome: Study Of 1373 Patients In Hong Kong,10.1148/radiol.2373041919,Radiology,2005,237,3,1081,1090,FALSE,"A mortality rate is given; then it's risk study based on some chest radiographs. I marked as ""other""",Yes,Yes,NA,NA,Yes,Yes,Yes,6663,0,Antonio 2005
50918d2d89cf9c119786d2ccff4705fc,6700,SARS-CoV,E,Alvarez,New Coronavirus Outbreak. Lessons Learned From The Severe Acute Respiratory Syndrome Epidemic,10.1017/s095026881400377x,Epidemiol Infect,2015,143,13,2882,2893,FALSE,"A SEIR model; that claims to fit to SARS data; however only through some generic ""iterative simulation""; i.e. I think they just picked numbers that looked okay. For this reason I won't be extracting these parameters.",No,No,Yes,No,No,No,No,6700,0,Alvarez 2015
b81af0733de4adecd5135deabb2f8582,6909,SARS-CoV,MEC,MEC,Molecular Evolution Of The Sars Coronavirus During The Course Of The Sars Epidemic In China,10.1126/science.1092002,Science,2004,303,5664,1666,1669,FALSE,NA,Yes,Yes,Yes,Yes,Yes,NA,NA,6909,0,NA 2004
321926f742caf5cc324efd2df81432f8,7020,SARS-CoV,Liying,Zhu,The Dynamics Of An Siqs Epidemic Model With Pulse Quarantine,10.1109/CCDC.2008.4597990,Ieee,2008,NA,NA,NA,NA,FALSE,Just a theoretical SIQS model that at one point they throw some parameters they say represent SARS into; no model fitting; they don't even compare model results to any data.,Yes,No,Yes,No,No,No,No,7020,0,Zhu 2008
3d0052f1f9265af3adafb02b43a0b1a4,7029,SARS-CoV,Yicang,Zhou,A Discrete Epidemic Model For Sars Transmission And Control In China,10.1016/j.mcm.2005.01.007,Mathematical And Computer Modelling,2004,40,13,1491,1506,FALSE,NA,Yes,Yes,No,No,No,No,No,7029,0,Zhou 2004
4610ae0963197ed8f8b8cbe9fa11f91c,7106,SARS-CoV,Zhibin,Zhang,The Outbreak Pattern Of The Sars Cases In Asia,10.1360/04wc0263,Chinese Science Bulletin,2004,49,17,1819,1823,FALSE,NA,Yes,Yes,No,No,No,No,No,7106,0,Zhang 2004
90fec4d52b73289f02befe38fe817a3b,7107,SARS-CoV,Zhibin,Zhang,The Outbreak Pattern Of Sars Cases In China As Revealed By A Mathematical Model,10.1016/j.ecolmodel.2007.01.020,Ecological Modelling,2007,204,NA,420,426,FALSE,NA,Yes,No,Yes,Yes,Yes,No,No,7107,0,Zhang 2007
dc1ca8e2e3381d8e044080bfd482bb11,7135,SARS-CoV,Juan,Zhang,A Compartmental Model For The Analysis Of Sars Transmission Patterns And Outbreak Control Measures In China,10.1016/j.amc.2003.12.131,Applied Mathematics And Computation,2005,162,2,909,924,FALSE,"Potential other intervention:
- Not sure if an intervention but they have a misdiagnosis rate
- Preventive and control measures (part of a simulation study) 

Model:
SEIR H (health workers); P (probable cases); D (diagnosed cases)",Yes,No,Yes,Yes,NA,NA,NA,7135,0,Zhang 2005
bb4e7f4ef59ba69ce9c4aba09c23605d,7256,SARS-CoV,Teruhiko,Yoneyama,A Hybrid Model For Disease Spread And An Application To The Sars Pandemic,10.18564/jasss.1782,Jasss,2012,15,1,NA,NA,FALSE,authors call it an agent-based model but it is a multi-patch seir model.,Yes,No,Yes,Yes,Yes,No,No,7256,0,Yoneyama 2012
b3d857f6affd406ff42d4325aab2e408,7260,SARS-CoV,paul,yip,"Reconstruction Of The Infection Curve For Sars Epidemic In Beijing, China Using A Back-Projection Method",10.1080/03610910701792562,Communications In Statistics-Simulation And Computation,2008,37,2,425,433,FALSE,NA,Yes,Yes,Yes,Yes,No,No,No,7260,0,yip 2008
14c38a04c069466cfc41e5b8ba09ec0b,7261,SARS-CoV,,Yip,"A Comparison Study Of Realtime Fatality Rates: Severe Acute Respiratory Syndrome In Hong Kong, Singapore, Taiwan, Toronto And Beijing, China",10.1111/j.1467-985X.2004.00345.x,Journal Of The Royal Statistical Society Series A-Statistics In Society,2005,168,NA,233,243,FALSE,"Survial model estimating real time CFR
Taiwan; Toronto results only available in a figure",Yes,Yes,Yes,Yes,Yes,Yes,Yes,7261,0,Yip 2005
043b86f40eeb2d7401b5765a189d5af3,7372,SARS-CoV,Xiefei,Yan,Optimal And Sub-Optimal Quarantine And Isolation Control In Sars Epidemics,10.1016/j.mcm.2007.04.003,Mathematical And Computer Modelling,2008,47,NA,235,245,FALSE,Theoretical model used for simulation studies to evaluate effectiveness of isolation and quarantine,Yes,Yes,Yes,Yes,Yes,No,No,7372,0,Yan 2008
a9f7dbda494c6b3c9f09d9661836ba62,7393,SARS-CoV,Zengwang,Xu,Effect Of Small-World Networks On Epidemic Propagation And Intervention,10.1111/j.1538-4632.2009.00754.x,Geographical Analysis,2009,41,3,263,282,FALSE,"Model only to capture. Evaluates interventions by considering max epidemic size and time to max epidemic size
Considers SIR states + vaccination & contact tracing",No,No,Yes,Yes,No,No,No,7393,0,Xu 2009
3a305023c42c8dc29e382adc42ba856f,7957,SARS-CoV,Qin,Wang,Interaction Of Media And Disease Dynamics And Its Impact On Emerging Infection Management,10.3934/dcdsb.2015.20.215,Discrete And Continuous Dynamical Systems-Series B,2015,20,1,215,230,FALSE,Barely passes the bar of inclusion. It's a theoretical model with highly wonky choices of SARS-specific model parameters and no attempt to see if the model is realistic.,Yes,No,No,No,No,No,No,7957,0,Wang 2015
75f2a1d4a1b90a908e3921cce92f7f11,8001,SARS-CoV,Haiying,Wang,Control Dynamics Of Severe Acute Respiratory Syndrome Transmission,10.1360/03ww0126,Chinese Science Bulletin,2003,48,24,2684,2687,FALSE,Odd little model that is designed in such a way that results will be tremendously overfit. Also not entirely clear how some aspects work or how fitting was carried out.,No,No,No,No,No,No,No,8001,0,Wang 2003
74b7e780e05b8c0809f734220b57e00c,8183,SARS-CoV,JJY,Sung,"Super-Spreading Events Of Sars In A Hospital Setting: Who, When, And Why?",NA,Hong Kong Medical Journal,2009,15,6,29,33,FALSE,Risk of super-spreading occuring in a hospital ward. None of the risk factors are ones we're monitoring though.,No,Yes,No,Yes,No,No,No,8183,0,Sung 2009
74bbd339ddadc721aa9e7eea9c97f5b3,8513,SARS-CoV,,Safi,Qualitative Study Of A Quarantine/Isolation Model With Multiple Disease Stages,10.1016/j.amc.2011.07.007,Applied Mathematics And Computation,2011,218,5,1941,1961,FALSE,Purely theoretical model with odd parameters they attribute to SARS. Not even a particularly good fit.,Yes,No,Yes,No,No,No,No,8513,0,Safi 2011
00c8b6599edcf6381cb871c5c3070dcf,8514,SARS-CoV,,Safi,Global Asymptotic Dynamics Of A Model For Quarantine And Isolation,10.3934/dcdsb.2010.14.209,Discrete And Continuous Dynamic Systems Series B,2010,14,1,209,231,FALSE,NA,Yes,No,Yes,Yes,NA,NA,NA,8514,0,Safi 2010
617e057e239b812823448e75b0440a2a,8759,SARS-CoV,Michael,Small,Super-Spreaders And The Rate Of Transmission Of The Sars Virus,10.1016/j.physd.2006.01.021,Physica D-Nonlinear Phenomena,2006,215,2,146,158,FALSE,"network based model.
Parameters described don't correspond to standard epi parameters
does cover SSE",Yes,Yes,Yes,Yes,Yes,No,No,8759,0,Small 2006
f161c9b0be3fb6de87f21d499772e1e1,8787,SARS-CoV,Supatcha,Siriprapaiwan,"Generalized Reproduction Numbers, Sensitivity Analysis And Critical Immunity Levels Of An Seqijr Disease Model With Immunization And Varying Total Population Size",10.1016/j.matcom.2017.10.006,Mathematics And Computers In Simulation,2018,146,NA,70,89,FALSE,Model uses parameters from other paper but compares impact of interventions through sensitivity analysis.,Yes,No,Yes,Yes,NA,No,No,8787,0,Siriprapaiwan 2018
8bbcf4cf81458d972002aad5ca7bf2c0,8847,SARS-CoV,Yaolin,Shi,Stochastic Dynamic Model Of Sars Spreading,10.1360/03wc0292,Chinese Science Bulletin,2003,48,13,1287,1292,FALSE,NA,No,No,No,No,NA,NA,NA,8847,0,Shi 2003
990aa6340ed3482bb77b136b0b841610,9416,SARS-CoV,Afia,Naheed,Numerical Study Of Sars Epidemic Model With The Inclusion Of Diffusion In The System,10.1016/j.amc.2013.12.062,Applied Mathematics And Computation,2014,229,NA,480,498,FALSE,Update of a previously described model with addition of diffusion,Yes,Yes,Yes,Yes,NA,NA,NA,9416,0,Naheed 2014
949d78ab428466f756aaafa282e52ef1,9786,SARS-CoV,Yoshiharu,Maeno,Discovering Network Behind Infectious Disease Outbreak,10.1016/j.physa.2010.07.014,Physica A,2010,389,21,4755,4768,FALSE,NA,Yes,No,Yes,Yes,NA,NA,NA,9786,0,Maeno 2010
d630cc0cc2de71b1eba7ac1da438721c,10063,SARS-CoV,Wei,Li,Effects Of Variant Rates And Noise On Epidemic Spreading,10.1088/0256-307x/28/5/058903,Chinese Physics Letters,2011,28,5,NA,NA,FALSE,NA,Yes,Yes,No,No,No,NA,NA,10063,0,Li 2011
0d15bd5383e390f4716536902a3fe84e,10270,SARS-CoV,Wei,Liu,Risk Factors For Sars Infection Among Hospital Healthcare Workers In Beijing: A Case Control Study,10.1111/j.1365-3156.2009.02255.x,Tropical Medicine And International Health,2009,14,1,52,59,FALSE,Detailed risk categories not captured in our form,Yes,Yes,Yes,Yes,Yes,No,No,10270,0,Liu 2009
3dbd8cfce16daa977caa75a65c8b7d08,10272,SARS-CoV,Tei-Chu,Liu,Mortality Factor Survey Of Severe Acute Respiratory Syndrome In Taiwan,10.1016/s1873-9598(09)70018-3,International Journal Of Gerontology,2009,3,1,31,38,FALSE,NA,Yes,Yes,No,No,Yes,No,No,10272,0,Liu 2009
5c0e7fca5b76fad03198b4aa79f5b651,10395,SARS-CoV,,Kuk,Estimating The Time-Varying Rate Of Transmission Of Sars In Singapore And Hong Kong Under Two Environments,10.1198/jasa.2009.0006,Journal Of The American Statistical Association,2009,104,485,88,96,FALSE,NA,Yes,Yes,Yes,Yes,No,No,No,10395,0,Kuk 2009
9cd14e804ab81715d2eb81217e3e1be7,10779,SARS-CoV,Jin,Zhen,A Cellular Automata Model With Probability Infection And Spatial Dispersion,1009-1963/2007/16(05)/1267-09,Chinese Physics,2007,16,5,1267,1275,FALSE,NA,Yes,Yes,Yes,Yes,NA,NA,NA,10779,0,Zhen 2007
e1e737a5a55a8ed6647d3408622d999b,10860,SARS-CoV,Chung-Yuan,Huang,A Network-Based Simulation Architecture For Studying Epidemic Dynamics,10.1177/0037549709340733,Simulation-Transactions Of The Society For Modeling And Simulation International,2010,86,5,351,368,FALSE,Impossible really to know what they've done.,No,No,No,No,No,No,No,10860,0,Huang 2010
e6136dc368abe497696d9300180f2467,10922,SARS-CoV,S,Hsu,The Final Size Of A Sars Epidemic Model Without Quarantine,10.1016/j.jmaa.2006.11.026,Journal Of Mathematical Analysis And Applications,2007,333,2,557,566,FALSE,NA,Yes,Yes,Yes,No,No,No,No,10922,0,Hsu 2007
776370f05b61936c526edb52fc9267f1,10924,SARS-CoV,s,Hsu,Modeling Intervention Measures And Severity-Dependent Public Response During Severe Acute Respiratory Syndrome Outbreak,10.1137/040615547,Siam J Appl Math,2006,66,2,627,647,FALSE,NA,Yes,Yes,Yes,No,No,No,No,10924,0,Hsu 2006
0e311786737c8b86969a223d671c5642,10951,SARS-CoV,J,Hsieh,Teaching Through Simulation: Epidemic Dynamics And Public Health Policies,10.1177/0037549706074487,Simulation,2006,82,11,731,759,FALSE,NA,No,Yes,No,Yes,Yes,NA,NA,10951,0,Hsieh 2006
0d46c84de5b12ea59b90acfe50641bb2,11000,SARS-CoV,T,Hollingsworth,Frequent Travelers And Rate Of Spread Of Epidemics,10.3201/eid1309.070081,Emerging Infectious Diseases,2007,13,9,1288,1294,FALSE,NA,Yes,Yes,Yes,Yes,Yes,Yes,Yes,11000,0,Hollingsworth 2007
deafe89cee5da1aeaa50228d46cce63a,11040,SARS-CoV,H,Hirose,Estimation Of The Number Of Failures In The Weibull Model Using The Ordinary Differential Equation,10.1016/j.ejor.2012.07.011,European Journal Of Operational Research,2012,223,3,722,731,FALSE,NA,No,Yes,Yes,Yes,Yes,No,No,11040,0,Hirose 2012
1005944061ad4ca414ca7cf9a83ba9c9,11041,SARS-CoV,H,Hirose,Estimation For The Size Of Fragile Population In The Trunsored And Truncated Models With Application To The Confidence Interval For The Case Fatality Ratio Of Sars,NA,Information,2009,12,1,33,50,FALSE,This value is a repeat of an analysis in article #11042,Yes,Yes,Yes,Yes,Yes,No,No,11041,0,Hirose 2009
3319e9b3a919f2077762730e888b9682,11042,SARS-CoV,H,Hirose,The Mixed Trunsored Model With Applications To Sars,10.1016/j.matcom.2006.06.031,Mathematics And Computers In Simulation,2007,74,6,443,453,FALSE,"two estimates using different censor times.
Table 2 reports simple CFRs by country.",Yes,Yes,Yes,Yes,Yes,No,No,11042,0,Hirose 2007
830074f51a27424311d52a28c9874b5d,11232,SARS-CoV,Xi,Huo,Modeling Of Contact Tracing In Epidemic Populations Structured By Disease Age,10.3934/dcdsb.2015.20.1685,Discrete And Continuous Dynamical Systems-Series B,2015,20,6,1685,1713,FALSE,NA,No,No,No,No,NA,NA,NA,11232,0,Huo 2015
cb3964a1ea6bc134201ca36409944dde,11544,SARS-CoV,Gao,Zong-Mao,Epidemic Spreading In A Multi-Compartment System,10.1088/0256-307x/29/2/028902,Chinese Physics Letters,2012,29,2,NA,NA,FALSE,NA,No,No,No,No,NA,NA,NA,11544,0,Zong-Mao 2012
d77a64cf2263ef81ac826c60e1bfb936,11599,SARS-CoV,Ryo,Fujie,Effects Of Superspreaders In Spread Of Epidemic,10.1016/j.physa.2006.08.050,Physica A  - Statistical Mechanics And Its Applications,2007,374,2,843,852,FALSE,Network model on lattice,No,No,Yes,No,NA,NA,NA,11599,0,Fujie 2007
f3003fc7c8d63db00ed7e97fec106082,11859,SARS-CoV,Feng,Chen,Nonparametric Estimation Of Multiplicative Counting Process Intensity Functions With An Application To The Beijing Sars Epidemic,10.1080/03610920701649035,Communications In Statistics—Theory And Methods,2008,37,2,294,306,FALSE,Counting-process model,No,No,No,No,NA,NA,NA,11859,0,Chen 2008
faa664359be7be7f214748b49cd70a30,11904,SARS-CoV,I-Shou,Chang,Non-Parametric Maximum-Likelihood Estimation In A Semiparametric Mixture Model For Competing-Risks Data,10.1111/j.1467-9469.2007.00567.x,Scandinavian Journal Of Statistics,2007,34,4,870,895,FALSE,NA,No,No,No,No,No,No,No,11904,0,Chang 2007
3df9df463658a10e2f1c00fa9acf96e7,11950,SARS-CoV,Finlay,Campbell,When Are Pathogen Genome Sequences Informative Of Transmission Events?,10.1371/journal.ppat.1006885,Plos Pathogens,2018,14,2,NA,NA,FALSE,NA,Yes,Yes,Yes,Yes,NA,NA,NA,11950,0,Campbell 2018
d9307aa2271993262335eaef750b99eb,12002,SARS-CoV,Wei,Duan,Heterogeneous And Stochastic Agent-Based Models For Analyzing Infectious Diseases Super Spreaders,10.1109/mis.2013.29,Ieee Intelligent Systems,2013,28,4,18,25,FALSE,NA,Yes,No,Yes,No,NA,NA,NA,12002,0,Duan 2013
f5287f1eb285dba20a47ba687fc6da1a,12073,SARS-CoV,Guanghong,Ding,Sars Epidemical Forecast Research In Mathematical Model,10.1360/04we0073,Chinese Science Bulletin,2004,49,21,2332,2338,FALSE,NA,No,No,No,No,No,No,No,12073,0,Ding 2004
c861824b504fee06c0f6283ea1ce9f45,12151,SARS-CoV,Sake,de Vlas,The Impact Of Public Health Control Measures During The Sars Epidemic In Mainland China,10.1111/j.1365-3156.2009.02348.x,Tropical Medicine And International Health,2009,14,NA,101,104,FALSE,NA,Yes,Yes,Yes,Yes,Yes,No,No,12151,0,de Vlas 2009
ac9a24e15a86b541bbe18ee831a0c9ba,12256,SARS-CoV,Ben,Cooper,Transmission Of Sars In Three Chinese Hospitals,10.1111/j.1365-3156.2009.02346.x,Tropical Medicine And International Health,2009,14,NA,71,78,FALSE,NA,Yes,Yes,Yes,Yes,Yes,Yes,No,12256,0,Cooper 2009
2c189ad1afe168518fff32fca1a840ce,12456,SARS-CoV,Haiping,Fang,On The Origin Of The Super-Spreading Events In The Sars Epidemic,10.1209/epl/i2004-10163-0,Europhysics Letters,2004,68,1,147,152,FALSE,NA,No,No,No,No,NA,NA,NA,12456,0,Fang 2004
e4425afe9b0fd2b2c6db38b834d8848a,13902,SARS-CoV,Hongwei,Zhang,Epidemiological Analysis Of 134 Cases Died Of Severe Acute Respiratory Syndromes,NA,Revue Internationale Des Services De Sante Des Forces Armees,2006,79,3,160,164,FALSE,NA,Yes,Yes,Yes,Yes,No,NA,NA,13902,0,Zhang 2006
d452ba87e5605d09f97ffc76b96af04c,22482,SARS-CoV,Vittoria,Colizza,Epidemic Predictions And Predictability In Complex Environments,10.1142/s1793048008000708,Biophysical Reviews And Letters,2008,3,1,217,226,FALSE,Utterly bizarre modelling paper that heavily obfuscates exactly what is happening. As far as I can tell they do have an SEIR model underpinning everything but they aren't particularly clear. Also not clear if they actually fit it to data or not.,No,No,No,No,No,No,No,22482,0,Colizza 2008
9955a133c2baed90c0c45e51afb46653,22666,SARS-CoV,Wenjun,Chang,Clinical Features Of Severe Acute Respiratory Syndrome In Two Hundred Twenty-Five Clinical Diagnosed Cases,NA,Revue Internationale Des Services De Sante Des Forces Armees,2006,79,2,97,102,FALSE,NA,Yes,Yes,Yes,Yes,No,NA,NA,22666,0,Chang 2006
acf7a11e5829741b0e9dc7f3170bce22,23202,SARS-CoV,Grace Wong,Bucchianeri,Is Sars A Poor Man's Disease? Socioeconomic Status And Risk Factors For Sars Transmission,10.2202/1558-9544.1209,Forum For Health Economics & Policy,2010,13,2,NA,NA,FALSE,A tobit model assessing impact of various risk factors against (importantly) an IMPUTED estimate of SARS incidence.,Yes,No,Yes,No,No,Yes,No,23202,0,Bucchianeri 2010
e8c00343605f1342f85b44335e828e79,24517,SARS-CoV,Runzi,He,A Hierarchical Intervention Scheme Based On Epidemic Severity In A Community Network,10.1007/s00285-023-01964-y,Journal Of Mathematical Biology,2023,87,2,NA,NA,FALSE,NA,Yes,No,Yes,No,No,No,No,24517,0,He 2023
aea265a9080c94a13d4d49d727f5108c,24598,SARS-CoV,Anupam,Khatua,Impact Of Human Mobility On The Transmission Dynamics Of Infectious Diseases,10.1007/s40974-020-00164-4,Energ. Ecol. Environ.,2020,5,5,389,406,FALSE,Minor lip service paid to SARS. Paper gives a linked SIR to SIR model for two locations; and plugs in some parameters cited from one paper for SARS.,Yes,No,No,No,No,No,No,24598,0,Khatua 2020
97d8525bb2ff840c7015ecf5c20c5652,24602,SARS-CoV,Soovoojeet,Jana,Population Dispersal And Optimal Control Of An Seir Epidemic Model,NA,Int. J. Modelling; Identification And Control;,2020,34,4,379,395,FALSE,"A purely theoretical model which they then plug some completely unsuitable ""SARS"" values in to.",No,No,No,No,No,No,No,24602,0,Jana 2020
25a66645a7ebf21c42958200f14f90ae,24884,SARS-CoV,,Aya,Sde Model Of Sars Disease In Hong Kong And Singapore With Parameter Stochasticity,10.1063/1.5064215,Proceedings Of The 3rd International Symposium On Current Progress In Mathematics And Sciences 2017,2018,2023,1,NA,NA,FALSE,Inappropriate model ineffectively fit to some daily incidence data. No parameters of interest to extract; just model.,Yes,No,No,No,Yes,No,No,24884,0,Aya 2018
bb0868c5ea04844d0c7adb1e65eb43b8,24951,SARS-CoV,Wei,Duan,Matrix-Based Formulation Of Heterogeneous Individual-Based Models Of Infectious Diseases: Using Sars Epidemic As A Case Study,10.3390/ijerph18115716,International Journal Of Environmental Research And Public Health,2021,18,11,NA,NA,FALSE,NA,Yes,No,Yes,Yes,No,No,No,24951,0,Duan 2021
7d08dd5347aad68790ca7dda97972866,25516,SARS-CoV,Anuj,Mubayi,Analytical Estimation Of Data-Motivated Time-Dependent Disease Transmission Rate: An Application To Ebola And Selected Public Health Problems,10.3390/tropicalmed6030141,Tropical Medicine And Infectious Disease,2021,6,3,NA,NA,FALSE,NA,Yes,Yes,Yes,Yes,No,No,No,25516,0,Mubayi 2021
9e349d84494dee92127c87961aa0e674,25901,SARS-CoV,,Cantun-Avila,Optimizing Functionals Using Differential Evolution,10.1016/j.engappai.2020.104086,Engineering Applications Of Artificial Intelligence,2021,97,NA,NA,NA,FALSE,NA,Yes,Yes,No,No,No,No,No,25901,0,Cantun-Avila 2021
