id,outbreak_data_id,covidence_id,pathogen,asymptomatic_transmission,cases_asymptomatic,cases_confirmed,cases_mode_detection,cases_severe,cases_suspected,cases_unspecified,deaths,female_cases,male_cases,ongoing,outbreak_country,outbreak_date_year,outbreak_duration_months,outbreak_end_day,outbreak_end_month,outbreak_location,outbreak_start_day,outbreak_start_month,outbreak_start_year,population_size,pre_outbreak,prop_female_cases,prop_male_cases,type_cases_sex_disagg,outbreak_start_date,outbreak_end_date
5b14e5a2e5af795a6f4ed6801bf728ee,4a5eaab0417137d31929f5c42547beb6,212,Zika virus,FALSE,NA,72,Unspecified,NA,4567,NA,NA,NA,NA,FALSE,Jamaica,2016,NA,30,Jul,NA,30,Jan,2016,NA,NA,NA,NA,NA,2016-01-30,2016-07-30
06ab3ef43f032c6f7ea2b82a504df78d,fc021e46a45628397b461997de114bf4,268,Zika virus,FALSE,NA,NA,Symptoms,NA,25213,NA,NA,NA,NA,FALSE,Brazil,2016,NA,15,Apr,Rio De Janeiro,NA,Jan,2015,NA,Disease-free baseline,NA,NA,NA,2015-01-15,2016-04-15
a7c20ebeebef0cf7039d68563055a8d2,fbfa67e0510546c52d5bb00e4213fcac,422,Zika virus,FALSE,NA,1470,Symptoms,NA,NA,NA,NA,860,610,FALSE,Colombia,2015,3,31,Dec,Barranquilla,1,Oct,2015,NA,Disease-free baseline,0.59,0.41,Confirmed,2015-10-01,2015-12-31
839a729a72edf2a9f5e9389f5e5fbd07,4e874b2d73d07fdcd36c64f03ed3d309,435,Zika virus,FALSE,NA,51,Molecular (PCR etc),NA,89,NA,NA,33,18,FALSE,Chile,2014,NA,30,May,Easter Island,NA,Jan,2014,NA,Disease-free baseline,0.64,0.36,Confirmed,2014-01-15,2014-05-30
357b0bcc353b9a317cebaf140dddb071,1d08ae4c56264036f333ed09ad7474fa,674,Zika virus,FALSE,NA,NA,Symptoms,NA,3651,NA,NA,NA,NA,FALSE,Colombia,2016,10,10,Sep,Bucaramanga,13,Dec,2015,528269,Unspecified,NA,NA,NA,2015-12-13,2016-09-10
357b0bcc353b9a317cebaf140dddb071,fa4e6ace9bd7793a945df32451acfb70,674,Zika virus,FALSE,NA,NA,Symptoms,NA,12220,NA,NA,NA,NA,FALSE,Colombia,2016,10,10,Sep,Cali,13,Dec,2015,2394925,Unspecified,NA,NA,NA,2015-12-13,2016-09-10
357b0bcc353b9a317cebaf140dddb071,dc28f8165f80317aeb20551b087a7578,674,Zika virus,FALSE,NA,NA,Symptoms,NA,4287,NA,NA,NA,NA,FALSE,Colombia,2016,5,2,Apr,Cúcuta,22,Nov,2015,656380,Unspecified,NA,NA,NA,2015-11-22,2016-04-02
357b0bcc353b9a317cebaf140dddb071,5dbfb95f7bc97a51826b20c936052f0b,674,Zika virus,FALSE,NA,NA,Symptoms,NA,1940,NA,NA,NA,NA,FALSE,Colombia,2016,5,2,Apr,Nieva,22,Nov,2015,344026,Unspecified,NA,NA,NA,2015-11-22,2016-04-02
7d49b13bdf0eef103b35bbb481615a9d,6fe3879e8efc2bf2ea11298ba47bbb40,729,Zika virus,FALSE,NA,NA,Unspecified,NA,18364,NA,NA,NA,NA,FALSE,Colombia,2016,NA,NA,NA,NA,NA,Aug,2015,NA,NA,NA,NA,Suspected,2015-08-15,2016-01-15
ee91c0ab0659d374a528f3886de3fe72,da8fa32d7b12c9d9f4f1b49dda7dfe40,845,Zika virus,FALSE,NA,368,Molecular (PCR etc),NA,1717,NA,NA,224,NA,FALSE,Thailand,2017,24,NA,Dec,NA,NA,Jan,2016,NA,Unspecified,0.61,NA,NA,2016-01-15,2017-12-15
20b33325ec2e04f800032770a256b30e,9730e39a309e326f107789150faaebfc,890,Zika virus,FALSE,NA,52,Molecular (PCR etc),NA,928,NA,NA,589,NA,FALSE,Colombia,2016,5,30,Jan,San Andres,6,Sep,2015,54513,NA,0.635,NA,Suspected,2015-09-06,2016-01-30
20b33325ec2e04f800032770a256b30e,c2c4fd10edaf563ce06853b0ce75a9f4,890,Zika virus,FALSE,NA,32,Molecular (PCR etc),NA,1936,NA,NA,1138,NA,FALSE,Colombia,2016,4,22,Jan,Girardot,19,Sep,2015,102225,NA,0.588,NA,Suspected,2015-09-19,2016-01-22
16f97fa8a34ea65fbc4020042bcb2cce,314284b16ef566fff2bf60cf4ada4641,927,Zika virus,FALSE,NA,NA,Unspecified,NA,717,NA,NA,NA,NA,FALSE,France,2016,NA,10,Mar,Guadeloupe,29,Jan,2016,NA,Unspecified,NA,NA,NA,2016-01-29,2016-03-10
16f97fa8a34ea65fbc4020042bcb2cce,4550d4efb844713ebe6bec5c21a50591,927,Zika virus,FALSE,NA,102,Unspecified,NA,NA,NA,NA,NA,NA,FALSE,France,2016,NA,21,Jan,Martinique,21,Dec,2015,NA,Unspecified,NA,NA,NA,2015-12-21,2016-01-21
16f97fa8a34ea65fbc4020042bcb2cce,70226b4726d4f3c9e9de8e2133fae1da,927,Zika virus,FALSE,NA,NA,Unspecified,NA,573,NA,NA,NA,NA,FALSE,Dominican Republic,2016,NA,27,Feb,NA,30,Jan,2016,NA,Unspecified,NA,NA,NA,2016-01-30,2016-02-27
16f97fa8a34ea65fbc4020042bcb2cce,edc5b1a9d5b5a73b86d5f896b5ca2821,927,Zika virus,FALSE,NA,129,Unspecified,NA,NA,NA,NA,NA,NA,FALSE,Mexico,2016,NA,13,Mar,1 Unspecified Admin Region,1,Jan,2016,NA,Unspecified,NA,NA,NA,2016-01-01,2016-03-13
16f97fa8a34ea65fbc4020042bcb2cce,99c6157ba49d1b0654974cc1baf861fc,927,Zika virus,FALSE,NA,NA,Unspecified,NA,NA,386,NA,NA,NA,FALSE,Guatemala,2016,NA,15,Feb,8 Unspecified Admin Regions,16,Nov,2015,NA,Unspecified,NA,NA,NA,2015-11-16,2016-02-15
16f97fa8a34ea65fbc4020042bcb2cce,7fb69857baca7a7a021c28730fe09f66,927,Zika virus,FALSE,NA,49,Unspecified,NA,NA,NA,NA,NA,NA,FALSE,Panama,2016,NA,13,Mar,1 Unspecified Admin Region,1,Jan,2016,NA,Unspecified,NA,NA,NA,2016-01-01,2016-03-13
16f97fa8a34ea65fbc4020042bcb2cce,f664fa0c3d9d54bf65d5d775e69cd954,927,Zika virus,FALSE,NA,198,Unspecified,NA,NA,NA,NA,NA,NA,FALSE,United States,2016,NA,24,Feb,Puerto Rico,26,Nov,2015,NA,Unspecified,NA,NA,NA,2015-11-26,2016-02-24
16f97fa8a34ea65fbc4020042bcb2cce,ecc4753141451e6ba055e097360fc727,927,Zika virus,FALSE,NA,NA,Unspecified,NA,5618,NA,NA,NA,NA,FALSE,El Salvador,2016,NA,13,Mar,11 Unspecified Admin Regions,1,Jan,2016,NA,Unspecified,NA,NA,NA,2016-01-01,2016-03-13
16f97fa8a34ea65fbc4020042bcb2cce,7da8ae16562f4961a20b635fd6d338a8,927,Zika virus,FALSE,NA,1593,Unspecified,NA,NA,NA,NA,NA,NA,FALSE,Colombia,2016,NA,13,Mar,15 Unspecified Admin Regions,1,Jan,2016,NA,Unspecified,NA,NA,NA,2016-01-01,2016-03-13
16f97fa8a34ea65fbc4020042bcb2cce,8614437a1476d977c4cfb015dd7fd293,927,Zika virus,FALSE,NA,NA,Unspecified,NA,96,NA,NA,NA,NA,FALSE,Ecuador,2016,NA,13,Mar,2 Unspecified Admin Regions,1,Jan,2016,NA,Unspecified,NA,NA,NA,2016-01-01,2016-03-13
4a1b4eb91bc7c144f5766c5022434ab3,44d95e4bc31eafb96ed8b04db15471bc,947,Zika virus,FALSE,NA,NA,Unspecified,NA,1208,NA,NA,NA,NA,FALSE,France,2014,NA,NA,Mar,"Austral Islands, French Polynesia",NA,Oct,2013,7000,NA,NA,NA,NA,2013-10-15,2014-03-15
4a1b4eb91bc7c144f5766c5022434ab3,256565bf2b94b57f1f6016be4a7bc4cf,947,Zika virus,FALSE,NA,NA,Unspecified,NA,1235,NA,NA,NA,NA,FALSE,France,2014,NA,NA,Mar,"Mo'orea, French Polynesia",NA,Oct,2013,16000,NA,NA,NA,NA,2013-10-15,2014-03-15
4a1b4eb91bc7c144f5766c5022434ab3,bdfb0c3248c1ea13e94f29e7c47b1026,947,Zika virus,FALSE,NA,NA,Unspecified,NA,994,NA,NA,NA,NA,FALSE,France,2014,NA,NA,Mar,"Marquesas Islands, French Polynesia",NA,Oct,2013,9000,NA,NA,NA,NA,2013-10-15,2014-03-15
4a1b4eb91bc7c144f5766c5022434ab3,528f3f3973c80e3e46e59ec75cb8d18f,947,Zika virus,FALSE,NA,NA,Unspecified,NA,3912,NA,NA,NA,NA,FALSE,France,2014,NA,NA,Mar,"Sous-Le-Vent Islands, French Polynesia",NA,Oct,2013,33000,NA,NA,NA,NA,2013-10-15,2014-03-15
4a1b4eb91bc7c144f5766c5022434ab3,75072165b08cad71e26cafa83cd26f8b,947,Zika virus,FALSE,NA,NA,Unspecified,NA,21406,NA,NA,NA,NA,FALSE,France,2014,NA,NA,Mar,"Tahiti, French Polynesias",NA,Oct,2013,184000,NA,NA,NA,NA,2013-10-15,2014-03-15
4a1b4eb91bc7c144f5766c5022434ab3,24b9c79a85b2d56636ad406373776dba,947,Zika virus,FALSE,NA,NA,Unspecified,NA,1211,NA,NA,NA,NA,FALSE,France,2014,NA,NA,Mar,"Tuamotus, French Polynesia",NA,Oct,2013,16000,NA,NA,NA,NA,2013-10-15,2014-03-15
4a1b4eb91bc7c144f5766c5022434ab3,39e67cc0dc1d1d5d3d5eea2cb7275c35,947,Zika virus,FALSE,NA,NA,Unspecified,NA,30454,NA,NA,NA,NA,TRUE,France,2016,NA,NA,Oct,Guadeloupe,NA,Jan,2016,400000,NA,NA,NA,NA,2016-01-15,2016-10-15
4a1b4eb91bc7c144f5766c5022434ab3,c727fe2102446faea703818abbb3ab1d,947,Zika virus,FALSE,NA,NA,Unspecified,NA,37295,NA,NA,NA,NA,TRUE,France,2016,NA,NA,Oct,Martinique,NA,Jan,2016,385000,NA,NA,NA,NA,2016-01-15,2016-10-15
4a1b4eb91bc7c144f5766c5022434ab3,e9ae97bac53355129fbbaa0daac5c0bf,947,Zika virus,FALSE,NA,NA,Unspecified,NA,2519,NA,NA,NA,NA,TRUE,France and the Netherlands,2016,NA,NA,Oct,Saint Martin,NA,Jan,2016,36000,NA,NA,NA,NA,2016-01-15,2016-10-15
113410d3a7a98837164a456482470874,6252eb9834a95f2223a2eecd0a5b5b7f,1474,Zika virus,FALSE,NA,147,Molecular (PCR etc),NA,454,NA,NA,115,32,FALSE,NA,2016,12,NA,Dec,Entire Country,26,Dec,2015,285000,Disease-free baseline,78.2,21.8,Confirmed,2015-12-26,2016-12-15
4373c8705f186f97e650dcd7d8576797,888a64a4d929a651c189001a7914d6d3,1496,Zika virus,FALSE,NA,NA,Symptoms,NA,45,NA,NA,NA,NA,FALSE,Colombia,2016,NA,11,Apr,Antioquia: Bajo Cauca: Caceres,1,Jan,2016,38850,Unspecified,NA,NA,Suspected,2016-01-01,2016-04-11
4373c8705f186f97e650dcd7d8576797,1771c96be54d71c2229da9d5306159ed,1496,Zika virus,FALSE,NA,NA,Symptoms,NA,29,NA,NA,NA,NA,FALSE,Colombia,2016,NA,11,Apr,Antioquia: Bajo Cauca: Nechi,1,Jan,2016,27238,Unspecified,NA,NA,Suspected,2016-01-01,2016-04-11
4373c8705f186f97e650dcd7d8576797,3cf39a7de5ff7c9ce9908ff0ef0d6ce3,1496,Zika virus,FALSE,NA,NA,Symptoms,NA,59,NA,NA,NA,NA,FALSE,Colombia,2016,NA,11,Apr,Antioquia: Bajo Cauca: Caucasia,1,Jan,2016,114902,Unspecified,NA,NA,Suspected,2016-01-01,2016-04-11
4373c8705f186f97e650dcd7d8576797,a05af1344bdb48dd159ef42135f31294,1496,Zika virus,FALSE,NA,NA,Symptoms,NA,49,NA,NA,NA,NA,FALSE,Colombia,2016,NA,11,Apr,Antioquia: Bajo Cauca: Zaragoza,1,Jan,2016,31129,Unspecified,NA,NA,Suspected,2016-01-01,2016-04-11
4373c8705f186f97e650dcd7d8576797,571cc9464b6f655b5ee3ca9846559f89,1496,Zika virus,FALSE,NA,NA,Symptoms,NA,351,NA,NA,NA,NA,FALSE,Colombia,2016,NA,11,Apr,Antioquia: Valle Aburra: Medellin,1,Jan,2016,2486723,Unspecified,NA,NA,Suspected,2016-01-01,2016-04-11
4373c8705f186f97e650dcd7d8576797,69b3d648efc3ec5ec30244cecd2f6a2e,1496,Zika virus,FALSE,NA,NA,Symptoms,NA,32,NA,NA,NA,NA,FALSE,Colombia,2016,NA,11,Apr,Antioquia: Valle Aburra: Bello,1,Jan,2016,464614,Unspecified,NA,NA,Suspected,2016-01-01,2016-04-11
4373c8705f186f97e650dcd7d8576797,2b917b55cc4b9ac8163f49e607dc860a,1496,Zika virus,FALSE,NA,NA,Symptoms,NA,21,NA,NA,NA,NA,FALSE,Colombia,2016,NA,11,Apr,Antioquia: Valle Aburra: Envigado,1,Jan,2016,227644,Unspecified,NA,NA,Suspected,2016-01-01,2016-04-11
4373c8705f186f97e650dcd7d8576797,aabd121c7e72ed58c459b4ab95e34b3f,1496,Zika virus,FALSE,NA,NA,Symptoms,NA,40,NA,NA,NA,NA,FALSE,Colombia,2016,NA,11,Apr,Antioquia: Valle Aburra: Itagui,1,Jan,2016,270903,Unspecified,NA,NA,Suspected,2016-01-01,2016-04-11
4373c8705f186f97e650dcd7d8576797,f0bbda4a578c128f1e88d2869507058d,1496,Zika virus,FALSE,NA,NA,Symptoms,NA,164,NA,NA,NA,NA,FALSE,Colombia,2016,NA,11,Apr,Antioquia: Valle Aburra: Uraba Chigorodo,1,Jan,2016,78148,Unspecified,NA,NA,Suspected,2016-01-01,2016-04-11
4373c8705f186f97e650dcd7d8576797,064e866fc12b1101a29a487705808cba,1496,Zika virus,FALSE,NA,NA,Symptoms,NA,23,NA,NA,NA,NA,FALSE,Colombia,2016,NA,11,Apr,Antioquia: Valle Aburra: San Pedro De Uraba,1,Jan,2016,31539,Unspecified,NA,NA,Suspected,2016-01-01,2016-04-11
4373c8705f186f97e650dcd7d8576797,485b4cbf98173d69236ff281fe929b1e,1496,Zika virus,FALSE,NA,NA,Symptoms,NA,102,NA,NA,NA,NA,FALSE,Colombia,2016,NA,11,Apr,Antioquia: Valle Aburra: Carepa,1,Jan,2016,57220,Unspecified,NA,NA,Suspected,2016-01-01,2016-04-11
4373c8705f186f97e650dcd7d8576797,e5af519ac22ca2232a814319398a2757,1496,Zika virus,FALSE,NA,NA,Symptoms,NA,228,NA,NA,NA,NA,FALSE,Colombia,2016,NA,11,Apr,Antioquia: Valle Aburra: Turbo,1,Jan,2016,163525,Unspecified,NA,NA,Suspected,2016-01-01,2016-04-11
4373c8705f186f97e650dcd7d8576797,5a8c08b8eb3abbd9a57a3930dc7618a9,1496,Zika virus,FALSE,NA,NA,Symptoms,NA,36,NA,NA,NA,NA,FALSE,Colombia,2016,NA,11,Apr,Antioquia: Valle Aburra: Necocli,1,Jan,2016,63991,Unspecified,NA,NA,Suspected,2016-01-01,2016-04-11
4373c8705f186f97e650dcd7d8576797,dfcaf85c68b544ce61c2eba05f1e1a13,1496,Zika virus,FALSE,NA,NA,Symptoms,NA,315,NA,NA,NA,NA,FALSE,Colombia,2016,NA,11,Apr,Antioquia: Valle Aburra: Apartado,1,Jan,2016,183716,Unspecified,NA,NA,Suspected,2016-01-01,2016-04-11
4373c8705f186f97e650dcd7d8576797,414a39d0bae133d6c47547030c50c51b,1496,Zika virus,FALSE,NA,NA,Symptoms,NA,19,NA,NA,NA,NA,FALSE,Colombia,2016,NA,11,Apr,Antioquia: Valle Aburra: Mutata,1,Jan,2016,21077,Unspecified,NA,NA,Suspected,2016-01-01,2016-04-11
4373c8705f186f97e650dcd7d8576797,bf21ebbd444eca0e2e19693ed4e7080e,1496,Zika virus,FALSE,NA,NA,Symptoms,NA,18,NA,NA,NA,NA,FALSE,Colombia,2016,NA,11,Apr,Antioquia: Nordeste: Remedios,1,Jan,2016,29898,Unspecified,NA,NA,Suspected,2016-01-01,2016-04-11
4373c8705f186f97e650dcd7d8576797,8a1a19d8cf6f3e1459d2a92ac8e29651,1496,Zika virus,FALSE,NA,NA,Symptoms,NA,61,NA,NA,NA,NA,FALSE,Colombia,2016,NA,11,Apr,Antioquia: Magdalena Medio: Puerto Berrio,1,Jan,2016,47717,Unspecified,NA,NA,Suspected,2016-01-01,2016-04-11
4373c8705f186f97e650dcd7d8576797,f668f012f818daa6e4961a82d09f040e,1496,Zika virus,FALSE,NA,NA,Symptoms,NA,27,NA,NA,NA,NA,FALSE,Colombia,2016,NA,11,Apr,Antioquia: Magdalena Medio: Puerto  Triunfo,1,Jan,2016,20483,Unspecified,NA,NA,Suspected,2016-01-01,2016-04-11
4373c8705f186f97e650dcd7d8576797,6f3211b8343e66e39a4504e6e31ea8d1,1496,Zika virus,FALSE,NA,NA,Symptoms,NA,17,NA,NA,NA,NA,FALSE,Colombia,2016,NA,11,Apr,Antioquia: Magdalena Medio:  Occidente Sospetran,1,Jan,2016,14821,Unspecified,NA,NA,Suspected,2016-01-01,2016-04-11
4373c8705f186f97e650dcd7d8576797,bb12d8d6d418bdca2ee93a2b70b0eb68,1496,Zika virus,FALSE,NA,NA,Symptoms,NA,18,NA,NA,NA,NA,FALSE,Colombia,2016,NA,11,Apr,Antioquia: Magdalena Medio: Oriente Rionegro,1,Jan,2016,122231,Unspecified,NA,NA,Suspected,2016-01-01,2016-04-11
0d8b5564a7742b227124ca04b24da9c8,db2677afe8005db6a65696fd22383118,1679,Zika virus,FALSE,NA,9802,Molecular (PCR etc),NA,108087,NA,NA,70478,35977,TRUE,Colombia,2017,NA,24,Jun,NA,10,Oct,2015,NA,Disease-free baseline,66.2,33.8,Suspected,2015-10-10,2017-06-24
3303c883f8926db4b2d53b24ae494ed0,0bcfab9ef7e7f7d026a72f8fabccef0b,1797,Zika virus,TRUE,309,725,Molecular (PCR etc),NA,355,NA,NA,519,NA,FALSE,United States,2017,18,30,Jun,New York City,1,Jan,2016,NA,Disease-free baseline,NA,NA,Confirmed,2016-01-01,2017-06-30
ed2e15ef94a2a9d4d4b90d9186a7777e,da673b6ac42d7715e0983ba0c2435277,1821,Zika virus,FALSE,NA,21,Unspecified,NA,NA,NA,NA,NA,NA,FALSE,United States,2016,NA,5,Aug,"Wynwood Neighborhood, Miami-Dade County, Florida",26,Jun,2016,7725,NA,NA,NA,NA,2016-06-26,2016-08-05
2fa3fe874508d86d9bf45299d293eb06,0f1f3e26ff6e97ce1f084141e684be20,1941,Zika virus,FALSE,NA,NA,Symptoms,NA,7580,NA,NA,NA,NA,FALSE,Cabo Verde,2016,NA,29,May,"Santiago, Fogo, Maio, Boavista",5,Oct,2015,NA,Disease-free baseline,NA,NA,NA,2015-10-05,2016-05-29
2fa3fe874508d86d9bf45299d293eb06,c8f32548e1376f3146ded9ae675c682c,1941,Zika virus,FALSE,NA,NA,Symptoms,NA,4937,NA,NA,NA,NA,FALSE,Cabo Verde,2016,NA,29,May,Santiago,5,Oct,2015,NA,Disease-free baseline,NA,NA,NA,2015-10-05,2016-05-29
2fa3fe874508d86d9bf45299d293eb06,a14fc0416eabbfc6129ab0a854b10db5,1941,Zika virus,FALSE,NA,NA,Symptoms,NA,1458,NA,NA,NA,NA,FALSE,Cabo Verde,2016,NA,29,May,Fogo,5,Oct,2015,NA,Disease-free baseline,NA,NA,NA,2015-10-05,2016-05-29
1d766b4a3d66aadf9e1f721204d3cd9e,8f61cf1f883a896878c413f2668489f2,2353,Zika virus,FALSE,NA,128,Molecular (PCR etc),NA,4966,NA,NA,NA,NA,FALSE,France,2014,NA,28,Mar,"Tahiti, French Polynesias",11,Oct,2013,178100,NA,NA,NA,NA,2013-10-11,2014-03-28
1d766b4a3d66aadf9e1f721204d3cd9e,1af86ec7ca5e6bb53e4d9b3b0f577275,2353,Zika virus,FALSE,NA,166,Molecular (PCR etc),NA,1131,NA,NA,NA,NA,FALSE,France,2014,NA,28,Mar,"Sous-Le-Vent Islands, French Polynesia",11,Oct,2013,33100,NA,NA,NA,NA,2013-10-11,2014-03-28
1d766b4a3d66aadf9e1f721204d3cd9e,a1165d2f5c734484798b04151c8603d8,2353,Zika virus,FALSE,NA,22,Molecular (PCR etc),NA,440,NA,NA,NA,NA,FALSE,France,2014,NA,28,Mar,"Mo'orea, French Polynesia",11,Oct,2013,16200,NA,NA,NA,NA,2013-10-11,2014-03-28
1d766b4a3d66aadf9e1f721204d3cd9e,dd7bd9fe66c6a01b380e5eff4df08c12,2353,Zika virus,FALSE,NA,9,Molecular (PCR etc),NA,612,NA,NA,NA,NA,FALSE,France,2014,NA,28,Mar,"Tuamotu-Gambier, French Polynesia",11,Oct,2013,15800,NA,NA,NA,NA,2013-10-11,2014-03-28
1d766b4a3d66aadf9e1f721204d3cd9e,9ca274c7a0e0d1e525551772c62cb97d,2353,Zika virus,FALSE,NA,21,Molecular (PCR etc),NA,455,NA,NA,NA,NA,FALSE,France,2014,NA,28,Mar,"Marquesas Islands, French Polynesia",11,Oct,2013,8600,NA,NA,NA,NA,2013-10-11,2014-03-28
1d766b4a3d66aadf9e1f721204d3cd9e,8c0e7fdbe523d5c95bc1e3da8d457f04,2353,Zika virus,FALSE,NA,36,Molecular (PCR etc),NA,733,NA,NA,NA,NA,FALSE,France,2014,NA,28,Mar,"Austral Islands, French Polynesia",11,Oct,2013,6800,NA,NA,NA,NA,2013-10-11,2014-03-28
89bad8a04b3ef84522134f5abef367d7,86fdf91dde7c4c994b80f0b0ad9dfbe8,2804,Zika virus,FALSE,NA,25,Molecular (PCR etc),NA,119,NA,NA,NA,NA,FALSE,Mexico,2015,NA,18,Dec,Chiapas State,30,Nov,2015,NA,Unspecified,NA,NA,Confirmed,2015-11-30,2015-12-18
032b24a0adb1fcef718363c06289d512,eb2439c453ff2b11e90620c37a8d4716,3042,Zika virus,FALSE,NA,1717,Molecular (PCR etc),NA,NA,NA,NA,NA,NA,FALSE,Brazil,2016,NA,NA,May,Rio De Janeiro,NA,Feb,2015,NA,Unspecified,NA,NA,NA,2015-02-15,2016-05-15
d7ad85cf1607a27c587c0f5327f9ff27,e1191f062c9168a13adde7a638673c3b,3337,Zika virus,FALSE,NA,108,Confirmed + Suspected,0,185,NA,0,66,NA,FALSE,Federated States of Micronesia,2007,NA,31,Jul,Yap Island,1,Apr,2007,7391,Disease-free baseline,0.61,NA,Confirmed,2007-04-01,2007-07-31
fd6828e254cb39d1ebdd3eae053ecd53,949a005fd2b43c820d23aac23ff9fc69,3622,Zika virus,FALSE,NA,791,Molecular (PCR etc),NA,NA,NA,NA,553,238,FALSE,Suriname,2016,11,23,Aug,NA,2,Oct,2015,530000,Disease-free baseline,69.9,30.1,Confirmed,2015-10-02,2016-08-23
fd6828e254cb39d1ebdd3eae053ecd53,6d27ebd856a8de5139c818a8cdaf9f10,3622,Zika virus,FALSE,NA,1,Molecular (PCR etc),NA,NA,NA,NA,NA,NA,FALSE,Suriname,2016,11,23,Aug,Brokopondo,2,Oct,2015,NA,Disease-free baseline,NA,NA,NA,2015-10-02,2016-08-23
fd6828e254cb39d1ebdd3eae053ecd53,745ff51dd1c5abf2fc5522386bb1206a,3622,Zika virus,FALSE,NA,19,Molecular (PCR etc),NA,NA,NA,NA,NA,NA,FALSE,Suriname,2016,11,23,Aug,Commewijne,2,Oct,2015,NA,Disease-free baseline,NA,NA,NA,2015-10-02,2016-08-23
fd6828e254cb39d1ebdd3eae053ecd53,e967ed68edadbf56a1236d580b469996,3622,Zika virus,FALSE,NA,5,Molecular (PCR etc),NA,NA,NA,NA,NA,NA,FALSE,Suriname,2016,11,23,Aug,Coronie,2,Oct,2015,NA,Disease-free baseline,NA,NA,NA,2015-10-02,2016-08-23
fd6828e254cb39d1ebdd3eae053ecd53,72e7fabb0fcc241ffe001906c52e95e9,3622,Zika virus,FALSE,NA,4,Molecular (PCR etc),NA,NA,NA,NA,NA,NA,FALSE,Suriname,2016,11,23,Aug,Marowoijne,2,Oct,2015,NA,Disease-free baseline,NA,NA,NA,2015-10-02,2016-08-23
fd6828e254cb39d1ebdd3eae053ecd53,aa29db72e2b0a8043c1fb934e0fd5223,3622,Zika virus,FALSE,NA,39,Molecular (PCR etc),NA,NA,NA,NA,NA,NA,FALSE,Suriname,2016,11,23,Aug,Nickerie,2,Oct,2015,NA,Disease-free baseline,NA,NA,NA,2015-10-02,2016-08-23
fd6828e254cb39d1ebdd3eae053ecd53,68071997984b044cbbe8a3ff649a0c1d,3622,Zika virus,FALSE,NA,6,Molecular (PCR etc),NA,NA,NA,NA,NA,NA,FALSE,Suriname,2016,11,23,Aug,Para,2,Oct,2015,NA,Disease-free baseline,NA,NA,NA,2015-10-02,2016-08-23
fd6828e254cb39d1ebdd3eae053ecd53,5fbd2a895e45304470a30a1408248337,3622,Zika virus,FALSE,NA,358,Molecular (PCR etc),NA,NA,NA,NA,NA,NA,FALSE,Suriname,2016,11,23,Aug,Paramaribo,2,Oct,2015,NA,Disease-free baseline,NA,NA,NA,2015-10-02,2016-08-23
fd6828e254cb39d1ebdd3eae053ecd53,bd60d7b76e6e42ed4eae8eb96d623ff6,3622,Zika virus,FALSE,NA,11,Molecular (PCR etc),NA,NA,NA,NA,NA,NA,FALSE,Suriname,2016,11,23,Aug,Saramacca,2,Oct,2015,NA,Disease-free baseline,NA,NA,NA,2015-10-02,2016-08-23
fd6828e254cb39d1ebdd3eae053ecd53,acd40db64be5cfaf052cb3b2cabce128,3622,Zika virus,FALSE,NA,4,Molecular (PCR etc),NA,NA,NA,NA,NA,NA,FALSE,Suriname,2016,11,23,Aug,Sipaliwini,2,Oct,2015,NA,Disease-free baseline,NA,NA,NA,2015-10-02,2016-08-23
fd6828e254cb39d1ebdd3eae053ecd53,adaec6bcda456f827152d198aab10d23,3622,Zika virus,FALSE,NA,121,Molecular (PCR etc),NA,NA,NA,NA,NA,NA,FALSE,Suriname,2016,11,23,Aug,Wanica,2,Oct,2015,NA,Disease-free baseline,NA,NA,NA,2015-10-02,2016-08-23
178dab8d83da512407da39fd57116aab,87c242f30411fcc92b3c42f20aa0a2e8,3967,Zika virus,FALSE,NA,35,Molecular (PCR etc),NA,389,NA,NA,NA,NA,TRUE,France,2016,NA,25,Feb,Guadeloupe,NA,Jan,2016,NA,Disease-free baseline,NA,NA,NA,2016-01-15,2016-02-25
178dab8d83da512407da39fd57116aab,3e77177a56b13036004c806036397f81,3967,Zika virus,FALSE,NA,NA,Unspecified,NA,1030,NA,NA,NA,NA,TRUE,France,2016,NA,25,Feb,French Guiana,NA,Dec,2015,NA,Disease-free baseline,NA,NA,NA,2015-12-15,2016-02-25
178dab8d83da512407da39fd57116aab,a2d5c4bd056e65bc4e0d11451b048529,3967,Zika virus,FALSE,NA,203,Unspecified,NA,7600,NA,NA,142,61,TRUE,France,2016,NA,25,Feb,Martinique,24,Nov,2015,NA,Disease-free baseline,0.57,0.43,Confirmed,2015-11-24,2016-02-25
178dab8d83da512407da39fd57116aab,6dfcc0889bd87229dffe80d2a7bd91f1,3967,Zika virus,FALSE,NA,11,Molecular (PCR etc),NA,58,NA,NA,NA,NA,FALSE,France,2016,NA,25,Feb,Saint-Martin,NA,Feb,2016,NA,Disease-free baseline,NA,NA,NA,2016-02-15,2016-02-25
0da21d1cdff14c0158844f1d7e759da2,490ed5348c515e263492628cf7d869b6,4032,Zika virus,FALSE,NA,NA,Unspecified,NA,5235,NA,NA,NA,NA,TRUE,Dominican Republic,2016,NA,31,Dec,NA,1,Jan,2016,9980000,Unspecified,NA,NA,NA,2016-01-01,2016-12-31
18cae44079ebd4e1e20eb53e7506ecf9,92a651de7cc34792ee5a9b25fcd37e6d,4427,Zika virus,FALSE,NA,455,Molecular (PCR etc),NA,NA,NA,NA,192,263,FALSE,Singapore,2016,NA,30,Nov,NA,21,Aug,2016,NA,Disease-free baseline,42,58,Confirmed,2016-08-21,2016-11-30
91166b66e6c350faf279df49cf120ca2,36ddb9fd15375d029d9bf91e4928bcc6,5667,Zika virus,FALSE,NA,NA,Unspecified,NA,NA,NA,NA,NA,NA,FALSE,United States,2018,NA,NA,NA,Hidalgo County; Texas,NA,NA,2016,NA,Unspecified,NA,NA,NA,2016-01-15,2018-01-15
adce3d508df6c5bad06cc41d0d4f494e,761febe95704cd5a8b033afe69233d00,5673,Zika virus,FALSE,NA,153,Molecular (PCR etc),NA,1925,NA,NA,NA,NA,FALSE,India,2018,NA,16,Nov,Jaipur; Rajasthan,NA,NA,2018,NA,Unspecified,NA,NA,NA,2018-01-15,2018-11-16
2e69406e1e0aafbaa7001ebc43d44e7f,e70012218a53035d53086710a09def7c,5753,Zika virus,FALSE,NA,1825,Molecular (PCR etc),NA,10775,NA,NA,1553,682,FALSE,Brazil,2016,NA,NA,Dec,Tocantins,NA,Jul,2015,1565062,Unspecified,NA,NA,Unspecified,2015-07-15,2016-12-15
a9028b9970a9759ce2dcb48d7a41bfb2,e7734efd68e6d9835702be58804241f4,5760,Zika virus,FALSE,NA,28,Molecular (PCR etc),NA,NA,NA,NA,15,13,FALSE,Thailand,2009,NA,NA,NA,"Ratchaburi, Bangkok",NA,NA,2006,NA,NA,NA,NA,Confirmed,2006-01-15,2009-01-15
39782d8981542487160d9aa0ca9e67e3,fefadc850b3e5c8d121a8f316a6f58a3,5816,Zika virus,FALSE,NA,256,Molecular (PCR etc),NA,NA,NA,NA,NA,NA,FALSE,United States,2016,NA,28,Dec,Miami-Dade,7,Jul,2016,NA,Disease-free baseline,NA,NA,NA,2016-07-07,2016-12-28
e40025e1b40113556d07ba51692c53c0,0c82c17c294b9171db19f61ffd7f0856,5845,Zika virus,FALSE,NA,67,Molecular (PCR etc),NA,NA,NA,NA,NA,NA,FALSE,India,2021,NA,NA,Oct,"Kerala, Punjab, Rajasthan, Uttar Pradesh (Up), Jharkhand",NA,May,2021,NA,Unspecified,NA,NA,NA,2021-05-15,2021-10-15
d8e6001f9b980c1d031b7a992db43204,f72240100d4cb558a5c638feabf39021,5917,Zika virus,FALSE,NA,1723,Molecular (PCR etc),NA,NA,NA,NA,1578,NA,FALSE,Brazil,2017,NA,NA,Jul,Minas Gerais State,NA,Dec,2015,NA,Unspecified,91.6,NA,Confirmed,2015-12-15,2017-07-15
90aac5b534f99c87167d1f6c39be323f,173b3910ae758a0178e73f79bd0989fa,5927,Zika virus,FALSE,NA,2300,Symptoms,NA,NA,NA,NA,NA,NA,FALSE,Thailand,2018,NA,NA,NA,Samut Songkhram,NA,NA,2016,NA,NA,NA,NA,NA,2016-01-15,2018-01-15
32bcbc87d86ba3d8ca19f8746465e93b,5c47d55680a9757111e02df5fbef228f,6070,Zika virus,FALSE,NA,NA,Unspecified,NA,NA,NA,NA,NA,NA,FALSE,India,NA,NA,NA,NA,Tamil Nadu,NA,Jun,2017,NA,Unspecified,NA,NA,NA,2017-06-15,NA
32bcbc87d86ba3d8ca19f8746465e93b,15e3872022648c7edb9ba2e7506735cf,6070,Zika virus,FALSE,NA,NA,Unspecified,NA,NA,NA,NA,NA,NA,FALSE,India,NA,NA,NA,NA,Rajasthan,21,Sep,2018,NA,Unspecified,NA,NA,NA,2018-09-21,NA
32bcbc87d86ba3d8ca19f8746465e93b,47340f249cecba167ba5c86730a0cbb7,6070,Zika virus,FALSE,NA,NA,Unspecified,NA,NA,NA,NA,NA,NA,FALSE,India,NA,NA,NA,NA,Madhya Pradesh,30,Oct,2018,NA,Unspecified,NA,NA,NA,2018-10-30,NA
32bcbc87d86ba3d8ca19f8746465e93b,749782033d6717dcb75774662ed94ddc,6070,Zika virus,FALSE,NA,NA,Unspecified,NA,NA,NA,NA,NA,NA,FALSE,India,NA,NA,NA,NA,Kerala,8,Jul,2021,NA,Unspecified,NA,NA,NA,2021-07-08,NA
32bcbc87d86ba3d8ca19f8746465e93b,7c07dd7014fc74e1c0c351bf6b26a601,6070,Zika virus,FALSE,NA,NA,Unspecified,NA,NA,NA,NA,NA,NA,FALSE,India,NA,NA,NA,NA,Maharashtra,31,Jul,2021,NA,Unspecified,NA,NA,NA,2021-07-31,NA
32bcbc87d86ba3d8ca19f8746465e93b,c4f09eb6f497f13fd537af1bd36d6565,6070,Zika virus,FALSE,NA,NA,Unspecified,NA,NA,NA,NA,NA,NA,FALSE,India,NA,NA,NA,NA,Uttar Pradesh,23,Oct,2021,NA,Unspecified,NA,NA,NA,2021-10-23,NA
8270b154367cf352c24c23617bdfae07,a2dace73ab2942e2ca1c2afef1aacfd0,6163,Zika virus,FALSE,NA,NA,Confirmed + Suspected,NA,40741,NA,NA,NA,NA,FALSE,Colombia,2016,NA,NA,NA,NA,NA,NA,2015,NA,Unspecified,NA,NA,Unspecified,2015-01-15,2016-01-15
f80ba013fbc2fafa95cd7458e1456133,1d42bc0f0832d8f821ec62708ba1d138,6239,Zika virus,FALSE,NA,159,Molecular (PCR etc),NA,NA,NA,NA,104,55,FALSE,India,2018,NA,22,Nov,"Shastri Nagar And Surrounding Area Jaipur,
Rajasthan",15,Sep,2018,NA,Unspecified,0.654,0.346,NA,2018-09-15,2018-11-22
c3b9b87457ffa5e8e551ba1bf7bfefa5,eb39dab23be27fedae8a73c00d929541,6321,Zika virus,FALSE,NA,NA,Confirmed + Suspected,NA,788,NA,NA,NA,NA,FALSE,Colombia,2017,NA,NA,NA,Arauca,NA,NA,2015,89712,Disease-free baseline,NA,NA,NA,2015-01-15,2017-01-15
c3b9b87457ffa5e8e551ba1bf7bfefa5,b02497e3b009e7bceef98d5c4d942bca,6321,Zika virus,FALSE,NA,NA,Confirmed + Suspected,NA,189,NA,NA,NA,NA,FALSE,Colombia,2017,NA,NA,NA,Armenia,NA,NA,2015,298199,Disease-free baseline,NA,NA,NA,2015-01-15,2017-01-15
c3b9b87457ffa5e8e551ba1bf7bfefa5,d5fb0f67576ea620b75d97ec2703409c,6321,Zika virus,FALSE,NA,NA,Confirmed + Suspected,NA,4665,NA,NA,NA,NA,FALSE,Colombia,2017,NA,NA,NA,Barranquilla,NA,NA,2015,1223616,Disease-free baseline,NA,NA,NA,2015-01-15,2017-01-15
c3b9b87457ffa5e8e551ba1bf7bfefa5,9e7fb0c383983b6330ec453d1bd2a417,6321,Zika virus,FALSE,NA,NA,Confirmed + Suspected,NA,4322,NA,NA,NA,NA,FALSE,Colombia,2017,NA,NA,NA,Bucaramanga,NA,NA,2015,528269,Disease-free baseline,NA,NA,NA,2015-01-15,2017-01-15
c3b9b87457ffa5e8e551ba1bf7bfefa5,c7bdc7297d6fa821d8f9d71a1b18e3b3,6321,Zika virus,FALSE,NA,NA,Confirmed + Suspected,NA,16279,NA,NA,NA,NA,FALSE,Colombia,2017,NA,NA,NA,Cali,NA,NA,2015,2394925,Disease-free baseline,NA,NA,NA,2015-01-15,2017-01-15
c3b9b87457ffa5e8e551ba1bf7bfefa5,484ae63feee123edcee69b4b0c7ab561,6321,Zika virus,FALSE,NA,NA,Confirmed + Suspected,NA,1021,NA,NA,NA,NA,FALSE,Colombia,2017,NA,NA,NA,Cartagena,NA,NA,2015,1013389,Disease-free baseline,NA,NA,NA,2015-01-15,2017-01-15
c3b9b87457ffa5e8e551ba1bf7bfefa5,ee67c2a32ecee9604318f11d95085fdf,6321,Zika virus,FALSE,NA,NA,Confirmed + Suspected,NA,6485,NA,NA,NA,NA,FALSE,Colombia,2017,NA,NA,NA,Cúcuta,NA,NA,2015,656380,Disease-free baseline,NA,NA,NA,2015-01-15,2017-01-15
c3b9b87457ffa5e8e551ba1bf7bfefa5,c964b36c29760e55f1e59fe194604619,6321,Zika virus,FALSE,NA,NA,Confirmed + Suspected,NA,663,NA,NA,NA,NA,FALSE,Colombia,2017,NA,NA,NA,Florencia,NA,NA,2015,175407,Disease-free baseline,NA,NA,NA,2015-01-15,2017-01-15
c3b9b87457ffa5e8e551ba1bf7bfefa5,52e71bc8ddaa65437251026043fd91c2,6321,Zika virus,FALSE,NA,NA,Confirmed + Suspected,NA,4076,NA,NA,NA,NA,FALSE,Colombia,2017,NA,NA,NA,Ibagué,NA,NA,2015,558805,Disease-free baseline,NA,NA,NA,2015-01-15,2017-01-15
c3b9b87457ffa5e8e551ba1bf7bfefa5,b520d01df86beb8c603a421c9eb968c5,6321,Zika virus,FALSE,NA,NA,Confirmed + Suspected,NA,12,NA,NA,NA,NA,FALSE,Colombia,2017,NA,NA,NA,Inírida,NA,NA,2015,19983,Disease-free baseline,NA,NA,NA,2015-01-15,2017-01-15
c3b9b87457ffa5e8e551ba1bf7bfefa5,0c29bf6331a45256ccca0b3993cb68e4,6321,Zika virus,FALSE,NA,NA,Confirmed + Suspected,NA,278,NA,NA,NA,NA,FALSE,Colombia,2017,NA,NA,NA,Leticia,NA,NA,2015,41639,Disease-free baselineDisease-free baseline,NA,NA,NA,2015-01-15,2017-01-15
c3b9b87457ffa5e8e551ba1bf7bfefa5,05acd09bd01d36ac2bb1c28bd498fb86,6321,Zika virus,FALSE,NA,NA,Confirmed + Suspected,NA,549,NA,NA,NA,NA,FALSE,Colombia,2017,NA,NA,NA,Medellín,NA,NA,2015,2486723,Disease-free baseline,NA,NA,NA,2015-01-15,2017-01-15
c3b9b87457ffa5e8e551ba1bf7bfefa5,6fc9a2bdb70497e891df5239b3c67a8c,6321,Zika virus,FALSE,NA,NA,Confirmed + Suspected,NA,17,NA,NA,NA,NA,FALSE,Colombia,2017,NA,NA,NA,Mitú,NA,NA,2015,31861,Disease-free baseline,NA,NA,NA,2015-01-15,2017-01-15
c3b9b87457ffa5e8e551ba1bf7bfefa5,a469c5b1ce64bbf0f57397f79f0e34aa,6321,Zika virus,FALSE,NA,NA,Confirmed + Suspected,NA,57,NA,NA,NA,NA,FALSE,Colombia,2017,NA,NA,NA,Mocoa,NA,NA,2015,42882,Disease-free baseline,NA,NA,NA,2015-01-15,2017-01-15
c3b9b87457ffa5e8e551ba1bf7bfefa5,4db868c7b6bbf258c7d7ac0dab00063e,6321,Zika virus,FALSE,NA,NA,Confirmed + Suspected,NA,1785,NA,NA,NA,NA,FALSE,Colombia,2017,NA,NA,NA,Montería,NA,NA,2015,447668,Disease-free baseline,NA,NA,NA,2015-01-15,2017-01-15
c3b9b87457ffa5e8e551ba1bf7bfefa5,dfd3f9189be53e7b20fbcfab7a3a1824,6321,Zika virus,FALSE,NA,NA,Confirmed + Suspected,NA,3409,NA,NA,NA,NA,FALSE,Colombia,2017,NA,NA,NA,Neiva,NA,NA,2015,344026,Disease-free baseline,NA,NA,NA,2015-01-15,2017-01-15
c3b9b87457ffa5e8e551ba1bf7bfefa5,5254e7cd0c9840583810f0088bd5d87d,6321,Zika virus,FALSE,NA,NA,Confirmed + Suspected,NA,463,NA,NA,NA,NA,FALSE,Colombia,2017,NA,NA,NA,Pereira,NA,NA,2015,472000,Disease-free baseline,NA,NA,NA,2015-01-15,2017-01-15
c3b9b87457ffa5e8e551ba1bf7bfefa5,858d45725af89abc54900b8362b7bf46,6321,Zika virus,FALSE,NA,NA,Confirmed + Suspected,NA,51,NA,NA,NA,NA,FALSE,Colombia,2017,NA,NA,NA,Popayán,NA,NA,2015,280054,Disease-free baseline,NA,NA,NA,2015-01-15,2017-01-15
c3b9b87457ffa5e8e551ba1bf7bfefa5,0bc0af4edc119aa43cd4ba4f00f82b16,6321,Zika virus,FALSE,NA,NA,Confirmed + Suspected,NA,17,NA,NA,NA,NA,FALSE,Colombia,2017,NA,NA,NA,Puerto Carreño,NA,NA,2015,16000,Disease-free baseline,NA,NA,NA,2015-01-15,2017-01-15
c3b9b87457ffa5e8e551ba1bf7bfefa5,a8f41e0935d7b4a8afb7da0e25272663,6321,Zika virus,FALSE,NA,NA,Confirmed + Suspected,NA,14,NA,NA,NA,NA,FALSE,Colombia,2017,NA,NA,NA,Quibdó,NA,NA,2015,115907,Disease-free baseline,NA,NA,NA,2015-01-15,2017-01-15
c3b9b87457ffa5e8e551ba1bf7bfefa5,660d0b8920fb008bcb6495840ae34f95,6321,Zika virus,FALSE,NA,NA,Confirmed + Suspected,NA,279,NA,NA,NA,NA,FALSE,Colombia,2017,NA,NA,NA,Riohacha,NA,NA,2015,268712,Disease-free baseline,NA,NA,NA,2015-01-15,2017-01-15
c3b9b87457ffa5e8e551ba1bf7bfefa5,ebef16514b77b833fb2ab5aa7c471287,6321,Zika virus,FALSE,NA,NA,Confirmed + Suspected,NA,1109,NA,NA,NA,NA,FALSE,Colombia,2017,NA,NA,NA,San Andrés,NA,NA,2015,71946,Disease-free baseline,NA,NA,NA,2015-01-15,2017-01-15
c3b9b87457ffa5e8e551ba1bf7bfefa5,4685004f6fb4ddcf86dff1ae3a1a5fbb,6321,Zika virus,FALSE,NA,NA,Confirmed + Suspected,NA,154,NA,NA,NA,NA,FALSE,Colombia,2017,NA,NA,NA,San José Del Guaviare,NA,NA,2015,65611,Disease-free baseline,NA,NA,NA,2015-01-15,2017-01-15
c3b9b87457ffa5e8e551ba1bf7bfefa5,8ec21424ec9f17a3748046bb042d1cf9,6321,Zika virus,FALSE,NA,NA,Confirmed + Suspected,NA,1913,NA,NA,NA,NA,FALSE,Colombia,2017,NA,NA,NA,Santa Marta,NA,NA,2015,491535,Disease-free baseline,NA,NA,NA,2015-01-15,2017-01-15
c3b9b87457ffa5e8e551ba1bf7bfefa5,deef62ae57ea1c4eb20aaa29fecd4232,6321,Zika virus,FALSE,NA,NA,Confirmed + Suspected,NA,856,NA,NA,NA,NA,FALSE,Colombia,2017,NA,NA,NA,Sincelejo,NA,NA,2015,279031,Disease-free baseline,NA,NA,NA,2015-01-15,2017-01-15
c3b9b87457ffa5e8e551ba1bf7bfefa5,b7e41a0b30ce1052501b43c30f68387c,6321,Zika virus,FALSE,NA,NA,Confirmed + Suspected,NA,788,NA,NA,NA,NA,FALSE,Colombia,2017,NA,NA,NA,Valledupar,NA,NA,2015,463219,Disease-free baseline,NA,NA,NA,2015-01-15,2017-01-15
c3b9b87457ffa5e8e551ba1bf7bfefa5,53e0c546a783ac602be107dbe9eb2b49,6321,Zika virus,FALSE,NA,NA,Confirmed + Suspected,NA,2377,NA,NA,NA,NA,FALSE,Colombia,2017,NA,NA,NA,Villavicencio,NA,NA,2015,495227,Disease-free baseline,NA,NA,NA,2015-01-15,2017-01-15
c3b9b87457ffa5e8e551ba1bf7bfefa5,f69cabbc1fb73709f75ec3c50c1dc9f8,6321,Zika virus,FALSE,NA,NA,Confirmed + Suspected,NA,2121,NA,NA,NA,NA,FALSE,Colombia,2017,NA,NA,NA,Yopal,NA,NA,2015,142979,Disease-free baseline,NA,NA,NA,2015-01-15,2017-01-15
7eb867b5af821d4eb44158986a9d342a,a80a3d65ed8876cee4c84a32c2fbbd91,6371,Zika virus,TRUE,1,4,Molecular (PCR etc),NA,54,NA,NA,3,1,TRUE,Angola,NA,7,NA,NA,NA,NA,Dec,2016,NA,Disease-free baseline,0.75,0.25,NA,2016-12-15,NA
db49aecf1c42fd764ae54e0457d37105,b2da8a83177aef15616bd75cde5764c4,6566,Zika virus,FALSE,NA,781,Molecular (PCR etc),NA,2820,NA,NA,574,207,FALSE,Curaçao,2017,NA,26,Apr,NA,16,Dec,2015,149648,Disease-free baseline,0.735,0.265,Confirmed,2015-12-16,2017-04-26
db49aecf1c42fd764ae54e0457d37105,098436e4b710ea3a43b38527211fd684,6566,Zika virus,FALSE,NA,112,Molecular (PCR etc),NA,382,NA,NA,81,31,FALSE,Netherlands,2017,NA,26,Apr,Bonaire,17,Oct,2016,19179,Disease-free baseline,0.723,0.277,Confirmed,2016-10-17,2017-04-26
5352a4268ede225c0350f7e55942aefa,942ec4621c0757aaa66309d3ce7bbbed,6578,Zika virus,FALSE,NA,611,Symptoms,NA,NA,NA,NA,NA,NA,FALSE,Colombia,2018,NA,24,Nov,Florencia,1,Jan,2015,181514,Unspecified,NA,NA,NA,2015-01-01,2018-11-24
5352a4268ede225c0350f7e55942aefa,a94243a3b759b79974353764a62e050d,6578,Zika virus,FALSE,NA,103,Symptoms,NA,NA,NA,NA,NA,NA,FALSE,Colombia,2018,NA,24,Nov,San Vicente Del Caguan,1,Jan,2015,71704,Unspecified,NA,NA,NA,2015-01-01,2018-11-24
5352a4268ede225c0350f7e55942aefa,18cdea70b75600d5c79cc30b764acb00,6578,Zika virus,FALSE,NA,83,Symptoms,NA,NA,NA,NA,NA,NA,FALSE,Colombia,2018,NA,24,Nov,San Jose Del Fragua,1,Jan,2015,15223,Unspecified,NA,NA,NA,2015-01-01,2018-11-24
5352a4268ede225c0350f7e55942aefa,0680b400b07ebe3094ece7a24291e9f3,6578,Zika virus,FALSE,NA,75,Symptoms,NA,NA,NA,NA,NA,NA,FALSE,Colombia,2018,NA,24,Nov,El Doncello,1,Jan,2015,22267,Unspecified,NA,NA,NA,2015-01-01,2018-11-24
5352a4268ede225c0350f7e55942aefa,8620929da90cd80c184d213d0357aece,6578,Zika virus,FALSE,NA,65,Symptoms,NA,NA,NA,NA,NA,NA,FALSE,Colombia,2018,NA,24,Nov,El Paujil,1,Jan,2015,21148,Unspecified,NA,NA,NA,2015-01-01,2018-11-24
5352a4268ede225c0350f7e55942aefa,ead8bef5cd7be9c32a59fbdcc6a16d74,6578,Zika virus,FALSE,NA,29,Symptoms,NA,NA,NA,NA,NA,NA,FALSE,Colombia,2018,NA,24,Nov,Montanita,1,Jan,2015,24140,Unspecified,NA,NA,NA,2015-01-01,2018-11-24
5352a4268ede225c0350f7e55942aefa,b3a259b8e12d3ab99cdc1ce91048cff6,6578,Zika virus,FALSE,NA,26,Symptoms,NA,NA,NA,NA,NA,NA,FALSE,Colombia,2018,NA,24,Nov,Belen De Los Andaquies,1,Jan,2015,11721,Unspecified,NA,NA,NA,2015-01-01,2018-11-24
5352a4268ede225c0350f7e55942aefa,bbd977c232512f0529e36ebbef1ad657,6578,Zika virus,FALSE,NA,21,Symptoms,NA,NA,NA,NA,NA,NA,FALSE,United States,2018,NA,24,Nov,Puerto Rico,1,Jan,2015,33623,Unspecified,NA,NA,NA,2015-01-01,2018-11-24
5352a4268ede225c0350f7e55942aefa,7504a6fc7bed202231c6b686391d61bd,6578,Zika virus,FALSE,NA,13,Symptoms,NA,NA,NA,NA,NA,NA,FALSE,Colombia,2018,NA,24,Nov,Solita,1,Jan,2015,9139,Unspecified,NA,NA,NA,2015-01-01,2018-11-24
5352a4268ede225c0350f7e55942aefa,a64692d3260e8d94978e500adcab1558,6578,Zika virus,FALSE,NA,12,Symptoms,NA,NA,NA,NA,NA,NA,FALSE,Colombia,2018,NA,24,Nov,Cartagena Del Chaira,1,Jan,2015,34953,Unspecified,NA,NA,NA,2015-01-01,2018-11-24
5352a4268ede225c0350f7e55942aefa,381e2a0484be7dcd325a58c9ee7cba91,6578,Zika virus,FALSE,NA,9,Symptoms,NA,NA,NA,NA,NA,NA,FALSE,Colombia,2018,NA,24,Nov,Morelia,1,Jan,2015,3892,Unspecified,NA,NA,NA,2015-01-01,2018-11-24
5352a4268ede225c0350f7e55942aefa,bc147b9d8898e1cf804875cdba81be11,6578,Zika virus,FALSE,NA,7,Symptoms,NA,NA,NA,NA,NA,NA,FALSE,Colombia,2018,NA,24,Nov,Milan,1,Jan,2015,11829,Unspecified,NA,NA,NA,2015-01-01,2018-11-24
5352a4268ede225c0350f7e55942aefa,338bbe1af60e48e3d805141a9343cb1a,6578,Zika virus,FALSE,NA,5,Symptoms,NA,NA,NA,NA,NA,NA,FALSE,Colombia,2018,NA,24,Nov,Albania,1,Jan,2015,6434,Unspecified,NA,NA,NA,2015-01-01,2018-11-24
5352a4268ede225c0350f7e55942aefa,c506acca72a0b71bfc2d70d1bbf9e506,6578,Zika virus,FALSE,NA,5,Symptoms,NA,NA,NA,NA,NA,NA,FALSE,Colombia,2018,NA,24,Nov,Valparaiso,1,Jan,2015,11772,Unspecified,NA,NA,NA,2015-01-01,2018-11-24
5352a4268ede225c0350f7e55942aefa,b6f242ad2e1c3d504669172e659febae,6578,Zika virus,FALSE,NA,4,Symptoms,NA,NA,NA,NA,NA,NA,FALSE,Colombia,2018,NA,24,Nov,Solano,1,Jan,2015,25074,Unspecified,NA,NA,NA,2015-01-01,2018-11-24
5352a4268ede225c0350f7e55942aefa,468fe50e47a5a28f39f4e655bf423698,6578,Zika virus,FALSE,NA,2,Symptoms,NA,NA,NA,NA,NA,NA,FALSE,Colombia,2018,NA,24,Nov,Curillo,1,Jan,2015,11829,Unspecified,NA,NA,NA,2015-01-01,2018-11-24
e7963f751531feda1b7b2060b51a00f3,375cfd840a24f0d0ba49f9f63718d46d,6585,Zika virus,FALSE,NA,36390,Unspecified,NA,39717,NA,NA,NA,NA,FALSE,United States,2016,NA,31,Dec,Puerto Rico,1,Nov,2015,NA,NA,NA,NA,NA,2015-11-01,2016-12-31
c1c4e0952b64ee07d5f5cdd2f759f2b5,e398341da7b90c4d805a4d62b58afcca,6619,Zika virus,FALSE,NA,NA,Unspecified,NA,39331,NA,NA,NA,NA,FALSE,Brazil,2016,NA,NA,NA,Rio De Janeiro,NA,NA,2015,NA,Unspecified,NA,NA,NA,2015-01-15,2016-01-15
91683a9d7494b51cc013a40bf7481fd8,393a2272a87446748cfade7c011cc32d,6717,Zika virus,FALSE,NA,6987,Unspecified,NA,NA,NA,NA,NA,NA,FALSE,Brazil,2018,NA,NA,Sep,Manaus,NA,Nov,2015,NA,Unspecified,NA,NA,NA,2015-11-15,2018-09-15
58a06f8906a19a123eeeeb256e564837,e23905a27cb005f293a41a3294426b60,6823,Zika virus,TRUE,NA,65726,Confirmed + Suspected,2336,NA,NA,NA,44133,21592,TRUE,NA,2016,8,2,Apr,Entire Country,9,Aug,2015,48203405,Disease-free baseline,0.671,0.329,Other,2015-08-09,2016-04-02
511b6f866d6e8777acc05ac17bfb3018,21ed4fc4638a24b5cbb2a527fb37825b,7289,Zika virus,FALSE,NA,214,Molecular (PCR etc),NA,2190,NA,NA,NA,NA,FALSE,Vietnam,2016,NA,NA,NA,Southern Vietnam,NA,NA,2016,NA,Unspecified,NA,NA,NA,2016-01-15,2016-01-15
c5e6c2b93317f3fee6a2bab05d1613b3,9fd47bfc25cdeb1b2213314118a19396,7760,Zika virus,FALSE,NA,NA,Unspecified,NA,5161,NA,NA,NA,NA,FALSE,Dominican Republic,2016,NA,NA,NA,NA,NA,NA,2015,NA,Disease-free baseline,NA,NA,NA,2015-01-15,2016-01-15
47d66ffebef4bd139988a92a7f7d0588,eb8f09764ff2dec4fcb3cb18a4fe2ec9,9777,Zika virus,FALSE,NA,1031,Molecular (PCR etc),NA,NA,NA,NA,NA,680,FALSE,United States,2018,NA,24,Jan,"St. Croix, St. John, St. Thomas",3,Jan,2016,NA,Disease-free baseline,0.66,NA,NA,2016-01-03,2018-01-24
47d66ffebef4bd139988a92a7f7d0588,aa4c2d579ff6df6e407ee53c08cffb7c,9777,Zika virus,FALSE,NA,257,Molecular (PCR etc),NA,NA,NA,NA,NA,NA,FALSE,United States,2018,NA,24,Jan,St. Croix,3,Jan,2016,NA,Disease-free baseline,NA,NA,NA,2016-01-03,2018-01-24
47d66ffebef4bd139988a92a7f7d0588,3be156bdf8f36b450fa1a32d94de199e,9777,Zika virus,FALSE,NA,89,Molecular (PCR etc),NA,NA,NA,NA,NA,NA,FALSE,United States,2018,NA,24,Jan,St. John,3,Jan,2016,NA,Disease-free baseline,NA,NA,NA,2016-01-03,2018-01-24
47d66ffebef4bd139988a92a7f7d0588,84047a8bb51b2c0e2d91a37c5fd74c0c,9777,Zika virus,FALSE,NA,685,Molecular (PCR etc),NA,NA,NA,NA,NA,NA,FALSE,United States,2018,NA,24,Jan,St. Thomas,3,Jan,2016,NA,Disease-free baseline,NA,NA,NA,2016-01-03,2018-01-24
75a42ee96ff1e00b9e856107ea4c1899,53b33466d0011ec5d212b127cd919e11,10495,Zika virus,FALSE,NA,78,Unspecified,NA,434,NA,NA,NA,NA,FALSE,Brazil,2017,NA,NA,Aug,"Salvador, Bahia",NA,May,2015,NA,NA,NA,NA,NA,2015-05-15,2017-08-15
32744905627fd74afdeb50bb0c0695c1,df176d8a60230971f92ae8929d9ec7f0,22561,Zika virus,FALSE,NA,148,Molecular (PCR etc),NA,467,NA,0,107,41,FALSE,Ecuador,2016,8,31,Aug,Portoviejo; Manabi,1,Jan,2016,NA,Unspecified,72.3,27.7,Confirmed,2016-01-01,2016-08-31
